Date,Price_per_oz_PKR,Price_per_gram_PKR
02/01/07,38940.0,1251.94
03/01/07,38661.0,1242.99
04/01/07,38149.0,1226.53
05/01/07,37534.0,1206.76
06/01/07,37311.0,1199.59
07/01/07,37311.0,1199.59
08/01/07,37088.0,1192.42
09/01/07,37372.0,1201.53
10/01/07,37248.0,1197.54
11/01/07,37340.0,1200.52
12/01/07,37719.0,1212.71
13/01/07,38018.0,1222.34
14/01/07,38018.0,1222.34
15/01/07,38318.0,1231.96
16/01/07,38195.0,1227.99
17/01/07,38200.0,1228.16
18/01/07,38517.0,1238.36
19/01/07,38431.0,1235.59
20/01/07,38570.0,1240.05
21/01/07,38570.0,1240.05
22/01/07,38709.0,1244.52
23/01/07,39051.0,1255.52
24/01/07,39186.0,1259.86
25/01/07,39511.0,1270.31
26/01/07,39175.0,1259.51
27/01/07,39139.0,1258.36
28/01/07,39139.0,1258.36
29/01/07,39103.0,1257.21
30/01/07,39066.0,1256.0
31/01/07,39330.0,1264.48
01/02/07,39942.0,1284.16
02/02/07,39682.0,1275.79
03/02/07,39546.0,1271.42
04/02/07,39546.0,1271.42
05/02/07,39410.0,1267.05
06/02/07,39792.0,1279.34
07/02/07,39769.0,1278.6
08/02/07,39901.0,1282.86
09/02/07,40321.0,1296.35
10/02/07,40354.0,1297.4
11/02/07,40354.0,1297.4
12/02/07,40386.0,1298.45
13/02/07,40377.0,1298.15
14/02/07,40610.0,1305.64
15/02/07,40634.0,1306.41
16/02/07,40528.0,1303.0
17/02/07,40696.0,1308.38
18/02/07,40696.0,1308.38
19/02/07,40863.0,1313.76
20/02/07,40486.0,1301.66
21/02/07,40422.0,1299.59
22/02/07,41156.0,1323.21
23/02/07,41456.0,1332.83
24/02/07,41544.0,1335.67
25/02/07,41544.0,1335.67
26/02/07,41633.0,1338.52
27/02/07,41212.0,1325.0
28/02/07,40832.0,1312.79
01/03/07,40838.0,1312.96
02/03/07,39806.0,1279.8
03/03/07,39300.0,1263.54
04/03/07,39300.0,1263.54
05/03/07,38795.0,1247.28
06/03/07,39070.0,1256.14
07/03/07,39458.0,1268.6
08/03/07,39589.0,1272.81
09/03/07,39727.0,1277.26
10/03/07,39676.0,1275.62
11/03/07,39676.0,1275.62
12/03/07,39625.0,1273.98
13/03/07,39398.0,1266.69
14/03/07,38950.0,1252.27
15/03/07,39377.0,1265.99
16/03/07,39545.0,1271.39
17/03/07,39636.0,1274.34
18/03/07,39636.0,1274.34
19/03/07,39728.0,1277.29
20/03/07,39838.0,1280.81
21/03/07,40006.0,1286.21
22/03/07,40315.0,1296.16
23/03/07,40079.0,1288.58
24/03/07,40123.0,1289.99
25/03/07,40123.0,1289.99
26/03/07,40167.0,1291.4
27/03/07,40308.0,1295.95
28/03/07,40402.0,1298.95
29/03/07,40320.0,1296.3
30/03/07,40449.0,1300.47
31/03/07,40385.0,1298.41
01/04/07,40385.0,1298.41
02/04/07,40321.0,1296.36
03/04/07,40349.0,1297.26
04/04/07,40855.0,1313.51
05/04/07,40917.0,1315.53
06/04/07,40899.0,1314.94
07/04/07,40899.0,1314.94
08/04/07,40899.0,1314.94
09/04/07,40881.0,1314.35
10/04/07,41343.0,1329.21
11/04/07,41187.0,1324.2
12/04/07,41156.0,1323.19
13/04/07,41483.0,1333.7
14/04/07,41544.0,1335.65
15/04/07,41544.0,1335.65
16/04/07,41604.0,1337.6
17/04/07,41941.0,1348.44
18/04/07,41778.0,1343.19
19/04/07,41648.0,1339.01
20/04/07,41954.0,1348.86
21/04/07,41889.0,1346.76
22/04/07,41889.0,1346.76
23/04/07,41824.0,1344.67
24/04/07,41651.0,1339.12
25/04/07,41531.0,1335.26
26/04/07,40970.0,1317.2
27/04/07,41433.0,1332.1
28/04/07,41318.0,1328.41
29/04/07,41318.0,1328.41
30/04/07,41204.0,1324.73
01/05/07,40916.0,1315.47
02/05/07,40791.0,1311.46
03/05/07,41381.0,1330.42
04/05/07,41774.0,1343.07
05/05/07,41751.0,1342.33
06/05/07,41751.0,1342.33
07/05/07,41728.0,1341.59
08/05/07,41666.0,1339.58
09/05/07,41229.0,1325.56
10/05/07,40352.0,1297.34
11/05/07,40654.0,1307.05
12/05/07,40597.0,1305.22
13/05/07,40597.0,1305.22
14/05/07,40540.0,1303.39
15/05/07,40385.0,1298.41
16/05/07,40230.0,1293.43
17/05/07,39968.0,1284.99
18/05/07,40231.0,1293.47
19/05/07,40142.0,1290.58
20/05/07,40142.0,1290.58
21/05/07,40142.0,1290.58
22/05/07,40052.0,1287.69
23/05/07,40183.0,1291.92
24/05/07,39707.0,1276.6
25/05/07,39841.0,1280.93
26/05/07,39818.0,1280.18
27/05/07,39818.0,1280.18
28/05/07,39795.0,1279.44
29/05/07,39881.0,1282.19
30/05/07,39729.0,1277.32
31/05/07,40196.0,1292.32
01/06/07,40779.0,1311.08
02/06/07,40826.0,1312.61
03/06/07,40826.0,1312.61
04/06/07,40874.0,1314.14
05/06/07,40638.0,1306.55
06/06/07,40704.0,1308.67
07/06/07,40077.0,1288.51
08/06/07,39343.0,1264.9
09/06/07,39498.0,1269.88
10/06/07,39498.0,1269.88
11/06/07,39652.0,1274.85
12/06/07,39390.0,1266.41
13/06/07,39501.0,1269.99
14/06/07,39776.0,1278.83
15/06/07,39766.0,1278.5
16/06/07,39769.0,1278.6
17/06/07,39769.0,1278.6
18/06/07,39772.0,1278.7
19/06/07,40084.0,1288.73
20/06/07,39663.0,1275.21
21/06/07,39756.0,1278.18
22/06/07,39715.0,1276.86
23/06/07,39587.0,1272.74
24/06/07,39587.0,1272.74
25/06/07,39459.0,1268.63
26/06/07,38789.0,1247.08
27/06/07,38928.0,1251.56
28/06/07,39290.0,1263.19
29/06/07,39274.0,1262.7
30/06/07,39360.0,1265.47
01/07/07,39360.0,1265.47
02/07/07,39360.0,1265.47
03/07/07,39447.0,1268.24
04/07/07,39503.0,1270.06
05/07/07,39188.0,1259.92
06/07/07,39596.0,1273.03
07/07/07,39740.0,1277.66
08/07/07,39740.0,1277.66
09/07/07,39884.0,1282.29
10/07/07,40135.0,1290.37
11/07/07,39947.0,1284.33
12/07/07,40301.0,1295.72
13/07/07,40365.0,1297.78
14/07/07,40304.0,1295.82
15/07/07,40304.0,1295.82
16/07/07,40244.0,1293.87
17/07/07,40213.0,1292.89
18/07/07,40750.0,1310.13
19/07/07,40960.0,1316.9
20/07/07,41331.0,1328.81
21/07/07,41290.0,1327.52
22/07/07,41290.0,1327.52
23/07/07,41250.0,1326.23
24/07/07,41249.0,1326.19
25/07/07,40894.0,1314.78
26/07/07,40150.0,1290.86
27/07/07,40024.0,1286.81
28/07/07,40122.0,1289.96
29/07/07,40122.0,1289.96
30/07/07,40221.0,1293.12
31/07/07,40130.0,1290.22
01/08/07,39945.0,1284.27
02/08/07,40204.0,1292.58
03/08/07,40668.0,1307.52
04/08/07,40656.0,1307.14
05/08/07,40656.0,1307.14
06/08/07,40656.0,1307.14
07/08/07,40645.0,1306.76
08/08/07,40819.0,1312.36
09/08/07,40096.0,1289.12
10/08/07,40646.0,1306.79
11/08/07,40557.0,1303.93
12/08/07,40557.0,1303.93
13/08/07,40468.0,1301.07
14/08/07,40509.0,1302.4
15/08/07,40275.0,1294.87
16/08/07,39480.0,1269.32
17/08/07,39862.0,1281.58
18/08/07,39852.0,1281.28
19/08/07,39852.0,1281.28
20/08/07,39843.0,1280.98
21/08/07,39826.0,1280.45
22/08/07,40029.0,1286.95
23/08/07,39974.0,1285.2
24/08/07,40541.0,1303.42
25/08/07,40544.0,1303.53
26/08/07,40544.0,1303.53
27/08/07,40547.0,1303.63
28/08/07,40288.0,1295.3
29/08/07,40559.0,1304.01
30/08/07,40365.0,1297.77
31/08/07,40860.0,1313.67
01/09/07,41140.0,1322.66
02/09/07,41140.0,1322.66
03/09/07,41140.0,1322.66
04/09/07,41419.0,1331.66
05/09/07,41461.0,1333.01
06/09/07,42213.0,1357.17
07/09/07,42426.0,1364.03
08/09/07,42518.0,1367.0
09/09/07,42518.0,1367.0
10/09/07,42611.0,1369.97
11/09/07,43140.0,1386.99
12/09/07,43126.0,1386.52
13/09/07,42884.0,1378.74
14/09/07,42863.0,1378.09
15/09/07,43154.0,1387.44
16/09/07,43154.0,1387.44
17/09/07,43445.0,1396.8
18/09/07,44017.0,1415.17
19/09/07,43769.0,1407.21
20/09/07,44507.0,1430.95
21/09/07,44382.0,1426.91
22/09/07,44344.0,1425.69
23/09/07,44344.0,1425.69
24/09/07,44306.0,1424.47
25/09/07,44348.0,1425.81
26/09/07,44140.0,1419.12
27/09/07,44569.0,1432.93
28/09/07,45177.0,1452.46
29/09/07,45270.0,1455.47
30/09/07,45270.0,1455.47
01/10/07,45364.0,1458.48
02/10/07,44416.0,1428.01
03/10/07,44184.0,1420.56
04/10/07,44723.0,1437.88
05/10/07,45123.0,1450.74
06/10/07,44939.0,1444.83
07/10/07,44939.0,1444.83
08/10/07,44939.0,1444.83
09/10/07,44755.0,1438.91
10/10/07,44995.0,1446.62
11/10/07,45389.0,1459.3
12/10/07,45468.0,1461.82
13/10/07,45757.0,1471.12
14/10/07,45757.0,1471.12
15/10/07,46046.0,1480.41
16/10/07,46195.0,1485.21
17/10/07,45933.0,1476.79
18/10/07,46625.0,1499.03
19/10/07,46413.0,1492.21
20/10/07,46094.0,1481.95
21/10/07,46094.0,1481.95
22/10/07,45775.0,1471.69
23/10/07,45991.0,1478.64
24/10/07,46419.0,1492.41
25/10/07,46684.0,1500.92
26/10/07,47694.0,1533.4
27/10/07,47862.0,1538.82
28/10/07,47862.0,1538.82
29/10/07,48031.0,1544.24
30/10/07,47338.0,1521.95
31/10/07,48397.0,1556.0
01/11/07,47894.0,1539.83
02/11/07,49089.0,1578.23
03/11/07,49138.0,1579.81
04/11/07,49138.0,1579.81
05/11/07,49187.0,1581.39
06/11/07,50220.0,1614.62
07/11/07,50268.0,1616.14
08/11/07,50957.0,1638.32
09/11/07,50730.0,1631.0
10/11/07,49891.0,1604.03
11/11/07,49891.0,1604.03
12/11/07,49891.0,1604.03
13/11/07,49052.0,1577.06
14/11/07,49680.0,1597.25
15/11/07,48168.0,1548.65
16/11/07,48079.0,1545.77
17/11/07,47905.0,1540.17
18/11/07,47905.0,1540.17
19/11/07,47731.0,1534.57
20/11/07,49138.0,1579.83
21/11/07,48819.0,1569.56
22/11/07,49018.0,1575.98
23/11/07,50338.0,1618.41
24/11/07,50388.0,1620.04
25/11/07,50388.0,1620.04
26/11/07,50439.0,1621.66
27/11/07,49989.0,1607.19
28/11/07,49174.0,1580.99
29/11/07,48612.0,1562.93
30/11/07,48038.0,1544.47
01/12/07,48278.0,1552.2
02/12/07,48278.0,1552.2
03/12/07,48519.0,1559.93
04/12/07,49113.0,1579.02
05/12/07,48695.0,1565.6
06/12/07,49150.0,1580.2
07/12/07,48654.0,1564.26
08/12/07,49048.0,1576.91
09/12/07,49048.0,1576.91
10/12/07,49441.0,1589.56
11/12/07,49025.0,1576.19
12/12/07,49756.0,1599.7
13/12/07,49031.0,1576.4
14/12/07,48601.0,1562.57
15/12/07,48542.0,1560.68
16/12/07,48542.0,1560.68
17/12/07,48484.0,1558.79
18/12/07,49108.0,1578.86
19/12/07,49193.0,1581.58
20/12/07,48878.0,1571.47
21/12/07,49755.0,1599.66
22/12/07,49730.0,1598.86
23/12/07,49730.0,1598.86
24/12/07,49705.0,1598.06
25/12/07,50116.0,1611.28
26/12/07,50528.0,1624.5
27/12/07,50623.0,1627.56
28/12/07,51546.0,1657.23
29/12/07,51617.0,1659.53
30/12/07,51617.0,1659.53
31/12/07,51688.0,1661.82
01/01/08,52358.0,1683.38
02/01/08,53029.0,1704.94
03/01/08,53592.0,1723.01
04/01/08,53406.0,1717.04
05/01/08,53414.0,1717.29
06/01/08,53414.0,1717.29
07/01/08,53421.0,1717.54
08/01/08,54819.0,1762.46
09/01/08,54629.0,1756.38
10/01/08,55657.0,1789.43
11/01/08,55654.0,1789.32
12/01/08,55940.0,1798.51
13/01/08,55940.0,1798.51
14/01/08,56225.0,1807.69
15/01/08,55423.0,1781.88
16/01/08,54911.0,1765.42
17/01/08,55075.0,1770.71
18/01/08,55252.0,1776.39
19/01/08,54470.0,1751.26
20/01/08,54470.0,1751.26
21/01/08,53688.0,1726.12
22/01/08,55585.0,1787.09
23/01/08,55797.0,1793.91
24/01/08,57109.0,1836.11
25/01/08,57082.0,1835.24
26/01/08,57601.0,1851.92
27/01/08,57601.0,1851.92
28/01/08,58120.0,1868.6
29/01/08,57817.0,1858.87
30/01/08,58017.0,1865.3
31/01/08,57923.0,1862.26
01/02/08,56594.0,1819.53
02/02/08,56745.0,1824.38
03/02/08,56745.0,1824.38
04/02/08,56896.0,1829.24
05/02/08,55747.0,1792.31
06/02/08,56500.0,1816.51
07/02/08,57191.0,1838.73
08/02/08,57885.0,1861.03
09/02/08,57955.0,1863.29
10/02/08,57955.0,1863.29
11/02/08,58025.0,1865.55
12/02/08,57112.0,1836.19
13/02/08,57137.0,1836.98
14/02/08,57242.0,1840.36
15/02/08,56900.0,1829.37
16/02/08,57023.0,1833.32
17/02/08,57023.0,1833.32
18/02/08,57146.0,1837.28
19/02/08,58499.0,1880.8
20/02/08,59285.0,1906.06
21/02/08,59456.0,1911.56
22/02/08,59500.0,1912.98
23/02/08,59288.0,1906.18
24/02/08,59288.0,1906.18
25/02/08,59077.0,1899.38
26/02/08,59488.0,1912.6
27/02/08,59882.0,1925.27
28/02/08,60597.0,1948.23
29/02/08,60833.0,1955.81
01/03/08,61246.0,1969.09
02/03/08,61246.0,1969.09
03/03/08,61659.0,1982.37
04/03/08,60450.0,1943.51
05/03/08,62100.0,1996.56
06/03/08,61113.0,1964.81
07/03/08,60813.0,1955.17
08/03/08,60973.0,1960.32
09/03/08,60973.0,1960.32
10/03/08,61133.0,1965.46
11/03/08,60871.0,1957.06
12/03/08,61839.0,1988.18
13/03/08,62388.0,2005.81
14/03/08,62978.0,2024.8
15/03/08,63052.0,2027.16
16/03/08,63052.0,2027.16
17/03/08,63125.0,2029.52
18/03/08,61858.0,1988.78
19/03/08,59296.0,1906.41
20/03/08,57217.0,1839.57
21/03/08,57010.0,1832.9
22/03/08,57010.0,1832.9
23/03/08,57010.0,1832.9
24/03/08,56802.0,1826.23
25/03/08,58808.0,1890.71
26/03/08,60095.0,1932.11
27/03/08,59823.0,1923.36
28/03/08,58569.0,1883.03
29/03/08,58048.0,1866.3
30/03/08,58048.0,1866.3
31/03/08,57528.0,1849.57
01/04/08,55476.0,1783.61
02/04/08,56743.0,1824.33
03/04/08,56855.0,1827.92
04/04/08,57437.0,1846.66
05/04/08,57676.0,1854.35
06/04/08,57676.0,1854.35
07/04/08,57916.0,1862.04
08/04/08,57748.0,1856.63
09/04/08,58994.0,1896.71
10/04/08,58658.0,1885.91
11/04/08,58479.0,1880.14
12/04/08,58575.0,1883.24
13/04/08,58575.0,1883.24
14/04/08,58671.0,1886.33
15/04/08,59077.0,1899.36
16/04/08,60037.0,1930.25
17/04/08,59989.0,1928.68
18/04/08,58576.0,1883.27
19/04/08,58636.0,1885.18
20/04/08,58636.0,1885.18
21/04/08,58695.0,1887.1
22/04/08,58746.0,1888.72
23/04/08,58178.0,1870.47
24/04/08,57362.0,1844.24
25/04/08,57325.0,1843.04
26/04/08,57420.0,1846.08
27/04/08,57420.0,1846.08
28/04/08,57514.0,1849.12
29/04/08,56340.0,1811.38
30/04/08,56594.0,1819.55
01/05/08,55145.0,1772.94
02/05/08,55618.0,1788.16
03/05/08,56565.0,1818.62
04/05/08,56565.0,1818.62
05/05/08,57512.0,1849.07
06/05/08,56928.0,1830.29
07/05/08,57949.0,1863.1
08/05/08,59331.0,1907.54
09/05/08,60722.0,1952.25
10/05/08,60551.0,1946.76
11/05/08,60551.0,1946.76
12/05/08,60380.0,1941.27
13/05/08,59371.0,1908.81
14/05/08,59600.0,1916.18
15/05/08,61026.0,1962.02
16/05/08,62096.0,1996.44
17/05/08,62564.0,2011.49
18/05/08,62564.0,2011.49
19/05/08,63032.0,2026.54
20/05/08,64300.0,2067.29
21/05/08,64902.0,2086.64
22/05/08,63811.0,2051.57
23/05/08,64440.0,2071.8
24/05/08,63834.0,2052.34
25/05/08,63834.0,2052.34
26/05/08,63229.0,2032.88
27/05/08,61834.0,1987.99
28/05/08,61442.0,1975.42
29/05/08,59299.0,1906.5
30/05/08,59369.0,1908.76
31/05/08,59557.0,1914.8
01/06/08,59557.0,1914.8
02/06/08,59745.0,1920.85
03/06/08,59325.0,1907.35
04/06/08,59341.0,1907.86
05/06/08,59253.0,1905.03
06/06/08,60900.0,1957.97
07/06/08,60689.0,1951.18
08/06/08,60689.0,1951.18
09/06/08,60478.0,1944.4
10/06/08,58846.0,1891.95
11/06/08,59430.0,1910.73
12/06/08,58241.0,1872.49
13/06/08,58126.0,1868.81
14/06/08,58635.0,1885.16
15/06/08,58635.0,1885.16
16/06/08,59144.0,1901.51
17/06/08,59063.0,1898.93
18/06/08,60025.0,1929.85
19/06/08,60633.0,1949.41
20/06/08,60785.0,1954.27
21/06/08,60202.0,1935.53
22/06/08,60202.0,1935.53
23/06/08,59619.0,1916.78
24/06/08,60263.0,1937.5
25/06/08,60118.0,1932.83
26/06/08,62168.0,1998.73
27/06/08,63140.0,2030.0
28/06/08,63274.0,2034.32
29/06/08,63274.0,2034.32
30/06/08,63409.0,2038.64
01/07/08,64343.0,2068.68
02/07/08,64575.0,2076.13
03/07/08,65246.0,2097.72
04/07/08,64986.0,2089.34
05/07/08,65336.0,2100.61
06/07/08,65336.0,2100.61
07/07/08,65686.0,2111.87
08/07/08,66908.0,2151.13
09/07/08,66402.0,2134.88
10/07/08,67425.0,2167.75
11/07/08,67519.0,2170.8
12/07/08,67602.0,2173.45
13/07/08,67602.0,2173.45
14/07/08,67684.0,2176.1
15/07/08,68778.0,2211.27
16/07/08,68645.0,2206.98
17/07/08,69221.0,2225.5
18/07/08,67922.0,2183.74
19/07/08,67594.0,2173.18
20/07/08,67594.0,2173.18
21/07/08,67594.0,2173.18
22/07/08,67265.0,2162.63
23/07/08,65405.0,2102.83
24/07/08,65873.0,2117.85
25/07/08,65934.0,2119.84
26/07/08,66164.0,2127.24
27/07/08,66164.0,2127.24
28/07/08,66395.0,2134.64
29/07/08,65719.0,2112.91
30/07/08,65006.0,2090.01
31/07/08,65399.0,2102.64
01/08/08,65132.0,2094.03
02/08/08,64786.0,2082.93
03/08/08,64786.0,2082.93
04/08/08,64441.0,2071.82
05/08/08,63252.0,2033.59
06/08/08,63852.0,2052.9
07/08/08,63366.0,2037.27
08/08/08,62154.0,1998.29
09/08/08,61388.0,1973.68
10/08/08,61388.0,1973.68
11/08/08,60623.0,1949.07
12/08/08,60158.0,1934.13
13/08/08,62068.0,1995.53
14/08/08,60395.0,1941.76
15/08/08,60104.0,1932.4
16/08/08,60066.0,1931.18
17/08/08,60066.0,1931.18
18/08/08,60029.0,1929.96
19/08/08,60726.0,1952.4
20/08/08,60950.0,1959.57
21/08/08,63590.0,2044.46
22/08/08,62997.0,2025.39
23/08/08,63044.0,2026.9
24/08/08,63044.0,2026.9
25/08/08,63091.0,2028.41
26/08/08,63052.0,2027.18
27/08/08,63085.0,2028.22
28/08/08,63393.0,2038.14
29/08/08,63307.0,2035.37
30/08/08,63062.0,2027.51
31/08/08,63062.0,2027.51
01/09/08,62818.0,2019.65
02/09/08,61823.0,1987.66
03/09/08,61155.0,1966.17
04/09/08,60791.0,1954.46
05/09/08,61186.0,1967.17
06/09/08,61272.0,1969.96
07/09/08,61272.0,1969.96
08/09/08,61359.0,1972.75
09/09/08,59764.0,1921.46
10/09/08,57660.0,1853.82
11/09/08,57181.0,1838.41
12/09/08,58357.0,1876.23
13/09/08,59120.0,1900.74
14/09/08,59120.0,1900.74
15/09/08,59882.0,1925.24
16/09/08,59651.0,1917.81
17/09/08,67067.0,2156.25
18/09/08,66316.0,2132.12
19/09/08,67567.0,2172.35
20/09/08,69008.0,2218.68
21/09/08,69008.0,2218.68
22/09/08,70450.0,2265.01
23/09/08,69127.0,2222.48
24/09/08,68628.0,2206.44
25/09/08,68834.0,2213.08
26/09/08,68730.0,2209.72
27/09/08,69908.0,2247.59
28/09/08,69908.0,2247.59
29/09/08,71086.0,2285.47
30/09/08,68133.0,2190.53
01/10/08,68180.0,2192.03
02/10/08,65272.0,2098.55
03/10/08,65338.0,2100.68
04/10/08,66406.0,2134.99
05/10/08,66406.0,2134.99
06/10/08,67473.0,2169.3
07/10/08,69668.0,2239.88
08/10/08,72040.0,2316.13
09/10/08,72500.0,2330.92
10/10/08,67339.0,2165.01
11/10/08,67325.0,2164.55
12/10/08,67325.0,2164.55
13/10/08,67311.0,2164.09
14/10/08,67118.0,2157.89
15/10/08,68347.0,2197.41
16/10/08,65635.0,2110.21
17/10/08,65765.0,2114.39
18/10/08,65288.0,2099.04
19/10/08,65288.0,2099.04
20/10/08,64810.0,2083.69
21/10/08,63157.0,2030.55
22/10/08,59116.0,1900.62
23/10/08,59139.0,1901.36
24/10/08,59923.0,1926.57
25/10/08,59616.0,1916.69
26/10/08,59616.0,1916.69
27/10/08,59308.0,1906.81
28/10/08,61365.0,1972.94
29/10/08,61784.0,1986.41
30/10/08,60439.0,1943.15
31/10/08,58841.0,1891.78
01/11/08,58882.0,1893.09
02/11/08,58882.0,1893.09
03/11/08,58923.0,1894.4
04/11/08,62355.0,2004.77
05/11/08,60299.0,1938.66
06/11/08,59365.0,1908.63
07/11/08,59881.0,1925.23
08/11/08,60187.0,1935.07
09/11/08,60187.0,1935.07
10/11/08,60493.0,1944.91
11/11/08,58976.0,1896.11
12/11/08,57411.0,1845.82
13/11/08,59078.0,1899.42
14/11/08,59598.0,1916.11
15/11/08,59178.0,1902.61
16/11/08,59178.0,1902.61
17/11/08,58758.0,1889.1
18/11/08,58578.0,1883.31
19/11/08,58523.0,1881.55
20/11/08,59094.0,1899.91
21/11/08,63555.0,2043.34
22/11/08,63993.0,2057.42
23/11/08,63993.0,2057.42
24/11/08,64431.0,2071.5
25/11/08,64434.0,2071.6
26/11/08,64024.0,2058.43
27/11/08,64332.0,2068.33
28/11/08,64605.0,2077.09
29/11/08,62688.0,2015.46
30/11/08,62688.0,2015.46
01/12/08,60771.0,1953.83
02/12/08,61069.0,1963.42
03/12/08,61036.0,1962.34
04/12/08,60486.0,1944.68
05/12/08,59490.0,1912.65
06/12/08,60179.0,1934.8
07/12/08,60179.0,1934.8
08/12/08,60868.0,1956.94
09/12/08,61010.0,1961.52
10/12/08,63330.0,2036.1
11/12/08,64596.0,2076.82
12/12/08,64772.0,2082.46
13/12/08,65837.0,2116.7
14/12/08,65837.0,2116.7
15/12/08,66902.0,2150.94
16/12/08,69429.0,2232.21
17/12/08,68507.0,2202.56
18/12/08,67621.0,2174.07
19/12/08,66393.0,2134.6
20/12/08,66606.0,2141.44
21/12/08,66606.0,2141.44
22/12/08,66819.0,2148.29
23/12/08,66061.0,2123.93
24/12/08,66703.0,2144.56
25/12/08,67584.0,2172.89
26/12/08,68465.0,2201.21
27/12/08,68940.0,2216.47
28/12/08,68940.0,2216.47
29/12/08,69415.0,2231.74
30/12/08,68954.0,2216.93
31/12/08,69485.0,2234.01
01/01/09,69231.0,2225.84
02/01/09,68977.0,2217.66
03/01/09,68240.0,2193.98
04/01/09,68240.0,2193.98
05/01/09,67504.0,2170.3
06/01/09,67888.0,2182.64
07/01/09,65632.0,2110.1
08/01/09,65179.0,2095.54
09/01/09,67520.0,2170.83
10/01/09,66256.0,2130.2
11/01/09,66256.0,2130.2
12/01/09,64993.0,2089.57
13/01/09,64735.0,2081.29
14/01/09,64350.0,2068.92
15/01/09,64761.0,2082.13
16/01/09,66776.0,2146.89
17/01/09,66521.0,2138.69
18/01/09,66521.0,2138.69
19/01/09,66266.0,2130.5
20/01/09,68251.0,2194.32
21/01/09,67774.0,2179.0
22/01/09,68279.0,2195.21
23/01/09,71062.0,2284.71
24/01/09,71320.0,2293.0
25/01/09,71320.0,2293.0
26/01/09,71578.0,2301.29
27/01/09,71069.0,2284.91
28/01/09,69896.0,2247.21
29/01/09,71105.0,2286.07
30/01/09,73397.0,2359.78
31/01/09,72386.0,2327.3
01/02/09,72386.0,2327.3
02/02/09,71376.0,2294.81
03/02/09,71042.0,2284.07
04/02/09,71619.0,2302.6
05/02/09,71303.0,2292.43
06/02/09,72148.0,2319.6
07/02/09,71470.0,2297.82
08/02/09,71470.0,2297.82
09/02/09,70793.0,2276.04
10/02/09,72727.0,2338.24
11/02/09,74200.0,2385.58
12/02/09,74851.0,2406.52
13/02/09,75073.0,2413.64
14/02/09,75102.0,2414.59
15/02/09,75102.0,2414.59
16/02/09,75131.0,2415.53
17/02/09,77304.0,2485.38
18/02/09,78551.0,2525.48
19/02/09,77866.0,2503.46
20/02/09,79599.0,2559.15
21/02/09,79212.0,2546.69
22/02/09,79212.0,2546.69
23/02/09,78824.0,2534.24
24/02/09,76842.0,2470.52
25/02/09,76122.0,2447.38
26/02/09,75375.0,2423.37
27/02/09,75022.0,2412.0
28/02/09,74428.0,2392.91
01/03/09,74428.0,2392.91
02/03/09,73834.0,2373.82
03/03/09,73220.0,2354.07
04/03/09,72764.0,2339.41
05/03/09,74482.0,2394.64
06/03/09,75593.0,2430.38
07/03/09,74878.0,2407.39
08/03/09,74878.0,2407.39
09/03/09,74163.0,2384.39
10/03/09,71353.0,2294.05
11/03/09,73076.0,2349.45
12/03/09,74302.0,2388.87
13/03/09,74425.0,2392.83
14/03/09,74327.0,2389.66
15/03/09,74327.0,2389.66
16/03/09,74229.0,2386.5
17/03/09,73351.0,2358.29
18/03/09,75515.0,2427.88
19/03/09,76842.0,2470.54
20/03/09,76428.0,2457.22
21/03/09,75895.0,2440.09
22/03/09,75895.0,2440.09
23/03/09,75362.0,2422.95
24/03/09,74808.0,2405.13
25/03/09,74931.0,2409.1
26/03/09,75238.0,2418.94
27/03/09,74332.0,2389.83
28/03/09,73906.0,2376.15
29/03/09,73906.0,2376.15
30/03/09,73481.0,2362.47
31/03/09,73831.0,2373.73
01/04/09,74555.0,2397.01
02/04/09,73045.0,2348.44
03/04/09,71931.0,2312.63
04/04/09,71008.0,2282.94
05/04/09,71008.0,2282.94
06/04/09,70084.0,2253.25
07/04/09,70617.0,2270.39
08/04/09,70842.0,2277.63
09/04/09,70625.0,2270.63
10/04/09,71458.0,2297.43
11/04/09,71458.0,2297.43
12/04/09,71458.0,2297.43
13/04/09,72291.0,2324.23
14/04/09,71464.0,2297.62
15/04/09,71753.0,2306.93
16/04/09,70621.0,2270.52
17/04/09,69930.0,2248.3
18/04/09,70506.0,2266.8
19/04/09,70506.0,2266.8
20/04/09,71081.0,2285.3
21/04/09,71222.0,2289.83
22/04/09,71724.0,2305.99
23/04/09,72998.0,2346.94
24/04/09,73512.0,2363.47
25/04/09,73260.0,2355.38
26/04/09,73260.0,2355.38
27/04/09,73009.0,2347.29
28/04/09,71829.0,2309.35
29/04/09,72241.0,2322.62
30/04/09,71134.0,2287.03
01/05/09,71128.0,2286.81
02/05/09,71800.0,2308.44
03/05/09,71800.0,2308.44
04/05/09,72473.0,2330.07
05/05/09,72127.0,2318.95
06/05/09,73446.0,2361.33
07/05/09,73353.0,2358.36
08/05/09,73958.0,2377.8
09/05/09,73777.0,2371.99
10/05/09,73777.0,2371.99
11/05/09,73596.0,2366.18
12/05/09,74416.0,2392.54
13/05/09,74925.0,2408.89
14/05/09,74716.0,2402.18
15/05/09,75370.0,2423.21
16/05/09,74978.0,2410.61
17/05/09,74978.0,2410.61
18/05/09,74586.0,2398.01
19/05/09,74908.0,2408.35
20/05/09,75949.0,2441.81
21/05/09,77014.0,2476.06
22/05/09,76704.0,2466.09
23/05/09,76714.0,2466.4
24/05/09,76714.0,2466.4
25/05/09,76724.0,2466.72
26/05/09,76537.0,2460.73
27/05/09,76292.0,2452.84
28/05/09,77872.0,2503.64
29/05/09,79439.0,2554.02
30/05/09,79224.0,2547.14
31/05/09,79224.0,2547.14
01/06/09,79010.0,2540.25
02/06/09,79735.0,2563.53
03/06/09,77853.0,2503.03
04/06/09,79263.0,2548.36
05/06/09,77063.0,2477.63
06/06/09,77036.0,2476.78
07/06/09,77036.0,2476.78
08/06/09,77010.0,2475.94
09/06/09,77329.0,2486.2
10/06/09,77222.0,2482.75
11/06/09,77246.0,2483.52
12/06/09,75840.0,2438.33
13/06/09,75445.0,2425.62
14/06/09,75445.0,2425.62
15/06/09,75050.0,2412.92
16/06/09,75883.0,2439.69
17/06/09,76277.0,2452.35
18/06/09,75830.0,2437.99
19/06/09,75384.0,2423.64
20/06/09,74984.0,2410.8
21/06/09,74984.0,2410.8
22/06/09,74585.0,2397.97
23/06/09,75004.0,2411.44
24/06/09,75972.0,2442.57
25/06/09,76059.0,2445.35
26/06/09,76246.0,2451.37
27/06/09,76214.0,2450.36
28/06/09,76214.0,2450.36
29/06/09,76183.0,2449.34
30/06/09,75312.0,2421.33
01/07/09,75523.0,2428.12
02/07/09,75268.0,2419.91
03/07/09,75268.0,2419.91
04/07/09,75268.0,2419.91
05/07/09,75268.0,2419.91
06/07/09,75012.0,2411.71
07/07/09,75157.0,2416.35
08/07/09,74115.0,2382.86
09/07/09,73869.0,2374.96
10/07/09,74514.0,2395.69
11/07/09,74917.0,2408.64
12/07/09,74917.0,2408.64
13/07/09,75320.0,2421.6
14/07/09,76328.0,2454.01
15/07/09,76534.0,2460.63
16/07/09,76475.0,2458.73
17/07/09,76811.0,2469.52
18/07/09,77420.0,2489.09
19/07/09,77420.0,2489.09
20/07/09,78028.0,2508.65
21/07/09,77773.0,2500.47
22/07/09,78034.0,2508.84
23/07/09,78184.0,2513.66
24/07/09,78269.0,2516.41
25/07/09,78578.0,2526.34
26/07/09,78578.0,2526.34
27/07/09,78887.0,2536.27
28/07/09,77767.0,2500.26
29/07/09,77613.0,2495.32
30/07/09,77341.0,2486.56
31/07/09,79057.0,2541.74
01/08/09,79160.0,2545.07
02/08/09,79160.0,2545.07
03/08/09,79264.0,2548.4
04/08/09,80361.0,2583.68
05/08/09,80086.0,2574.81
06/08/09,79925.0,2569.66
07/08/09,78546.0,2525.3
08/08/09,78360.0,2519.32
09/08/09,78360.0,2519.32
10/08/09,78174.0,2513.34
11/08/09,78464.0,2522.69
12/08/09,78486.0,2523.4
13/08/09,78862.0,2535.48
14/08/09,77735.0,2499.25
15/08/09,77417.0,2489.02
16/08/09,77417.0,2489.02
17/08/09,77099.0,2478.78
18/08/09,77195.0,2481.89
19/08/09,77769.0,2500.34
20/08/09,77583.0,2494.35
21/08/09,78665.0,2529.12
22/08/09,78248.0,2515.72
23/08/09,78248.0,2515.72
24/08/09,77831.0,2502.31
25/08/09,78091.0,2510.69
26/08/09,77942.0,2505.9
27/08/09,77553.0,2493.4
28/08/09,79531.0,2556.99
29/08/09,79217.0,2546.89
30/08/09,79217.0,2546.89
31/08/09,78903.0,2536.79
01/09/09,79222.0,2547.06
02/09/09,80771.0,2596.86
03/09/09,82341.0,2647.31
04/09/09,82224.0,2643.57
05/09/09,82372.0,2648.34
06/09/09,82372.0,2648.34
07/09/09,82521.0,2653.11
08/09/09,82651.0,2657.28
09/09/09,82051.0,2638.01
10/09/09,82256.0,2644.59
11/09/09,83120.0,2672.37
12/09/09,82781.0,2661.47
13/09/09,82781.0,2661.47
14/09/09,82442.0,2650.56
15/09/09,83005.0,2668.68
16/09/09,84238.0,2708.31
17/09/09,84037.0,2701.86
18/09/09,83615.0,2688.27
19/09/09,83315.0,2678.62
20/09/09,83315.0,2678.62
21/09/09,83015.0,2668.98
22/09/09,83842.0,2695.57
23/09/09,83581.0,2687.18
24/09/09,82997.0,2668.4
25/09/09,82449.0,2650.78
26/09/09,82439.0,2650.48
27/09/09,82439.0,2650.48
28/09/09,82429.0,2650.17
29/09/09,82669.0,2657.87
30/09/09,84087.0,2703.47
01/10/09,83356.0,2679.97
02/10/09,83471.0,2683.66
03/10/09,83936.0,2698.61
04/10/09,83936.0,2698.61
05/10/09,84402.0,2713.57
06/10/09,86644.0,2785.67
07/10/09,86969.0,2796.13
08/10/09,87593.0,2816.18
09/10/09,87425.0,2810.78
10/10/09,87672.0,2818.72
11/10/09,87672.0,2818.72
12/10/09,87919.0,2826.66
13/10/09,88402.0,2842.18
14/10/09,88424.0,2842.88
15/10/09,87336.0,2807.92
16/10/09,87581.0,2815.78
17/10/09,88137.0,2833.67
18/10/09,88137.0,2833.67
19/10/09,88693.0,2851.56
20/10/09,88017.0,2829.82
21/10/09,88298.0,2838.83
22/10/09,88214.0,2836.14
23/10/09,87733.0,2820.67
24/10/09,86920.0,2794.56
25/10/09,86920.0,2794.56
26/10/09,86108.0,2768.44
27/10/09,86703.0,2787.55
28/10/09,85729.0,2756.26
29/10/09,86881.0,2793.3
30/10/09,87471.0,2812.24
31/10/09,88118.0,2833.03
01/11/09,88118.0,2833.03
02/11/09,88764.0,2853.83
03/11/09,90620.0,2913.5
04/11/09,91506.0,2942.0
05/11/09,91174.0,2931.32
06/11/09,91704.0,2948.34
07/11/09,91870.0,2953.68
08/11/09,91870.0,2953.68
09/11/09,92036.0,2959.02
10/11/09,91747.0,2949.74
11/11/09,93061.0,2991.99
12/11/09,92455.0,2972.51
13/11/09,93236.0,2997.6
14/11/09,94081.0,3024.76
15/11/09,94081.0,3024.76
16/11/09,94926.0,3051.93
17/11/09,95536.0,3071.55
18/11/09,95025.0,3055.14
19/11/09,95500.0,3070.4
20/11/09,96228.0,3093.79
21/11/09,96706.0,3109.16
22/11/09,96706.0,3109.16
23/11/09,97184.0,3124.53
24/11/09,97133.0,3122.88
25/11/09,98944.0,3181.14
26/11/09,99501.0,3199.04
27/11/09,98257.0,3159.05
28/11/09,98403.0,3163.74
29/11/09,98403.0,3163.74
30/11/09,98549.0,3168.43
01/12/09,99929.0,3212.78
02/12/09,102027.0,3280.25
03/12/09,100947.0,3245.52
04/12/09,97262.0,3127.05
05/12/09,97293.0,3128.04
06/12/09,97293.0,3128.04
07/12/09,97324.0,3129.03
08/12/09,95697.0,3076.72
09/12/09,95564.0,3072.46
10/12/09,95449.0,3068.76
11/12/09,94688.0,3044.28
12/12/09,94798.0,3047.84
13/12/09,94798.0,3047.84
14/12/09,94909.0,3051.39
15/12/09,94824.0,3048.66
16/12/09,96454.0,3101.08
17/12/09,93019.0,2990.62
18/12/09,93759.0,3014.41
19/12/09,93280.0,2999.03
20/12/09,93280.0,2999.03
21/12/09,92802.0,2983.66
22/12/09,91781.0,2950.81
23/12/09,92071.0,2960.16
24/12/09,93277.0,2998.92
25/12/09,93166.0,2995.37
26/12/09,93264.0,2998.51
27/12/09,93264.0,2998.51
28/12/09,93361.0,3001.64
29/12/09,92527.0,2974.81
30/12/09,91848.0,2952.98
31/12/09,92714.0,2980.83
01/01/10,92285.0,2967.02
02/01/10,93488.0,3005.69
03/01/10,93488.0,3005.69
04/01/10,94690.0,3044.37
05/01/10,94925.0,3051.9
06/01/10,96810.0,3112.52
07/01/10,95728.0,3077.74
08/01/10,96047.0,3087.99
09/01/10,96858.0,3114.06
10/01/10,96858.0,3114.06
11/01/10,97669.0,3140.14
12/01/10,95716.0,3077.33
13/01/10,96850.0,3113.8
14/01/10,96562.0,3104.53
15/01/10,95241.0,3062.08
16/01/10,95512.0,3070.78
17/01/10,95512.0,3070.78
18/01/10,95783.0,3079.49
19/01/10,96533.0,3103.6
20/01/10,94620.0,3042.09
21/01/10,92485.0,2973.47
22/01/10,92187.0,2963.87
23/01/10,92721.0,2981.04
24/01/10,92721.0,2981.04
25/01/10,93255.0,2998.21
26/01/10,93107.0,2993.45
27/01/10,92445.0,2972.17
28/01/10,92225.0,2965.1
29/01/10,92437.0,2971.9
30/01/10,93050.0,2991.64
31/01/10,93050.0,2991.64
01/02/10,93664.0,3011.37
02/02/10,94695.0,3044.51
03/02/10,94623.0,3042.19
04/02/10,90663.0,2914.89
05/02/10,90131.0,2897.78
06/02/10,90199.0,2899.97
07/02/10,90199.0,2899.97
08/02/10,90267.0,2902.16
09/02/10,91684.0,2947.7
10/02/10,91213.0,2932.57
11/02/10,92772.0,2982.69
12/02/10,92581.0,2976.56
13/02/10,93078.0,2992.54
14/02/10,93078.0,2992.54
15/02/10,93576.0,3008.52
16/02/10,94804.0,3048.0
17/02/10,94402.0,3035.1
18/02/10,93931.0,3019.94
19/02/10,95073.0,3056.65
20/02/10,94962.0,3053.1
21/02/10,94962.0,3053.1
22/02/10,94851.0,3049.54
23/02/10,94385.0,3034.54
24/02/10,93726.0,3013.37
25/02/10,94010.0,3022.48
26/02/10,95089.0,3057.17
27/02/10,95092.0,3057.26
28/02/10,95092.0,3057.26
01/03/10,95094.0,3057.35
02/03/10,96610.0,3106.09
03/03/10,97250.0,3126.67
04/03/10,96106.0,3089.89
05/03/10,96041.0,3087.79
06/03/10,95608.0,3073.89
07/03/10,95608.0,3073.89
08/03/10,95176.0,3059.99
09/03/10,95111.0,3057.88
10/03/10,93569.0,3008.3
11/03/10,93741.0,3013.85
12/03/10,92904.0,2986.95
13/03/10,93316.0,3000.19
14/03/10,93316.0,3000.19
15/03/10,93728.0,3013.44
16/03/10,94980.0,3053.66
17/03/10,94603.0,3041.55
18/03/10,95124.0,3058.32
19/03/10,93118.0,2993.8
20/03/10,92824.0,2984.37
21/03/10,92824.0,2984.37
22/03/10,92531.0,2974.94
23/03/10,92946.0,2988.28
24/03/10,91521.0,2942.46
25/03/10,91469.0,2940.78
26/03/10,92755.0,2982.14
27/03/10,92942.0,2988.15
28/03/10,92942.0,2988.15
29/03/10,93129.0,2994.17
30/03/10,92454.0,2972.48
31/03/10,93564.0,3008.14
01/04/10,94795.0,3047.73
02/04/10,95171.0,3059.82
03/04/10,95179.0,3060.07
04/04/10,95179.0,3060.07
05/04/10,95187.0,3060.33
06/04/10,95219.0,3061.36
07/04/10,96149.0,3091.27
08/04/10,96203.0,3092.98
09/04/10,97532.0,3135.73
10/04/10,97260.0,3126.97
11/04/10,97260.0,3126.97
12/04/10,96987.0,3118.21
13/04/10,96303.0,3096.2
14/04/10,96706.0,3109.16
15/04/10,97230.0,3126.01
16/04/10,95704.0,3076.94
17/04/10,95508.0,3070.65
18/04/10,95508.0,3070.65
19/04/10,95312.0,3064.36
20/04/10,95985.0,3085.98
21/04/10,96105.0,3089.85
22/04/10,95979.0,3085.8
23/04/10,97319.0,3128.88
24/04/10,96952.0,3117.07
25/04/10,96952.0,3117.07
26/04/10,96584.0,3105.26
27/04/10,99111.0,3186.49
28/04/10,97706.0,3141.31
29/04/10,98284.0,3159.89
30/04/10,99155.0,3187.91
01/05/10,99348.0,3194.1
02/05/10,99348.0,3194.1
03/05/10,99540.0,3200.29
04/05/10,99295.0,3192.4
05/05/10,99620.0,3202.87
06/05/10,101551.0,3264.93
07/05/10,101871.0,3275.22
08/05/10,102357.0,3290.85
09/05/10,102357.0,3290.85
10/05/10,102843.0,3306.49
11/05/10,104105.0,3347.04
12/05/10,104280.0,3352.66
13/05/10,104534.0,3360.85
14/05/10,104100.0,3346.91
15/05/10,103398.0,3324.35
16/05/10,103398.0,3324.35
17/05/10,102697.0,3301.79
18/05/10,105153.0,3380.76
19/05/10,98828.0,3177.39
20/05/10,100409.0,3228.23
21/05/10,99364.0,3194.62
22/05/10,100256.0,3223.29
23/05/10,100256.0,3223.29
24/05/10,101147.0,3251.96
25/05/10,100810.0,3241.12
26/05/10,103075.0,3313.92
27/05/10,102625.0,3299.47
28/05/10,103804.0,3337.37
29/05/10,103667.0,3332.97
30/05/10,103667.0,3332.97
31/05/10,103530.0,3328.57
01/06/10,105525.0,3392.7
02/06/10,104239.0,3351.35
03/06/10,102963.0,3310.35
04/06/10,104206.0,3350.3
05/06/10,105318.0,3386.06
06/06/10,105318.0,3386.06
07/06/10,106430.0,3421.82
08/06/10,105288.0,3385.09
09/06/10,105542.0,3393.25
10/06/10,103357.0,3323.0
11/06/10,104682.0,3365.59
12/06/10,104660.0,3364.89
13/06/10,104660.0,3364.89
14/06/10,104638.0,3364.2
15/06/10,105422.0,3389.41
16/06/10,104987.0,3375.41
17/06/10,106332.0,3418.67
18/06/10,107231.0,3447.57
19/06/10,106348.0,3419.16
20/06/10,106348.0,3419.16
21/06/10,105464.0,3390.75
22/06/10,106271.0,3416.69
23/06/10,105358.0,3387.33
24/06/10,106092.0,3410.95
25/06/10,107391.0,3452.7
26/06/10,106888.0,3436.51
27/06/10,106888.0,3436.51
28/06/10,106384.0,3420.33
29/06/10,106003.0,3408.08
30/06/10,106606.0,3427.46
01/07/10,102573.0,3297.8
02/07/10,103814.0,3337.71
03/07/10,103468.0,3326.56
04/07/10,103468.0,3326.56
05/07/10,103121.0,3315.41
06/07/10,102489.0,3295.08
07/07/10,103166.0,3316.87
08/07/10,102396.0,3292.11
09/07/10,104156.0,3348.69
10/07/10,103332.0,3322.18
11/07/10,103332.0,3322.18
12/07/10,102507.0,3295.68
13/07/10,103848.0,3338.81
14/07/10,103314.0,3321.62
15/07/10,103399.0,3324.34
16/07/10,102137.0,3283.77
17/07/10,101724.0,3270.49
18/07/10,101724.0,3270.49
19/07/10,101311.0,3257.22
20/07/10,101907.0,3276.39
21/07/10,101961.0,3278.13
22/07/10,102517.0,3296.0
23/07/10,101011.0,3247.58
24/07/10,101036.0,3248.38
25/07/10,101036.0,3248.38
26/07/10,101061.0,3249.17
27/07/10,99358.0,3194.43
28/07/10,99736.0,3206.59
29/07/10,100000.0,3215.07
30/07/10,100463.0,3229.95
31/07/10,100499.0,3231.11
01/08/10,100499.0,3231.11
02/08/10,100535.0,3232.27
03/08/10,101923.0,3276.91
04/08/10,102979.0,3310.85
05/08/10,102754.0,3303.6
06/08/10,102767.0,3304.03
07/08/10,102972.0,3310.65
08/08/10,102972.0,3310.65
09/08/10,103178.0,3317.26
10/08/10,102597.0,3298.57
11/08/10,103461.0,3326.33
12/08/10,104555.0,3361.51
13/08/10,104152.0,3348.55
14/08/10,104506.0,3359.95
15/08/10,104506.0,3359.95
16/08/10,104860.0,3371.34
17/08/10,104776.0,3368.61
18/08/10,105582.0,3394.54
19/08/10,105623.0,3395.86
20/08/10,104972.0,3374.93
21/08/10,105185.0,3381.77
22/08/10,105185.0,3381.77
23/08/10,105398.0,3388.61
24/08/10,105231.0,3383.26
25/08/10,105934.0,3405.87
26/08/10,105215.0,3382.74
27/08/10,105895.0,3404.59
28/08/10,105958.0,3406.62
29/08/10,105958.0,3406.62
30/08/10,106021.0,3408.66
31/08/10,106834.0,3434.78
01/09/10,106341.0,3418.93
02/09/10,106946.0,3438.38
03/09/10,106649.0,3428.84
04/09/10,107004.0,3440.26
05/09/10,107004.0,3440.26
06/09/10,107359.0,3451.68
07/09/10,108456.0,3486.96
08/09/10,107624.0,3460.18
09/09/10,106909.0,3437.21
10/09/10,106784.0,3433.18
11/09/10,106768.0,3432.65
12/09/10,106768.0,3432.65
13/09/10,106751.0,3432.12
14/09/10,109269.0,3513.08
15/09/10,108711.0,3495.14
16/09/10,109231.0,3511.85
17/09/10,109338.0,3515.29
18/09/10,109496.0,3520.39
19/09/10,109496.0,3520.39
20/09/10,109655.0,3525.49
21/09/10,109756.0,3528.74
22/09/10,110757.0,3560.92
23/09/10,111398.0,3581.53
24/09/10,111287.0,3577.97
25/09/10,111614.0,3588.48
26/09/10,111614.0,3588.48
27/09/10,111942.0,3599.0
28/09/10,112813.0,3627.03
29/09/10,112986.0,3632.59
30/09/10,112996.0,3632.91
01/10/10,113903.0,3662.08
02/10/10,113636.0,3653.49
03/10/10,113636.0,3653.49
04/10/10,113369.0,3644.9
05/10/10,115579.0,3715.97
06/10/10,115879.0,3725.61
07/10/10,114891.0,3693.83
08/10/10,115919.0,3726.89
09/10/10,116545.0,3747.01
10/10/10,116545.0,3747.01
11/10/10,117171.0,3767.14
12/10/10,116108.0,3732.96
13/10/10,118314.0,3803.88
14/10/10,118615.0,3813.55
15/10/10,117919.0,3791.18
16/10/10,117707.0,3784.36
17/10/10,117707.0,3784.36
18/10/10,117495.0,3777.54
19/10/10,115144.0,3701.96
20/10/10,115886.0,3725.84
21/10/10,114152.0,3670.08
22/10/10,113931.0,3662.97
23/10/10,114694.0,3687.51
24/10/10,114694.0,3687.51
25/10/10,115458.0,3712.06
26/10/10,114969.0,3696.35
27/10/10,114238.0,3672.82
28/10/10,115260.0,3705.69
29/10/10,115411.0,3710.56
30/10/10,115998.0,3729.42
31/10/10,115998.0,3729.42
01/11/10,116585.0,3748.28
02/11/10,116153.0,3734.4
03/11/10,115068.0,3699.54
04/11/10,119225.0,3833.18
05/11/10,119365.0,3837.67
06/11/10,119702.0,3848.49
07/11/10,119702.0,3848.49
08/11/10,120038.0,3859.32
09/11/10,120192.0,3864.26
10/11/10,119206.0,3832.55
11/11/10,120249.0,3866.1
12/11/10,117302.0,3771.33
13/11/10,116720.0,3752.62
14/11/10,116720.0,3752.62
15/11/10,116138.0,3733.91
16/11/10,115122.0,3701.24
17/11/10,114527.0,3682.14
18/11/10,116206.0,3736.12
19/11/10,115475.0,3712.59
20/11/10,116060.0,3731.41
21/11/10,116060.0,3731.41
22/11/10,116645.0,3750.23
23/11/10,117414.0,3774.94
24/11/10,117762.0,3786.13
25/11/10,117358.0,3773.16
26/11/10,116898.0,3758.36
27/11/10,117010.0,3761.97
28/11/10,117010.0,3761.97
29/11/10,117122.0,3765.57
30/11/10,118976.0,3825.16
01/12/10,118867.0,3821.68
02/12/10,119168.0,3831.33
03/12/10,121305.0,3900.03
04/12/10,121619.0,3910.14
05/12/10,121619.0,3910.14
06/12/10,121933.0,3920.25
07/12/10,120506.0,3874.37
08/12/10,118423.0,3807.4
09/12/10,118850.0,3821.1
10/12/10,119017.0,3826.5
11/12/10,119471.0,3841.1
12/12/10,119471.0,3841.1
13/12/10,119925.0,3855.69
14/12/10,119867.0,3853.83
15/12/10,119147.0,3830.67
16/12/10,117179.0,3767.39
17/12/10,117551.0,3779.34
18/12/10,118219.0,3800.82
19/12/10,118219.0,3800.82
20/12/10,118887.0,3822.29
21/12/10,118885.0,3822.25
22/12/10,118977.0,3825.21
23/12/10,118443.0,3808.02
24/12/10,118455.0,3808.41
25/12/10,118585.0,3812.6
26/12/10,118585.0,3812.6
27/12/10,118715.0,3816.79
28/12/10,120440.0,3872.25
29/12/10,121262.0,3898.65
30/12/10,120590.0,3877.06
31/12/10,122061.0,3924.34
01/01/11,121462.0,3905.1
02/01/11,121462.0,3905.1
03/01/11,120864.0,3885.86
04/01/11,118776.0,3818.75
05/01/11,118067.0,3795.95
06/01/11,117678.0,3783.45
07/01/11,117450.0,3776.12
08/01/11,117704.0,3784.26
09/01/11,117704.0,3784.26
10/01/11,117957.0,3792.4
11/01/11,118297.0,3803.32
12/01/11,118882.0,3822.16
13/01/11,117898.0,3790.52
14/01/11,116246.0,3737.4
15/01/11,116452.0,3744.01
16/01/11,116452.0,3744.01
17/01/11,116657.0,3750.61
18/01/11,117443.0,3775.86
19/01/11,117901.0,3790.61
20/01/11,115560.0,3715.33
21/01/11,114459.0,3679.94
22/01/11,114720.0,3688.31
23/01/11,114720.0,3688.31
24/01/11,114980.0,3696.68
25/01/11,114333.0,3675.89
26/01/11,115273.0,3706.12
27/01/11,113002.0,3633.09
28/01/11,115193.0,3703.54
29/01/11,114729.0,3688.62
30/01/11,114729.0,3688.62
31/01/11,114265.0,3673.71
01/02/11,114978.0,3696.62
02/02/11,114145.0,3669.86
03/02/11,115583.0,3716.08
04/02/11,115480.0,3712.77
05/02/11,115626.0,3717.48
06/02/11,115626.0,3717.48
07/02/11,115773.0,3722.2
08/02/11,116664.0,3750.84
09/02/11,115982.0,3728.9
10/02/11,116035.0,3730.6
11/02/11,114997.0,3697.24
12/02/11,115466.0,3712.34
13/02/11,115466.0,3712.34
14/02/11,115936.0,3727.43
15/02/11,117091.0,3764.57
16/02/11,117350.0,3772.89
17/02/11,118040.0,3795.09
18/02/11,118661.0,3815.04
19/02/11,119517.0,3842.56
20/02/11,119517.0,3842.56
21/02/11,120373.0,3870.08
22/02/11,119673.0,3847.57
23/02/11,120684.0,3880.08
24/02/11,119762.0,3850.44
25/02/11,120526.0,3875.0
26/02/11,120690.0,3880.28
27/02/11,120690.0,3880.28
28/02/11,120854.0,3885.55
01/03/11,123006.0,3954.73
02/03/11,122703.0,3945.0
03/03/11,121015.0,3890.74
04/03/11,122122.0,3926.3
05/03/11,122130.0,3926.55
06/03/11,122130.0,3926.55
07/03/11,122137.0,3926.8
08/03/11,121835.0,3917.07
09/03/11,122087.0,3925.19
10/03/11,120827.0,3884.69
11/03/11,120495.0,3874.0
12/03/11,121280.0,3899.24
13/03/11,121280.0,3899.24
14/03/11,122065.0,3924.48
15/03/11,119235.0,3833.51
16/03/11,118869.0,3821.71
17/03/11,119990.0,3857.77
18/03/11,121116.0,3893.98
19/03/11,121554.0,3908.03
20/03/11,121554.0,3908.03
21/03/11,121991.0,3922.09
22/03/11,122061.0,3924.36
23/03/11,122890.0,3951.0
24/03/11,122078.0,3924.9
25/03/11,121577.0,3908.79
26/03/11,121476.0,3905.54
27/03/11,121476.0,3905.54
28/03/11,121375.0,3902.29
29/03/11,120775.0,3882.99
30/03/11,121184.0,3896.16
31/03/11,122262.0,3930.8
01/04/11,121802.0,3916.04
02/04/11,122168.0,3927.82
03/04/11,122168.0,3927.82
04/04/11,122535.0,3939.61
05/04/11,124159.0,3991.79
06/04/11,124370.0,3998.6
07/04/11,124446.0,4001.02
08/04/11,124828.0,4013.32
09/04/11,124310.0,3996.67
10/04/11,124310.0,3996.67
11/04/11,123792.0,3980.02
12/04/11,122603.0,3941.77
13/04/11,123321.0,3964.86
14/04/11,124287.0,3995.93
15/04/11,125176.0,4024.51
16/04/11,125569.0,4037.14
17/04/11,125569.0,4037.14
18/04/11,125962.0,4049.77
19/04/11,126464.0,4065.91
20/04/11,126957.0,4081.77
21/04/11,126963.0,4081.95
22/04/11,127287.0,4092.37
23/04/11,127391.0,4095.71
24/04/11,127391.0,4095.71
25/04/11,127495.0,4099.05
26/04/11,127401.0,4096.04
27/04/11,129165.0,4152.76
28/04/11,129893.0,4176.14
29/04/11,132855.0,4271.38
30/04/11,131628.0,4231.95
01/05/11,131628.0,4231.95
02/05/11,130402.0,4192.53
03/05/11,129088.0,4150.26
04/05/11,128802.0,4141.09
05/05/11,127076.0,4085.58
06/05/11,128149.0,4120.08
07/05/11,128006.0,4115.5
08/05/11,128006.0,4115.5
09/05/11,127864.0,4110.92
10/05/11,128559.0,4133.27
11/05/11,127970.0,4114.34
12/05/11,128185.0,4121.25
13/05/11,127316.0,4093.3
14/05/11,127412.0,4096.41
15/05/11,127412.0,4096.41
16/05/11,127509.0,4099.51
17/05/11,126739.0,4074.75
18/05/11,128007.0,4115.51
19/05/11,128479.0,4130.7
20/05/11,130624.0,4199.66
21/05/11,130284.0,4188.74
22/05/11,130284.0,4188.74
23/05/11,129945.0,4177.81
24/05/11,130638.0,4200.12
25/05/11,130708.0,4202.35
26/05/11,130138.0,4184.02
27/05/11,131715.0,4234.74
28/05/11,131868.0,4239.66
29/05/11,131868.0,4239.66
30/05/11,132021.0,4244.58
31/05/11,132029.0,4244.82
01/06/11,133771.0,4300.83
02/06/11,131937.0,4241.87
03/06/11,132492.0,4259.72
04/06/11,132770.0,4268.66
05/06/11,132770.0,4268.66
06/06/11,133048.0,4277.61
07/06/11,132910.0,4273.14
08/06/11,132399.0,4256.74
09/06/11,132249.0,4251.92
10/06/11,131443.0,4225.99
11/06/11,130557.0,4197.51
12/06/11,130557.0,4197.51
13/06/11,129671.0,4169.02
14/06/11,130769.0,4204.32
15/06/11,132590.0,4262.88
16/06/11,130877.0,4207.8
17/06/11,132209.0,4250.62
18/06/11,132256.0,4252.15
19/06/11,132256.0,4252.15
20/06/11,132304.0,4253.68
21/06/11,132649.0,4264.77
22/06/11,133242.0,4283.82
23/06/11,129768.0,4172.13
24/06/11,129236.0,4155.02
25/06/11,129024.0,4148.2
26/06/11,129024.0,4148.2
27/06/11,128812.0,4141.39
28/06/11,129190.0,4153.55
29/06/11,130219.0,4186.63
30/06/11,129379.0,4159.63
01/07/11,128025.0,4116.11
02/07/11,128184.0,4121.23
03/07/11,128184.0,4121.23
04/07/11,128344.0,4126.35
05/07/11,130589.0,4198.53
06/07/11,131359.0,4223.3
07/07/11,131355.0,4223.17
08/07/11,132794.0,4269.43
09/07/11,132996.0,4275.93
10/07/11,132996.0,4275.93
11/07/11,133198.0,4282.42
12/07/11,134631.0,4328.49
13/07/11,135475.0,4355.63
14/07/11,136615.0,4392.27
15/07/11,137355.0,4416.06
16/07/11,137778.0,4429.66
17/07/11,137778.0,4429.66
18/07/11,138201.0,4443.25
19/07/11,136887.0,4401.03
20/07/11,138116.0,4440.54
21/07/11,136557.0,4390.41
22/07/11,138016.0,4437.33
23/07/11,138007.0,4437.04
24/07/11,137998.0,4436.75
25/07/11,139433.0,4482.88
26/07/11,139612.0,4488.64
27/07/11,139980.0,4500.48
28/07/11,139976.0,4500.33
29/07/11,140850.0,4528.43
30/07/11,141524.0,4550.09
31/07/11,141524.0,4550.09
01/08/11,142197.0,4571.74
02/08/11,144065.0,4631.79
03/08/11,143723.0,4620.82
04/08/11,143741.0,4621.37
05/08/11,142420.0,4578.89
06/08/11,145884.0,4690.26
07/08/11,145884.0,4690.26
08/08/11,149347.0,4801.62
09/08/11,149392.0,4803.05
10/08/11,157369.0,5059.52
11/08/11,152096.0,4890.01
12/08/11,150828.0,4849.24
13/08/11,151060.0,4856.7
14/08/11,151060.0,4856.7
15/08/11,151292.0,4864.17
16/08/11,154368.0,4963.04
17/08/11,155421.0,4996.9
18/08/11,158168.0,5085.22
19/08/11,160975.0,5175.48
20/08/11,163176.0,5246.22
21/08/11,163176.0,5246.22
22/08/11,165376.0,5316.95
23/08/11,159017.0,5112.53
24/08/11,152176.0,4892.57
25/08/11,154009.0,4951.51
26/08/11,158830.0,5106.5
27/08/11,157544.0,5065.14
28/08/11,157544.0,5065.14
29/08/11,156257.0,5023.77
30/08/11,159917.0,5141.44
31/08/11,159178.0,5117.68
01/09/11,159727.0,5135.34
02/09/11,164118.0,5276.53
03/09/11,165196.0,5311.2
04/09/11,166275.0,5345.88
05/09/11,166603.0,5356.4
06/09/11,166059.0,5338.93
07/09/11,159147.0,5116.68
08/09/11,163916.0,5270.01
09/09/11,164212.0,5279.54
10/09/11,161090.0,5179.18
11/09/11,161090.0,5179.18
12/09/11,157969.0,5078.83
13/09/11,160706.0,5166.83
14/09/11,159638.0,5132.49
15/09/11,156923.0,5045.18
16/09/11,159119.0,5115.78
17/09/11,157458.0,5062.38
18/09/11,157458.0,5062.38
19/09/11,155797.0,5008.98
20/09/11,157897.0,5076.49
21/09/11,157758.0,5072.05
22/09/11,151728.0,4878.18
23/09/11,144757.0,4654.05
24/09/11,143263.0,4606.01
25/09/11,143263.0,4606.01
26/09/11,141769.0,4557.97
27/09/11,144262.0,4638.12
28/09/11,136541.0,4389.9
29/09/11,141724.0,4556.54
30/09/11,142506.0,4581.66
01/10/11,143828.0,4624.18
02/10/11,143828.0,4624.18
03/10/11,145151.0,4666.7
04/10/11,140055.0,4502.88
05/10/11,143333.0,4608.28
06/10/11,144273.0,4638.48
07/10/11,143530.0,4614.61
08/10/11,144834.0,4656.51
09/10/11,144834.0,4656.51
10/10/11,146137.0,4698.42
11/10/11,144802.0,4655.48
12/10/11,146453.0,4708.56
13/10/11,144408.0,4642.83
14/10/11,145399.0,4674.68
15/10/11,145344.0,4672.93
16/10/11,145344.0,4672.93
17/10/11,145290.0,4671.17
18/10/11,144020.0,4630.34
19/10/11,142233.0,4572.91
20/10/11,139904.0,4498.01
21/10/11,142604.0,4584.83
22/10/11,142982.0,4596.97
23/10/11,142982.0,4596.97
24/10/11,143359.0,4609.1
25/10/11,148411.0,4771.52
26/10/11,149984.0,4822.09
27/10/11,151749.0,4878.85
28/10/11,151394.0,4867.44
29/10/11,150716.0,4845.63
30/10/11,150716.0,4845.63
31/10/11,150038.0,4823.82
01/11/11,147734.0,4749.76
02/11/11,149902.0,4819.48
03/11/11,151863.0,4882.51
04/11/11,151092.0,4857.71
05/11/11,151257.0,4863.02
06/11/11,151422.0,4868.34
07/11/11,155183.0,4989.26
08/11/11,154376.0,4963.29
09/11/11,153937.0,4949.2
10/11/11,145218.0,4668.86
11/11/11,154724.0,4974.48
12/11/11,153965.0,4950.09
13/11/11,153206.0,4925.7
14/11/11,154767.0,4975.87
15/11/11,154801.0,4976.98
16/11/11,153501.0,4935.18
17/11/11,149573.0,4808.87
18/11/11,151038.0,4856.0
19/11/11,148514.0,4774.86
20/11/11,148514.0,4774.86
21/11/11,145991.0,4693.73
22/11/11,148949.0,4788.81
23/11/11,148634.0,4778.69
24/11/11,149229.0,4797.81
25/11/11,147892.0,4754.83
26/11/11,147482.0,4741.63
27/11/11,147071.0,4728.43
28/11/11,149758.0,4814.84
29/11/11,149909.0,4819.68
30/11/11,155125.0,4987.38
01/12/11,154825.0,4977.74
02/12/11,156237.0,5023.13
03/12/11,155076.0,4985.81
04/12/11,155076.0,4985.81
05/12/11,153915.0,4948.49
06/12/11,154802.0,4977.01
07/12/11,155595.0,5002.51
08/12/11,151957.0,4885.52
09/12/11,152169.0,4892.33
10/12/11,149650.0,4811.36
11/12/11,149650.0,4811.36
12/12/11,147132.0,4730.4
13/12/11,146050.0,4695.61
14/12/11,141013.0,4533.66
15/12/11,140296.0,4510.61
16/12/11,143222.0,4604.68
17/12/11,143276.0,4606.41
18/12/11,143330.0,4608.15
19/12/11,143020.0,4598.2
20/12/11,145417.0,4675.26
21/12/11,145768.0,4686.54
22/12/11,143828.0,4624.18
23/12/11,143534.0,4614.73
24/12/11,143480.0,4612.97
25/12/11,143480.0,4612.97
26/12/11,143425.0,4611.21
27/12/11,143222.0,4604.68
28/12/11,139863.0,4496.69
29/12/11,138942.0,4467.09
30/12/11,140796.0,4526.69
31/12/11,140716.0,4524.12
01/01/12,140636.0,4521.55
02/01/12,141035.0,4534.37
03/01/12,144563.0,4647.8
04/01/12,146583.0,4712.76
05/01/12,146485.0,4709.6
06/01/12,146646.0,4714.76
07/01/12,145842.0,4688.93
08/01/12,145842.0,4688.93
09/01/12,145039.0,4663.11
10/01/12,146657.0,4715.12
11/01/12,147535.0,4743.35
12/01/12,149023.0,4791.19
13/01/12,147767.0,4750.8
14/01/12,148105.0,4761.68
15/01/12,148105.0,4761.68
16/01/12,148443.0,4772.56
17/01/12,149553.0,4808.23
18/01/12,149815.0,4816.66
19/01/12,148856.0,4785.84
20/01/12,150468.0,4837.67
21/01/12,150992.0,4854.52
22/01/12,150992.0,4854.52
23/01/12,151516.0,4871.37
24/01/12,149941.0,4820.71
25/01/12,154300.0,4960.87
26/01/12,155358.0,4994.88
27/01/12,156359.0,5027.07
28/01/12,156339.0,5026.41
29/01/12,156319.0,5025.76
30/01/12,155724.0,5006.63
31/01/12,156807.0,5041.47
01/02/12,157589.0,5066.62
02/02/12,159140.0,5116.46
03/02/12,156133.0,5019.79
04/02/12,156264.0,5023.98
05/02/12,156394.0,5028.17
06/02/12,155798.0,5009.01
07/02/12,157912.0,5077.0
08/02/12,157494.0,5063.54
09/02/12,157075.0,5050.09
10/02/12,155954.0,5014.03
11/02/12,155998.0,5015.43
12/02/12,155998.0,5015.43
13/02/12,156041.0,5016.84
14/02/12,155905.0,5012.48
15/02/12,156837.0,5042.41
16/02/12,155721.0,5006.55
17/02/12,156474.0,5030.77
18/02/12,156108.0,5019.01
19/02/12,155743.0,5007.24
20/02/12,156430.0,5029.34
21/02/12,159795.0,5137.54
22/02/12,161361.0,5187.87
23/02/12,161121.0,5180.15
24/02/12,161225.0,5183.49
25/02/12,161109.0,5179.77
26/02/12,160993.0,5176.06
27/02/12,160780.0,5169.2
28/02/12,162230.0,5215.82
29/02/12,154531.0,4968.29
01/03/12,156241.0,5023.25
02/03/12,155776.0,5008.31
03/03/12,155760.0,5007.77
04/03/12,155743.0,5007.24
05/03/12,155379.0,4995.54
06/03/12,152339.0,4897.81
07/03/12,153173.0,4924.64
08/03/12,154528.0,4968.18
09/03/12,155404.0,4996.37
10/03/12,155454.0,4997.95
11/03/12,155503.0,4999.53
12/03/12,154191.0,4957.34
13/03/12,152092.0,4889.88
14/03/12,148962.0,4789.23
15/03/12,150823.0,4849.08
16/03/12,150400.0,4835.46
17/03/12,150294.0,4832.04
18/03/12,150187.0,4828.62
19/03/12,150863.0,4850.35
20/03/12,149664.0,4811.79
21/03/12,149848.0,4817.74
22/03/12,149452.0,4805.0
23/03/12,152405.0,4899.93
24/03/12,152434.0,4900.86
25/03/12,152463.0,4901.79
26/03/12,154800.0,4976.93
27/03/12,152223.0,4894.09
28/03/12,150868.0,4850.52
29/03/12,150552.0,4840.36
30/03/12,151338.0,4865.63
31/03/12,151741.0,4878.59
01/04/12,151741.0,4878.59
02/04/12,152144.0,4891.55
03/04/12,149823.0,4816.93
04/04/12,146164.0,4699.29
05/04/12,146863.0,4721.76
06/04/12,147021.0,4726.84
07/04/12,146938.0,4724.18
08/04/12,146856.0,4721.53
09/04/12,147539.0,4743.49
10/04/12,150307.0,4832.47
11/04/12,150246.0,4830.53
12/04/12,152140.0,4891.42
13/04/12,150501.0,4838.71
14/04/12,150527.0,4839.55
15/04/12,150553.0,4840.39
16/04/12,150069.0,4824.84
17/04/12,149969.0,4821.63
18/04/12,149020.0,4791.1
19/04/12,148902.0,4787.32
20/04/12,149008.0,4790.72
21/04/12,148922.0,4787.93
22/04/12,148922.0,4787.93
23/04/12,148835.0,4785.15
24/04/12,149109.0,4793.96
25/04/12,149105.0,4793.82
26/04/12,150761.0,4847.07
27/04/12,151418.0,4868.21
28/04/12,151432.0,4868.66
29/04/12,151446.0,4869.11
30/04/12,151377.0,4866.87
01/05/12,151404.0,4867.74
02/05/12,150394.0,4835.27
03/05/12,148468.0,4773.36
04/05/12,149240.0,4798.18
05/05/12,148950.0,4788.88
06/05/12,148950.0,4788.88
07/05/12,148661.0,4779.57
08/05/12,146334.0,4704.76
09/05/12,144658.0,4650.86
10/05/12,145343.0,4672.88
11/05/12,143850.0,4624.9
12/05/12,143976.0,4628.97
13/05/12,144103.0,4633.03
14/05/12,141657.0,4554.39
15/05/12,140369.0,4512.98
16/05/12,139709.0,4491.75
17/05/12,143278.0,4606.51
18/05/12,144467.0,4644.74
19/05/12,144990.0,4661.56
20/05/12,144990.0,4661.56
21/05/12,145514.0,4678.37
22/05/12,143264.0,4606.05
23/05/12,143765.0,4622.14
24/05/12,143466.0,4612.53
25/05/12,144831.0,4656.43
26/05/12,144520.0,4646.41
27/05/12,144208.0,4636.39
28/05/12,144918.0,4659.23
29/05/12,144449.0,4644.14
30/05/12,146000.0,4694.02
31/05/12,146305.0,4703.81
01/06/12,152389.0,4899.43
02/06/12,152258.0,4895.19
03/06/12,152126.0,4890.95
04/06/12,152016.0,4887.41
05/06/12,151710.0,4877.6
06/06/12,151351.0,4866.06
07/06/12,149626.0,4810.6
08/06/12,150356.0,4834.07
09/06/12,149398.0,4803.25
10/06/12,148440.0,4772.44
11/06/12,150859.0,4850.24
12/06/12,152201.0,4893.36
13/06/12,153155.0,4924.06
14/06/12,152937.0,4917.04
15/06/12,153300.0,4928.71
16/06/12,152966.0,4917.98
17/06/12,152632.0,4907.25
18/06/12,153233.0,4926.56
19/06/12,152020.0,4887.56
20/06/12,151088.0,4857.58
21/06/12,147766.0,4750.8
22/06/12,148574.0,4776.77
23/06/12,148628.0,4778.49
24/06/12,148681.0,4780.21
25/06/12,149745.0,4814.4
26/06/12,148555.0,4776.15
27/06/12,148983.0,4789.93
28/06/12,146323.0,4704.38
29/06/12,151095.0,4857.81
30/06/12,151156.0,4859.77
01/07/12,151156.0,4859.77
02/07/12,151217.0,4861.74
03/07/12,153364.0,4930.77
04/07/12,153948.0,4949.55
05/07/12,151634.0,4875.16
06/07/12,148636.0,4778.76
07/07/12,148700.0,4780.84
08/07/12,148765.0,4782.92
09/07/12,149439.0,4804.57
10/07/12,147928.0,4756.0
11/07/12,148936.0,4788.39
12/07/12,148177.0,4764.02
13/07/12,149895.0,4819.23
14/07/12,149796.0,4816.07
15/07/12,149698.0,4812.91
16/07/12,150180.0,4828.4
17/07/12,149562.0,4808.54
18/07/12,148460.0,4773.1
19/07/12,149314.0,4800.54
20/07/12,149655.0,4811.51
21/07/12,150277.0,4831.52
22/07/12,150277.0,4831.52
23/07/12,150899.0,4851.52
24/07/12,149376.0,4802.54
25/07/12,151554.0,4872.57
26/07/12,152687.0,4908.99
27/07/12,154186.0,4957.19
28/07/12,153872.0,4947.11
29/07/12,153559.0,4937.04
30/07/12,153323.0,4929.45
31/07/12,152920.0,4916.5
01/08/12,151672.0,4876.35
02/08/12,150347.0,4833.77
03/08/12,151539.0,4872.1
04/08/12,151931.0,4884.7
05/08/12,151931.0,4884.7
06/08/12,152323.0,4897.31
07/08/12,152307.0,4896.77
08/08/12,151866.0,4882.6
09/08/12,151923.0,4884.44
10/08/12,150999.0,4854.74
11/08/12,150934.0,4852.65
12/08/12,150869.0,4850.56
13/08/12,150016.0,4823.12
14/08/12,151121.0,4858.65
15/08/12,151508.0,4871.1
16/08/12,152595.0,4906.05
17/08/12,152573.0,4905.34
18/08/12,152500.0,4903.01
19/08/12,152428.0,4900.67
20/08/12,153052.0,4920.72
21/08/12,153131.0,4923.28
22/08/12,153943.0,4949.38
23/08/12,154998.0,4983.3
24/08/12,155605.0,5002.81
25/08/12,155620.0,5003.3
26/08/12,155635.0,5003.78
27/08/12,155151.0,4988.23
28/08/12,154648.0,4972.03
29/08/12,154072.0,4953.54
30/08/12,154307.0,4961.09
31/08/12,156735.0,5039.14
01/09/12,156727.0,5038.89
02/09/12,156719.0,5038.64
03/09/12,156695.0,5037.86
04/09/12,157315.0,5057.78
05/09/12,156653.0,5036.51
06/09/12,156966.0,5046.58
07/09/12,157864.0,5075.46
08/09/12,157894.0,5076.41
09/09/12,157924.0,5077.37
10/09/12,157608.0,5067.21
11/09/12,157107.0,5051.11
12/09/12,163625.0,5260.65
13/09/12,165928.0,5334.71
14/09/12,167189.0,5375.27
15/09/12,167125.0,5373.2
16/09/12,167061.0,5371.13
17/09/12,166304.0,5346.79
18/09/12,167348.0,5380.36
19/09/12,167433.0,5383.09
20/09/12,166988.0,5368.79
21/09/12,168062.0,5403.31
22/09/12,168060.0,5403.25
23/09/12,168058.0,5403.19
24/09/12,166974.0,5368.35
25/09/12,166688.0,5359.15
26/09/12,166108.0,5340.49
27/09/12,168652.0,5422.29
28/09/12,168015.0,5401.81
29/09/12,168423.0,5414.93
30/09/12,168423.0,5414.93
01/10/12,168831.0,5428.05
02/10/12,168736.0,5424.98
03/10/12,169307.0,5443.34
04/10/12,170834.0,5492.44
05/10/12,169926.0,5463.26
06/10/12,170116.0,5469.36
07/10/12,170116.0,5469.36
08/10/12,170306.0,5475.47
09/10/12,168506.0,5417.58
10/10/12,168557.0,5419.22
11/10/12,168972.0,5432.59
12/10/12,167537.0,5386.43
13/10/12,167544.0,5386.65
14/10/12,167550.0,5386.87
15/10/12,165688.0,5326.99
16/10/12,166067.0,5339.17
17/10/12,167204.0,5375.72
18/10/12,166636.0,5357.48
19/10/12,164343.0,5283.75
20/10/12,164355.0,5284.14
21/10/12,164367.0,5284.53
22/10/12,164959.0,5303.55
23/10/12,163263.0,5249.02
24/10/12,162601.0,5227.73
25/10/12,163841.0,5267.6
26/10/12,164030.0,5273.68
27/10/12,164158.0,5277.79
28/10/12,164158.0,5277.79
29/10/12,164286.0,5281.9
30/10/12,163538.0,5257.88
31/10/12,164647.0,5293.54
01/11/12,163817.0,5266.83
02/11/12,160618.0,5163.99
03/11/12,160754.0,5168.35
04/11/12,160890.0,5172.72
05/11/12,161994.0,5208.22
06/11/12,164934.0,5302.77
07/11/12,164595.0,5291.85
08/11/12,166090.0,5339.91
09/11/12,165905.0,5333.98
10/11/12,165860.0,5332.52
11/11/12,165815.0,5331.06
12/11/12,165722.0,5328.1
13/11/12,165685.0,5326.89
14/11/12,165833.0,5331.65
15/11/12,164515.0,5289.29
16/11/12,164409.0,5285.87
17/11/12,164372.0,5284.67
18/11/12,164334.0,5283.48
19/11/12,166837.0,5363.93
20/11/12,166577.0,5355.58
21/11/12,165816.0,5331.12
22/11/12,165767.0,5329.52
23/11/12,168314.0,5411.41
24/11/12,168084.0,5404.01
25/11/12,168084.0,5404.01
26/11/12,167853.0,5396.6
27/11/12,167385.0,5381.55
28/11/12,165613.0,5324.59
29/11/12,166745.0,5360.96
30/11/12,165993.0,5336.8
01/12/12,165934.0,5334.9
02/12/12,165875.0,5333.0
03/12/12,165813.0,5331.01
04/12/12,163912.0,5269.9
05/12/12,163797.0,5266.21
06/12/12,164325.0,5283.17
07/12/12,164774.0,5297.61
08/12/12,165008.0,5305.12
09/12/12,165241.0,5312.63
10/12/12,166178.0,5342.75
11/12/12,166096.0,5340.12
12/12/12,166374.0,5349.03
13/12/12,165582.0,5323.6
14/12/12,165712.0,5327.77
15/12/12,165558.0,5322.82
16/12/12,165404.0,5317.86
17/12/12,166768.0,5361.73
18/12/12,163653.0,5261.57
19/12/12,163352.0,5251.89
20/12/12,160565.0,5162.29
21/12/12,161695.0,5198.62
22/12/12,161793.0,5201.76
23/12/12,161891.0,5204.9
24/12/12,161932.0,5206.22
25/12/12,161855.0,5203.76
26/12/12,161714.0,5199.22
27/12/12,162552.0,5226.16
28/12/12,161386.0,5188.68
29/12/12,161283.0,5185.36
30/12/12,161180.0,5182.05
31/12/12,162909.0,5237.64
01/01/13,162810.0,5234.45
02/01/13,164405.0,5285.74
03/01/13,163118.0,5244.36
04/01/13,161769.0,5201.0
05/01/13,161124.0,5180.24
06/01/13,161124.0,5180.24
07/01/13,160478.0,5159.47
08/01/13,161841.0,5203.32
09/01/13,161400.0,5189.12
10/01/13,161221.0,5183.37
11/01/13,161762.0,5200.77
12/01/13,162110.0,5211.94
13/01/13,162110.0,5211.94
14/01/13,162457.0,5223.1
15/01/13,163532.0,5257.67
16/01/13,164200.0,5279.15
17/01/13,164804.0,5298.57
18/01/13,164699.0,5295.19
19/01/13,164922.0,5302.38
20/01/13,164922.0,5302.38
21/01/13,165146.0,5309.56
22/01/13,165202.0,5311.36
23/01/13,164645.0,5293.45
24/01/13,163046.0,5242.06
25/01/13,162138.0,5212.86
26/01/13,162122.0,5212.35
27/01/13,162122.0,5212.35
28/01/13,162106.0,5211.84
29/01/13,162497.0,5224.42
30/01/13,163962.0,5271.51
31/01/13,162576.0,5226.94
01/02/13,163306.0,5250.41
02/02/13,163850.0,5267.9
03/02/13,163850.0,5267.9
04/02/13,164394.0,5285.39
05/02/13,163582.0,5259.3
06/02/13,164405.0,5285.74
07/02/13,163587.0,5259.45
08/02/13,163310.0,5250.55
09/02/13,162550.0,5226.11
10/02/13,162550.0,5226.11
11/02/13,161790.0,5201.68
12/02/13,162018.0,5209.0
13/02/13,161079.0,5178.81
14/02/13,160227.0,5151.43
15/02/13,157764.0,5072.22
16/02/13,157789.0,5073.02
17/02/13,157789.0,5073.02
18/02/13,157814.0,5073.83
19/02/13,157552.0,5065.42
20/02/13,153459.0,4933.82
21/02/13,154642.0,4971.87
22/02/13,155073.0,4985.72
23/02/13,155972.0,5014.61
24/02/13,155972.0,5014.61
25/02/13,156871.0,5043.51
26/02/13,158491.0,5095.6
27/02/13,156779.0,5040.56
28/02/13,155341.0,4994.34
01/03/13,154839.0,4978.18
02/03/13,154679.0,4973.04
03/03/13,154679.0,4973.04
04/03/13,154519.0,4967.9
05/03/13,154758.0,4975.58
06/03/13,155740.0,5007.15
07/03/13,154946.0,4981.63
08/03/13,154244.0,4959.06
09/03/13,154440.0,4965.34
10/03/13,154440.0,4965.34
11/03/13,154635.0,4971.62
12/03/13,155955.0,5014.07
13/03/13,155350.0,4994.62
14/03/13,154956.0,4981.96
15/03/13,156028.0,5016.42
16/03/13,157330.0,5058.26
17/03/13,157330.0,5058.26
18/03/13,158631.0,5100.1
19/03/13,158312.0,5089.83
20/03/13,157868.0,5075.58
21/03/13,158669.0,5101.34
22/03/13,158039.0,5081.06
23/03/13,158010.0,5080.16
24/03/13,158010.0,5080.16
25/03/13,157982.0,5079.25
26/03/13,157409.0,5060.8
27/03/13,158011.0,5080.16
28/03/13,157056.0,5049.46
29/03/13,156953.0,5046.17
30/03/13,157193.0,5053.88
31/03/13,157193.0,5053.88
01/04/13,157433.0,5061.59
02/04/13,154949.0,4981.72
03/04/13,153283.0,4928.18
04/04/13,152727.0,4910.28
05/04/13,155933.0,5013.35
06/04/13,155252.0,4991.47
07/04/13,155252.0,4991.47
08/04/13,154571.0,4969.58
09/04/13,156179.0,5021.26
10/04/13,153350.0,4930.32
11/04/13,153493.0,4934.9
12/04/13,145177.0,4667.56
13/04/13,139120.0,4472.84
14/04/13,139120.0,4472.84
15/04/13,133064.0,4278.12
16/04/13,134874.0,4336.29
17/04/13,135590.0,4359.33
18/04/13,136954.0,4403.17
19/04/13,138130.0,4440.99
20/04/13,139290.0,4478.27
21/04/13,139290.0,4478.27
22/04/13,140450.0,4515.56
23/04/13,139159.0,4474.07
24/04/13,141014.0,4533.7
25/04/13,144470.0,4644.81
26/04/13,143903.0,4626.6
27/04/13,144686.0,4651.77
28/04/13,144686.0,4651.77
29/04/13,145469.0,4676.93
30/04/13,145383.0,4674.16
01/05/13,143520.0,4614.28
02/05/13,144493.0,4645.54
03/05/13,144682.0,4651.64
04/05/13,144690.0,4651.88
05/05/13,144690.0,4651.88
06/05/13,144697.0,4652.11
07/05/13,143004.0,4597.67
08/05/13,145276.0,4670.72
09/05/13,144210.0,4636.47
10/05/13,142316.0,4575.58
11/05/13,141686.0,4555.34
12/05/13,141686.0,4555.34
13/05/13,141057.0,4535.09
14/05/13,140946.0,4531.53
15/05/13,137133.0,4408.93
16/05/13,136716.0,4395.52
17/05/13,133831.0,4302.77
18/05/13,135296.0,4349.86
19/05/13,135296.0,4349.86
20/05/13,136761.0,4396.96
21/05/13,134963.0,4339.15
22/05/13,135669.0,4361.85
23/05/13,136840.0,4399.5
24/05/13,136290.0,4381.83
25/05/13,136707.0,4395.24
26/05/13,136707.0,4395.24
27/05/13,137124.0,4408.65
28/05/13,136362.0,4384.16
29/05/13,137029.0,4405.58
30/05/13,139180.0,4474.73
31/05/13,136617.0,4392.34
01/06/13,136388.0,4384.99
02/06/13,136388.0,4384.99
03/06/13,136160.0,4377.65
04/06/13,132384.0,4256.25
05/06/13,138134.0,4441.12
06/06/13,139344.0,4480.02
07/06/13,136212.0,4379.31
08/06/13,136528.0,4389.5
09/06/13,136528.0,4389.5
10/06/13,136845.0,4399.68
11/06/13,135815.0,4366.54
12/06/13,136865.0,4400.3
13/06/13,136072.0,4374.83
14/06/13,137038.0,4405.88
15/06/13,136660.0,4393.7
16/06/13,136660.0,4393.7
17/06/13,136281.0,4381.52
18/06/13,134821.0,4334.6
19/06/13,133142.0,4280.62
20/06/13,126178.0,4056.71
21/06/13,128456.0,4129.95
22/06/13,127717.0,4106.18
23/06/13,127717.0,4106.18
24/06/13,126978.0,4082.42
25/06/13,126624.0,4071.06
26/06/13,121131.0,3894.45
27/06/13,118778.0,3818.8
28/06/13,122897.0,3951.22
29/06/13,123821.0,3980.93
30/06/13,123821.0,3980.93
01/07/13,124745.0,4010.65
02/07/13,124107.0,3990.15
03/07/13,125368.0,4030.67
04/07/13,126007.0,4051.23
05/07/13,122249.0,3930.41
06/07/13,122984.0,3954.04
07/07/13,122984.0,3954.04
08/07/13,123719.0,3977.67
09/07/13,125090.0,4021.73
10/07/13,124905.0,4015.8
11/07/13,128394.0,4127.97
12/07/13,128572.0,4133.68
13/07/13,128624.0,4135.38
14/07/13,128624.0,4135.38
15/07/13,128677.0,4137.07
16/07/13,129608.0,4167.01
17/07/13,127650.0,4104.03
18/07/13,129499.0,4163.5
19/07/13,130488.0,4195.29
20/07/13,132442.0,4258.1
21/07/13,132442.0,4258.1
22/07/13,134396.0,4320.92
23/07/13,135676.0,4362.08
24/07/13,133162.0,4281.26
25/07/13,135041.0,4341.65
26/07/13,135102.0,4343.63
27/07/13,135174.0,4345.93
28/07/13,135174.0,4345.93
29/07/13,135245.0,4348.22
30/07/13,134986.0,4339.89
31/07/13,134556.0,4326.07
01/08/13,133581.0,4294.72
02/08/13,133879.0,4304.3
03/08/13,133478.0,4291.4
04/08/13,133478.0,4291.4
05/08/13,133076.0,4278.49
06/08/13,130974.0,4210.91
07/08/13,131722.0,4234.96
08/08/13,134406.0,4321.24
09/08/13,134282.0,4317.25
10/08/13,135916.0,4369.81
11/08/13,135916.0,4369.81
12/08/13,137551.0,4422.37
13/08/13,135579.0,4358.97
14/08/13,137189.0,4410.74
15/08/13,140260.0,4509.46
16/08/13,141692.0,4555.49
17/08/13,141301.0,4542.93
18/08/13,141301.0,4542.93
19/08/13,140910.0,4530.37
20/08/13,141416.0,4546.62
21/08/13,141629.0,4553.48
22/08/13,142521.0,4582.14
23/08/13,144648.0,4650.53
24/08/13,145138.0,4666.27
25/08/13,145138.0,4666.27
26/08/13,145627.0,4682.02
27/08/13,146969.0,4725.17
28/08/13,147760.0,4750.6
29/08/13,147083.0,4728.83
30/08/13,145583.0,4680.61
31/08/13,145553.0,4679.64
01/09/13,145553.0,4679.64
02/09/13,145523.0,4678.67
03/09/13,148032.0,4759.33
04/09/13,145249.0,4669.87
05/09/13,143820.0,4623.92
06/09/13,145717.0,4684.91
07/09/13,145014.0,4662.31
08/09/13,145014.0,4662.31
09/09/13,144311.0,4639.7
10/09/13,141790.0,4558.65
11/09/13,141561.0,4551.28
12/09/13,137092.0,4407.62
13/09/13,137651.0,4425.57
14/09/13,136775.0,4397.42
15/09/13,136775.0,4397.42
16/09/13,135899.0,4369.27
17/09/13,135282.0,4349.41
18/09/13,139280.0,4477.95
19/09/13,139196.0,4475.25
20/09/13,135268.0,4348.97
21/09/13,137500.0,4420.73
22/09/13,137500.0,4420.73
23/09/13,139732.0,4492.49
24/09/13,140602.0,4520.47
25/09/13,141402.0,4546.18
26/09/13,140601.0,4520.43
27/09/13,141223.0,4540.43
28/09/13,141126.0,4537.29
29/09/13,141126.0,4537.29
30/09/13,141028.0,4534.15
01/10/13,136410.0,4385.67
02/10/13,139456.0,4483.63
03/10/13,139698.0,4491.4
04/10/13,139133.0,4473.22
05/10/13,139808.0,4494.93
06/10/13,139808.0,4494.93
07/10/13,140483.0,4516.63
08/10/13,139972.0,4500.21
09/10/13,138585.0,4455.6
10/10/13,136713.0,4395.43
11/10/13,135315.0,4350.49
12/10/13,135024.0,4341.13
13/10/13,135024.0,4341.13
14/10/13,134733.0,4331.77
15/10/13,135666.0,4361.76
16/10/13,136179.0,4378.26
17/10/13,139997.0,4501.01
18/10/13,139286.0,4478.14
19/10/13,139708.0,4491.69
20/10/13,139708.0,4491.69
21/10/13,140129.0,4505.24
22/10/13,142628.0,4585.61
23/10/13,142064.0,4567.47
24/10/13,143498.0,4613.56
25/10/13,143088.0,4600.4
26/10/13,143308.0,4607.44
27/10/13,143308.0,4607.44
28/10/13,143527.0,4614.49
29/10/13,143168.0,4602.96
30/10/13,142746.0,4589.38
31/10/13,141175.0,4538.9
01/11/13,141530.0,4550.29
02/11/13,141228.0,4540.59
03/11/13,141228.0,4540.59
04/11/13,140927.0,4530.9
05/11/13,140812.0,4527.23
06/11/13,141314.0,4543.34
07/11/13,139483.0,4484.47
08/11/13,138276.0,4445.69
09/11/13,137898.0,4433.51
10/11/13,137898.0,4433.51
11/11/13,137519.0,4421.34
12/11/13,136245.0,4380.39
13/11/13,137492.0,4420.46
14/11/13,138410.0,4449.99
15/11/13,137952.0,4435.25
16/11/13,137512.0,4421.11
17/11/13,137512.0,4421.11
18/11/13,137072.0,4406.97
19/11/13,137258.0,4412.94
20/11/13,133872.0,4304.08
21/11/13,133514.0,4292.57
22/11/13,133771.0,4300.85
23/11/13,134301.0,4317.88
24/11/13,134301.0,4317.88
25/11/13,134831.0,4334.91
26/11/13,134692.0,4330.46
27/11/13,134151.0,4313.05
28/11/13,134444.0,4322.46
29/11/13,136080.0,4375.07
30/11/13,134228.0,4315.51
01/12/13,134228.0,4315.51
02/12/13,132375.0,4255.95
03/12/13,132996.0,4275.91
04/12/13,134975.0,4339.56
05/12/13,132967.0,4275.0
06/12/13,133111.0,4279.62
07/12/13,133678.0,4297.85
08/12/13,133678.0,4297.85
09/12/13,134246.0,4316.09
10/12/13,136202.0,4378.98
11/12/13,134120.0,4312.06
12/12/13,131489.0,4227.47
13/12/13,132749.0,4267.97
14/12/13,132704.0,4266.53
15/12/13,132704.0,4266.53
16/12/13,132659.0,4265.09
17/12/13,131306.0,4221.59
18/12/13,130722.0,4202.82
19/12/13,126346.0,4062.13
20/12/13,127834.0,4109.95
21/12/13,127539.0,4100.47
22/12/13,127539.0,4100.47
23/12/13,127244.0,4090.98
24/12/13,127853.0,4110.58
25/12/13,127822.0,4109.57
26/12/13,128537.0,4132.55
27/12/13,128282.0,4124.35
28/12/13,127402.0,4096.04
29/12/13,127402.0,4096.04
30/12/13,126521.0,4067.73
31/12/13,127172.0,4088.67
01/01/14,128119.0,4119.12
02/01/14,129066.0,4149.58
03/01/14,130105.0,4182.97
04/01/14,130324.0,4190.03
05/01/14,130324.0,4190.03
06/01/14,130544.0,4197.1
07/01/14,130208.0,4186.28
08/01/14,129371.0,4159.39
09/01/14,129373.0,4159.42
10/01/14,131704.0,4234.38
11/01/14,132074.0,4246.28
12/01/14,132074.0,4246.28
13/01/14,132444.0,4258.19
14/01/14,131954.0,4242.41
15/01/14,130933.0,4209.58
16/01/14,130959.0,4210.42
17/01/14,132677.0,4265.65
18/01/14,132260.0,4252.27
19/01/14,132260.0,4252.27
20/01/14,131844.0,4238.89
21/01/14,130826.0,4206.15
22/01/14,130446.0,4193.93
23/01/14,133259.0,4284.38
24/01/14,133978.0,4307.49
25/01/14,133288.0,4285.3
26/01/14,133288.0,4285.3
27/01/14,132597.0,4263.1
28/01/14,132583.0,4262.63
29/01/14,133560.0,4294.04
30/01/14,131172.0,4217.29
31/01/14,131404.0,4224.75
01/02/14,132037.0,4245.09
02/02/14,132037.0,4245.09
03/02/14,132670.0,4265.44
04/02/14,132264.0,4252.38
05/02/14,132692.0,4266.14
06/02/14,132690.0,4266.1
07/02/14,133638.0,4296.55
08/02/14,134000.0,4308.17
09/02/14,134000.0,4308.17
10/02/14,134361.0,4319.79
11/02/14,136243.0,4380.31
12/02/14,135900.0,4369.29
13/02/14,137007.0,4404.86
14/02/14,138217.0,4443.77
15/02/14,138684.0,4458.81
16/02/14,138684.0,4458.81
17/02/14,139152.0,4473.85
18/02/14,138615.0,4456.57
19/02/14,137928.0,4434.48
20/02/14,138849.0,4464.1
21/02/14,138745.0,4460.74
22/02/14,139514.0,4485.45
23/02/14,139514.0,4485.45
24/02/14,140282.0,4510.17
25/02/14,140890.0,4529.71
26/02/14,139465.0,4483.91
27/02/14,139503.0,4485.11
28/02/14,139224.0,4476.16
01/03/14,140442.0,4515.31
02/03/14,140442.0,4515.31
03/03/14,141660.0,4554.46
04/03/14,139954.0,4499.62
05/03/14,139382.0,4481.23
06/03/14,140867.0,4528.99
07/03/14,137833.0,4431.42
08/03/14,136550.0,4390.19
09/03/14,136550.0,4390.19
10/03/14,135268.0,4348.97
11/03/14,135252.0,4348.46
12/03/14,133762.0,4300.55
13/03/14,135305.0,4350.17
14/03/14,137432.0,4418.55
15/03/14,136501.0,4388.61
16/03/14,136501.0,4388.61
17/03/14,135570.0,4358.67
18/03/14,134151.0,4313.06
19/03/14,132515.0,4260.45
20/03/14,130311.0,4189.58
21/03/14,131033.0,4212.8
22/03/14,129567.0,4165.67
23/03/14,129567.0,4165.67
24/03/14,128101.0,4118.54
25/03/14,127370.0,4095.06
26/03/14,127782.0,4108.29
27/03/14,126371.0,4062.93
28/03/14,127016.0,4083.64
29/03/14,126560.0,4069.01
30/03/14,126560.0,4069.01
31/03/14,126105.0,4054.38
01/04/14,125615.0,4038.62
02/04/14,126952.0,4081.61
03/04/14,126174.0,4056.58
04/04/14,127851.0,4110.52
05/04/14,127562.0,4101.2
06/04/14,127562.0,4101.2
07/04/14,127272.0,4091.89
08/04/14,127142.0,4087.71
09/04/14,127462.0,4098.0
10/04/14,128068.0,4117.48
11/04/14,128487.0,4130.96
12/04/14,128098.0,4118.45
13/04/14,128098.0,4118.45
14/04/14,127709.0,4105.95
15/04/14,125218.0,4025.85
16/04/14,125653.0,4039.84
17/04/14,125370.0,4030.73
18/04/14,125585.0,4037.64
19/04/14,125585.0,4037.64
20/04/14,125585.0,4037.64
21/04/14,125800.0,4044.55
22/04/14,125204.0,4025.39
23/04/14,125271.0,4027.54
24/04/14,126744.0,4074.93
25/04/14,127895.0,4111.91
26/04/14,127626.0,4103.26
27/04/14,127626.0,4103.26
28/04/14,127357.0,4094.62
29/04/14,127524.0,4100.0
30/04/14,127395.0,4095.85
01/05/14,126753.0,4075.19
02/05/14,128451.0,4129.8
03/05/14,128942.0,4145.57
04/05/14,128942.0,4145.57
05/05/14,129432.0,4161.33
06/05/14,129090.0,4150.34
07/05/14,126681.0,4072.89
08/05/14,127318.0,4093.37
09/05/14,126964.0,4082.0
10/05/14,127290.0,4092.48
11/05/14,127290.0,4092.48
12/05/14,127616.0,4102.96
13/05/14,127715.0,4106.13
14/05/14,128869.0,4143.24
15/05/14,127881.0,4111.48
16/05/14,127037.0,4084.32
17/05/14,127310.0,4093.09
18/05/14,127310.0,4093.09
19/05/14,127582.0,4101.85
20/05/14,127938.0,4113.31
21/05/14,127682.0,4105.09
22/05/14,127807.0,4109.1
23/05/14,127689.0,4105.3
24/05/14,127615.0,4102.91
25/05/14,127615.0,4102.91
26/05/14,127541.0,4100.53
27/05/14,124715.0,4009.69
28/05/14,124237.0,3994.33
29/05/14,123898.0,3983.42
30/05/14,123331.0,3965.17
31/05/14,122934.0,3952.43
01/06/14,122934.0,3952.43
02/06/14,122538.0,3939.69
03/06/14,122843.0,3949.49
04/06/14,122485.0,3937.97
05/06/14,123476.0,3969.85
06/06/14,123351.0,3965.81
07/06/14,123390.0,3967.06
08/06/14,123390.0,3967.06
09/06/14,123428.0,3968.3
10/06/14,124262.0,3995.13
11/06/14,124275.0,3995.53
12/06/14,125324.0,4029.26
13/06/14,125884.0,4047.28
14/06/14,125726.0,4042.2
15/06/14,125726.0,4042.2
16/06/14,125569.0,4037.13
17/06/14,125169.0,4024.26
18/06/14,125731.0,4042.35
19/06/14,129864.0,4175.23
20/06/14,129298.0,4157.04
21/06/14,129594.0,4166.56
22/06/14,129594.0,4166.56
23/06/14,129891.0,4176.08
24/06/14,129976.0,4178.83
25/06/14,130236.0,4187.2
26/06/14,129912.0,4176.78
27/06/14,129805.0,4173.32
28/06/14,130474.0,4194.82
29/06/14,130474.0,4194.82
30/06/14,131143.0,4216.33
01/07/14,130914.0,4208.98
02/07/14,130882.0,4207.96
03/07/14,130086.0,4182.35
04/07/14,130379.0,4191.78
05/07/14,130393.0,4192.23
06/07/14,130393.0,4192.23
07/07/14,130407.0,4192.68
08/07/14,130390.0,4192.13
09/07/14,131058.0,4213.62
10/07/14,131738.0,4235.46
11/07/14,131997.0,4243.81
12/07/14,130536.0,4196.82
13/07/14,130536.0,4196.82
14/07/14,129074.0,4149.82
15/07/14,128031.0,4116.28
16/07/14,128405.0,4128.32
17/07/14,130207.0,4186.27
18/07/14,129550.0,4165.12
19/07/14,129596.0,4166.6
20/07/14,129596.0,4166.6
21/07/14,129642.0,4168.08
22/07/14,129201.0,4153.9
23/07/14,128803.0,4141.13
24/07/14,127836.0,4110.02
25/07/14,128989.0,4147.08
26/07/14,128892.0,4143.99
27/07/14,128892.0,4143.99
28/07/14,128796.0,4140.89
29/07/14,128325.0,4125.75
30/07/14,127899.0,4112.06
31/07/14,126603.0,4070.37
01/08/14,127759.0,4107.55
02/08/14,127540.0,4100.52
03/08/14,127540.0,4100.52
04/08/14,127322.0,4093.49
05/08/14,127410.0,4096.34
06/08/14,129039.0,4148.71
07/08/14,129849.0,4174.75
08/08/14,129396.0,4160.17
09/08/14,129383.0,4159.75
10/08/14,129383.0,4159.75
11/08/14,129370.0,4159.33
12/08/14,129465.0,4162.41
13/08/14,130126.0,4183.63
14/08/14,130479.0,4195.01
15/08/14,130237.0,4187.23
16/08/14,130048.0,4181.15
17/08/14,130048.0,4181.15
18/08/14,129859.0,4175.06
19/08/14,130089.0,4182.45
20/08/14,130310.0,4189.55
21/08/14,128572.0,4133.7
22/08/14,129400.0,4160.32
23/08/14,129427.0,4161.17
24/08/14,129427.0,4161.17
25/08/14,129454.0,4162.03
26/08/14,130074.0,4181.97
27/08/14,130028.0,4180.5
28/08/14,130811.0,4205.68
29/08/14,131127.0,4215.83
30/08/14,131144.0,4216.37
31/08/14,131144.0,4216.37
01/09/14,131161.0,4216.91
02/09/14,128979.0,4146.76
03/09/14,129157.0,4152.49
04/09/14,130585.0,4198.4
05/09/14,129610.0,4167.06
06/09/14,128896.0,4144.08
07/09/14,128896.0,4144.08
08/09/14,128181.0,4121.1
09/09/14,127652.0,4104.12
10/09/14,127889.0,4111.73
11/09/14,126900.0,4079.92
12/09/14,125642.0,4039.48
13/09/14,126300.0,4060.63
14/09/14,126300.0,4060.63
15/09/14,126958.0,4081.78
16/09/14,126711.0,4073.86
17/09/14,126836.0,4077.86
18/09/14,125472.0,4034.03
19/09/14,124747.0,4010.72
20/09/14,124740.0,4010.51
21/09/14,124740.0,4010.51
22/09/14,124734.0,4010.29
23/09/14,125893.0,4047.55
24/09/14,125641.0,4039.46
25/09/14,125260.0,4027.19
26/09/14,125748.0,4042.91
27/09/14,125294.0,4028.32
28/09/14,125294.0,4028.32
29/09/14,124841.0,4013.74
30/09/14,123660.0,3975.75
01/10/14,124225.0,3993.91
02/10/14,124606.0,4006.18
03/10/14,122145.0,3927.07
04/10/14,122416.0,3935.78
05/10/14,122416.0,3935.78
06/10/14,122687.0,3944.48
07/10/14,123172.0,3960.07
08/10/14,124521.0,4003.43
09/10/14,126439.0,4065.09
10/10/14,126124.0,4054.98
11/10/14,126318.0,4061.22
12/10/14,126318.0,4061.22
13/10/14,126512.0,4067.45
14/10/14,126730.0,4074.48
15/10/14,125893.0,4047.56
16/10/14,126844.0,4078.13
17/10/14,127451.0,4097.63
18/10/14,127744.0,4107.05
19/10/14,127744.0,4107.05
20/10/14,128036.0,4116.47
21/10/14,128956.0,4146.02
22/10/14,127779.0,4108.18
23/10/14,127070.0,4085.39
24/10/14,126830.0,4077.67
25/10/14,126654.0,4072.04
26/10/14,126479.0,4066.41
27/10/14,125982.0,4050.43
28/10/14,126222.0,4058.15
29/10/14,125845.0,4046.0
30/10/14,123248.0,3962.51
31/10/14,121099.0,3893.43
01/11/14,120922.0,3887.73
02/11/14,120922.0,3887.73
03/11/14,120745.0,3882.03
04/11/14,119650.0,3846.84
05/11/14,117187.0,3767.66
06/11/14,118306.0,3803.64
07/11/14,120511.0,3874.53
08/11/14,119024.0,3826.73
09/11/14,119024.0,3826.73
10/11/14,117538.0,3778.92
11/11/14,117811.0,3787.71
12/11/14,118529.0,3810.79
13/11/14,118063.0,3795.82
14/11/14,120835.0,3884.95
15/11/14,121076.0,3892.68
16/11/14,121076.0,3892.68
17/11/14,121316.0,3900.41
18/11/14,121763.0,3914.79
19/11/14,120124.0,3862.08
20/11/14,121289.0,3899.52
21/11/14,122088.0,3925.22
22/11/14,121804.0,3916.1
23/11/14,121804.0,3916.1
24/11/14,121521.0,3906.98
25/11/14,121946.0,3920.66
26/11/14,121467.0,3905.26
27/11/14,121537.0,3907.5
28/11/14,118704.0,3816.44
29/11/14,121040.0,3891.55
30/11/14,121040.0,3891.55
01/12/14,123377.0,3966.65
02/12/14,122312.0,3932.42
03/12/14,123087.0,3957.35
04/12/14,122271.0,3931.1
05/12/14,120988.0,3889.87
06/12/14,121514.0,3906.8
07/12/14,121514.0,3906.8
08/12/14,122041.0,3923.72
09/12/14,124427.0,4000.43
10/12/14,122790.0,3947.78
11/12/14,123949.0,3985.06
12/12/14,123073.0,3956.9
13/12/14,121427.0,3903.98
14/12/14,121427.0,3903.98
15/12/14,119781.0,3851.05
16/12/14,120113.0,3861.73
17/12/14,120715.0,3881.09
18/12/14,120364.0,3869.8
19/12/14,119490.0,3841.71
20/12/14,118892.0,3822.47
21/12/14,118892.0,3822.47
22/12/14,118293.0,3803.22
23/12/14,118829.0,3820.45
24/12/14,118047.0,3795.3
25/12/14,117588.0,3780.54
26/12/14,120485.0,3873.67
27/12/14,120068.0,3860.26
28/12/14,120068.0,3860.26
29/12/14,119650.0,3846.84
30/12/14,120792.0,3883.56
31/12/14,119280.0,3834.93
01/01/15,119623.0,3845.96
02/01/15,119922.0,3855.59
03/01/15,120716.0,3881.12
04/01/15,120716.0,3881.12
05/01/15,121510.0,3906.65
06/01/15,123253.0,3962.66
07/01/15,122322.0,3932.73
08/01/15,121772.0,3915.06
09/01/15,123129.0,3958.68
10/01/15,123056.0,3956.32
11/01/15,122982.0,3953.97
12/01/15,123740.0,3978.33
13/01/15,124000.0,3986.68
14/01/15,123731.0,3978.03
15/01/15,127181.0,4088.98
16/01/15,127997.0,4115.2
17/01/15,128234.0,4122.81
18/01/15,128234.0,4122.81
19/01/15,128470.0,4130.41
20/01/15,130257.0,4187.85
21/01/15,129903.0,4176.47
22/01/15,131251.0,4219.82
23/01/15,130683.0,4201.55
24/01/15,130032.0,4180.61
25/01/15,130032.0,4180.61
26/01/15,129380.0,4159.67
27/01/15,130387.0,4192.03
28/01/15,129688.0,4169.58
29/01/15,126899.0,4079.89
30/01/15,129907.0,4176.6
31/01/15,129539.0,4164.77
01/02/15,129539.0,4164.77
02/02/15,129171.0,4152.93
03/02/15,127363.0,4094.82
04/02/15,128685.0,4137.3
05/02/15,127811.0,4109.22
06/02/15,124867.0,4014.57
07/02/15,125035.0,4019.97
08/02/15,125035.0,4019.97
09/02/15,125203.0,4025.36
10/02/15,124639.0,4007.23
11/02/15,123226.0,3961.81
12/02/15,123523.0,3971.34
13/02/15,124617.0,4006.54
14/02/15,125127.0,4022.93
15/02/15,125127.0,4022.93
16/02/15,125637.0,4039.32
17/02/15,122818.0,3948.68
18/02/15,123025.0,3955.36
19/02/15,122611.0,3942.05
20/02/15,122274.0,3931.21
21/02/15,122224.0,3929.62
22/02/15,122224.0,3929.62
23/02/15,122175.0,3928.03
24/02/15,122164.0,3927.67
25/02/15,122539.0,3939.73
26/02/15,123266.0,3963.08
27/02/15,123618.0,3974.42
28/02/15,123300.0,3964.18
01/03/15,123300.0,3964.18
02/03/15,122981.0,3953.93
03/03/15,122778.0,3947.42
04/03/15,122392.0,3934.99
05/03/15,121455.0,3904.88
06/03/15,118993.0,3825.72
07/03/15,118822.0,3820.22
08/03/15,118822.0,3820.22
09/03/15,118651.0,3814.73
10/03/15,118353.0,3805.14
11/03/15,117422.0,3775.22
12/03/15,117394.0,3774.29
13/03/15,117812.0,3787.74
14/03/15,117622.0,3781.65
15/03/15,117622.0,3781.65
16/03/15,117433.0,3775.57
17/03/15,116914.0,3758.86
18/03/15,118779.0,3818.83
19/03/15,119595.0,3845.08
20/03/15,120729.0,3881.54
21/03/15,121200.0,3896.68
22/03/15,121200.0,3896.68
23/03/15,121671.0,3911.83
24/03/15,121463.0,3905.13
25/03/15,121970.0,3921.43
26/03/15,122803.0,3948.21
27/03/15,122179.0,3928.14
28/03/15,122067.0,3924.53
29/03/15,121955.0,3920.93
30/03/15,120789.0,3883.45
31/03/15,120643.0,3878.78
01/04/15,122737.0,3946.08
02/04/15,122428.0,3936.16
03/04/15,123366.0,3966.3
04/04/15,123560.0,3972.55
05/04/15,123560.0,3972.55
06/04/15,123755.0,3978.8
07/04/15,123261.0,3962.92
08/04/15,122653.0,3943.37
09/04/15,122959.0,3953.24
10/04/15,122983.0,3953.99
11/04/15,122600.0,3941.67
12/04/15,122600.0,3941.67
13/04/15,122216.0,3929.35
14/04/15,121351.0,3901.53
15/04/15,122514.0,3938.93
16/04/15,122277.0,3931.3
17/04/15,122301.0,3932.06
18/04/15,121840.0,3917.24
19/04/15,121840.0,3917.24
20/04/15,121379.0,3902.43
21/04/15,122251.0,3930.47
22/04/15,120864.0,3885.87
23/04/15,121540.0,3907.59
24/04/15,119813.0,3852.07
25/04/15,121132.0,3894.49
26/04/15,121132.0,3894.49
27/04/15,122451.0,3936.9
28/04/15,123472.0,3969.73
29/04/15,122952.0,3952.99
30/04/15,120744.0,3882.0
01/05/15,119830.0,3852.64
02/05/15,120365.0,3869.84
03/05/15,120365.0,3869.84
04/05/15,120900.0,3887.04
05/05/15,121586.0,3909.07
06/05/15,121478.0,3905.6
07/05/15,120890.0,3886.71
08/05/15,120971.0,3889.32
09/05/15,120833.0,3884.89
10/05/15,120833.0,3884.89
11/05/15,120695.0,3880.45
12/05/15,121510.0,3906.65
13/05/15,123902.0,3983.54
14/05/15,124591.0,4005.7
15/05/15,124653.0,4007.7
16/05/15,124754.0,4010.93
17/05/15,124754.0,4010.93
18/05/15,124854.0,4014.15
19/05/15,123084.0,3957.24
20/05/15,123569.0,3972.84
21/05/15,122913.0,3951.75
22/05/15,122910.0,3951.65
23/05/15,122988.0,3954.14
24/05/15,122988.0,3954.14
25/05/15,123065.0,3956.63
26/05/15,121041.0,3891.55
27/05/15,121213.0,3897.08
28/05/15,121064.0,3892.3
29/05/15,121405.0,3903.26
30/05/15,121322.0,3900.57
31/05/15,121322.0,3900.57
01/06/15,121238.0,3897.88
02/06/15,121596.0,3909.41
03/06/15,120719.0,3881.21
04/06/15,120176.0,3863.74
05/06/15,119435.0,3839.93
06/06/15,119498.0,3841.97
07/06/15,119498.0,3841.97
08/06/15,119562.0,3844.0
09/06/15,119940.0,3856.15
10/06/15,120941.0,3888.35
11/06/15,120479.0,3873.5
12/06/15,120240.0,3865.81
13/06/15,120545.0,3875.62
14/06/15,120545.0,3875.62
15/06/15,120850.0,3885.43
16/06/15,120390.0,3870.63
17/06/15,120785.0,3883.32
18/06/15,122612.0,3942.06
19/06/15,122213.0,3929.25
20/06/15,121412.0,3903.51
21/06/15,121412.0,3903.51
22/06/15,120612.0,3877.76
23/06/15,119911.0,3855.21
24/06/15,119627.0,3846.1
25/06/15,119481.0,3841.4
26/06/15,119492.0,3841.74
27/06/15,119854.0,3853.38
28/06/15,119854.0,3853.38
29/06/15,120215.0,3865.02
30/06/15,119606.0,3845.43
01/07/15,118900.0,3822.71
02/07/15,118720.0,3816.92
03/07/15,118891.0,3822.45
04/07/15,119050.0,3827.53
05/07/15,119050.0,3827.53
06/07/15,119208.0,3832.62
07/07/15,117782.0,3786.79
08/07/15,117669.0,3783.14
09/07/15,118082.0,3796.43
10/07/15,118226.0,3801.04
11/07/15,118029.0,3794.72
12/07/15,118029.0,3794.72
13/07/15,117832.0,3788.39
14/07/15,117713.0,3784.56
15/07/15,117242.0,3769.43
16/07/15,116639.0,3750.04
17/07/15,115461.0,3712.15
18/07/15,113668.0,3654.49
19/07/15,113668.0,3654.49
20/07/15,111874.0,3596.82
21/07/15,112322.0,3611.22
22/07/15,111575.0,3587.21
23/07/15,111156.0,3573.75
24/07/15,111874.0,3596.84
25/07/15,111676.0,3590.46
26/07/15,111676.0,3590.46
27/07/15,111477.0,3584.08
28/07/15,111480.0,3584.18
29/07/15,112486.0,3616.5
30/07/15,110662.0,3557.87
31/07/15,111386.0,3581.13
01/08/15,111011.0,3569.08
02/08/15,111011.0,3569.08
03/08/15,110636.0,3557.03
04/08/15,110659.0,3557.75
05/08/15,110500.0,3552.65
06/08/15,111072.0,3571.06
07/08/15,111406.0,3581.79
08/08/15,111890.0,3597.36
09/08/15,111890.0,3597.36
10/08/15,112375.0,3612.94
11/08/15,112834.0,3627.7
12/08/15,114701.0,3687.74
13/08/15,113523.0,3649.83
14/08/15,113522.0,3649.8
15/08/15,113768.0,3657.7
16/08/15,113768.0,3657.7
17/08/15,114013.0,3665.6
18/08/15,114280.0,3674.2
19/08/15,114713.0,3688.11
20/08/15,116938.0,3759.64
21/08/15,118397.0,3806.56
22/08/15,118356.0,3805.26
23/08/15,118356.0,3805.26
24/08/15,118316.0,3803.96
25/08/15,118516.0,3810.37
26/08/15,118193.0,3799.99
27/08/15,117346.0,3772.76
28/08/15,117846.0,3788.82
29/08/15,118000.0,3793.8
30/08/15,118000.0,3793.8
31/08/15,118155.0,3798.77
01/09/15,118283.0,3802.89
02/09/15,118603.0,3813.17
03/09/15,118276.0,3802.66
04/09/15,116960.0,3760.35
05/09/15,116800.0,3755.2
06/09/15,116800.0,3755.2
07/09/15,116640.0,3750.06
08/09/15,115369.0,3709.2
09/09/15,115285.0,3706.51
10/09/15,116145.0,3734.14
11/09/15,115674.0,3718.99
12/09/15,115745.0,3721.28
13/09/15,115745.0,3721.28
14/09/15,115816.0,3723.57
15/09/15,115525.0,3714.21
16/09/15,116875.0,3757.63
17/09/15,117671.0,3783.21
18/09/15,118871.0,3821.78
19/09/15,118585.0,3812.59
20/09/15,118585.0,3812.59
21/09/15,118299.0,3803.39
22/09/15,117497.0,3777.63
23/09/15,118121.0,3797.69
24/09/15,120793.0,3883.57
25/09/15,119645.0,3846.68
26/09/15,118971.0,3825.01
27/09/15,118971.0,3825.01
28/09/15,118297.0,3803.33
29/09/15,117712.0,3784.54
30/09/15,116463.0,3744.37
01/10/15,116478.0,3744.84
02/10/15,118875.0,3821.93
03/10/15,118770.0,3818.56
04/10/15,118770.0,3818.56
05/10/15,118666.0,3815.19
06/10/15,119954.0,3856.6
07/10/15,119707.0,3848.66
08/10/15,118906.0,3822.9
09/10/15,120818.0,3884.39
10/10/15,121249.0,3898.24
11/10/15,121249.0,3898.24
12/10/15,121680.0,3912.09
13/10/15,122128.0,3926.5
14/10/15,123730.0,3978.01
15/10/15,123698.0,3976.97
16/10/15,122823.0,3948.86
17/10/15,122547.0,3939.98
18/10/15,122547.0,3939.98
19/10/15,122271.0,3931.1
20/10/15,122802.0,3948.19
21/10/15,121987.0,3921.97
22/10/15,121883.0,3918.64
23/10/15,121603.0,3909.63
24/10/15,121542.0,3907.66
25/10/15,121542.0,3907.66
26/10/15,121481.0,3905.7
27/10/15,122711.0,3945.24
28/10/15,121749.0,3914.31
29/10/15,120660.0,3879.31
30/10/15,120560.0,3876.09
31/10/15,120064.0,3860.16
01/11/15,120064.0,3860.16
02/11/15,119569.0,3844.23
03/11/15,117877.0,3789.84
04/11/15,116679.0,3751.31
05/11/15,116333.0,3740.18
06/11/15,114909.0,3694.4
07/11/15,115188.0,3703.39
08/11/15,115188.0,3703.39
09/11/15,115468.0,3712.38
10/11/15,114902.0,3694.18
11/11/15,114071.0,3667.48
12/11/15,114379.0,3677.36
13/11/15,114190.0,3671.3
14/11/15,114199.0,3671.59
15/11/15,114199.0,3671.59
16/11/15,114208.0,3671.88
17/11/15,112988.0,3632.66
18/11/15,112918.0,3630.39
19/11/15,113964.0,3664.04
20/11/15,113765.0,3657.63
21/11/15,112999.0,3633.01
22/11/15,112999.0,3633.01
23/11/15,112233.0,3608.39
24/11/15,113432.0,3646.94
25/11/15,112641.0,3621.48
26/11/15,113229.0,3640.4
27/11/15,111559.0,3586.7
28/11/15,111962.0,3599.67
29/11/15,111962.0,3599.67
30/11/15,112366.0,3612.64
01/12/15,112451.0,3615.37
02/12/15,110986.0,3568.27
03/12/15,108128.0,3476.39
04/12/15,114556.0,3683.07
05/12/15,113176.0,3638.69
06/12/15,113176.0,3638.69
07/12/15,111795.0,3594.31
08/12/15,111101.0,3571.98
09/12/15,111345.0,3579.82
10/12/15,111401.0,3581.63
11/12/15,111917.0,3598.21
12/12/15,111348.0,3579.93
13/12/15,111348.0,3579.93
14/12/15,110780.0,3561.66
15/12/15,110887.0,3565.1
16/12/15,111361.0,3580.35
17/12/15,109908.0,3533.63
18/12/15,111647.0,3589.54
19/12/15,112122.0,3604.8
20/12/15,112122.0,3604.8
21/12/15,112596.0,3620.05
22/12/15,112558.0,3618.84
23/12/15,112313.0,3610.94
24/12/15,112763.0,3625.42
25/12/15,112715.0,3623.86
26/12/15,112341.0,3611.85
27/12/15,112341.0,3611.85
28/12/15,111967.0,3599.83
29/12/15,112525.0,3617.76
30/12/15,111301.0,3578.43
31/12/15,111357.0,3580.22
01/01/16,111950.0,3599.3
02/01/16,111950.0,3599.3
03/01/16,111950.0,3599.3
04/01/16,112544.0,3618.37
05/01/16,112934.0,3630.91
06/01/16,114733.0,3688.75
07/01/16,115967.0,3728.43
08/01/16,115836.0,3724.21
09/01/16,115520.0,3714.06
10/01/16,115520.0,3714.06
11/01/16,115204.0,3703.9
12/01/16,114123.0,3669.15
13/01/16,114359.0,3676.74
14/01/16,113847.0,3660.27
15/01/16,114248.0,3673.14
16/01/16,114296.0,3674.71
17/01/16,114296.0,3674.71
18/01/16,114345.0,3676.28
19/01/16,113598.0,3652.24
20/01/16,115299.0,3706.94
21/01/16,115316.0,3707.51
22/01/16,115215.0,3704.24
23/01/16,116592.0,3748.49
24/01/16,116592.0,3748.49
25/01/16,117968.0,3792.75
26/01/16,117478.0,3777.0
27/01/16,117844.0,3788.78
28/01/16,116740.0,3753.26
29/01/16,117307.0,3771.5
30/01/16,118067.0,3795.93
31/01/16,118067.0,3795.93
01/02/16,118827.0,3820.36
02/02/16,118453.0,3808.35
03/02/16,119859.0,3853.55
04/02/16,121191.0,3896.38
05/02/16,122281.0,3931.43
06/02/16,123225.0,3961.77
07/02/16,123225.0,3961.77
08/02/16,124169.0,3992.11
09/02/16,124495.0,4002.62
10/02/16,125310.0,4028.81
11/02/16,130383.0,4191.91
12/02/16,129258.0,4155.75
13/02/16,128195.0,4121.57
14/02/16,128195.0,4121.57
15/02/16,127132.0,4087.38
16/02/16,125102.0,4022.12
17/02/16,126601.0,4070.32
18/02/16,128996.0,4147.32
19/02/16,128647.0,4136.11
20/02/16,127619.0,4103.05
21/02/16,127619.0,4103.05
22/02/16,126591.0,4069.99
23/02/16,128578.0,4133.88
24/02/16,127875.0,4111.26
25/02/16,129188.0,4153.5
26/02/16,127864.0,4110.93
27/02/16,128763.0,4139.84
28/02/16,128763.0,4139.84
29/02/16,129662.0,4168.74
01/03/16,129145.0,4152.1
02/03/16,129845.0,4174.63
03/03/16,133177.0,4281.74
04/03/16,131762.0,4236.24
05/03/16,131846.0,4238.94
06/03/16,131846.0,4238.94
07/03/16,131930.0,4241.64
08/03/16,132027.0,4244.78
09/03/16,130934.0,4209.62
10/03/16,130955.0,4210.3
11/03/16,130433.0,4193.53
12/03/16,130322.0,4189.94
13/03/16,130210.0,4186.36
14/03/16,129523.0,4164.26
15/03/16,129087.0,4150.26
16/03/16,130382.0,4191.88
17/03/16,131946.0,4242.16
18/03/16,131379.0,4223.94
19/03/16,130831.0,4206.32
20/03/16,130831.0,4206.32
21/03/16,130283.0,4188.7
22/03/16,130731.0,4203.11
23/03/16,127292.0,4092.52
24/03/16,127450.0,4097.62
25/03/16,127396.0,4095.87
26/03/16,127694.0,4105.44
27/03/16,127694.0,4105.44
28/03/16,127991.0,4115.02
29/03/16,130241.0,4187.36
30/03/16,128231.0,4122.72
31/03/16,129335.0,4158.21
01/04/16,128043.0,4116.68
02/04/16,127632.0,4103.45
03/04/16,127632.0,4103.45
04/04/16,127220.0,4090.23
05/04/16,127852.0,4110.53
06/04/16,128822.0,4141.73
07/04/16,129932.0,4177.42
08/04/16,129793.0,4172.95
09/04/16,130830.0,4206.28
10/04/16,130830.0,4206.28
11/04/16,131867.0,4239.61
12/04/16,131438.0,4225.83
13/04/16,129866.0,4175.29
14/04/16,128236.0,4122.87
15/04/16,129515.0,4164.0
16/04/16,129333.0,4158.15
17/04/16,129333.0,4158.15
18/04/16,129151.0,4152.29
19/04/16,131071.0,4214.02
20/04/16,130657.0,4200.73
21/04/16,130829.0,4206.26
22/04/16,128574.0,4133.74
23/04/16,128930.0,4145.19
24/04/16,128930.0,4145.19
25/04/16,129286.0,4156.64
26/04/16,130220.0,4186.68
27/04/16,130459.0,4194.35
28/04/16,132788.0,4269.23
29/04/16,134085.0,4310.94
30/04/16,134430.0,4322.05
01/05/16,134430.0,4322.05
02/05/16,134776.0,4333.16
03/05/16,135737.0,4364.04
04/05/16,133861.0,4303.72
05/05/16,133850.0,4303.39
06/05/16,134921.0,4337.81
07/05/16,133634.0,4296.44
08/05/16,133634.0,4296.44
09/05/16,132348.0,4255.08
10/05/16,132572.0,4262.3
11/05/16,133789.0,4301.42
12/05/16,132226.0,4251.16
13/05/16,133289.0,4285.33
14/05/16,133343.0,4287.07
15/05/16,133343.0,4287.07
16/05/16,133397.0,4288.82
17/05/16,134029.0,4309.12
18/05/16,131746.0,4235.72
19/05/16,131400.0,4224.61
20/05/16,131258.0,4220.05
21/05/16,131090.0,4214.64
22/05/16,131090.0,4214.64
23/05/16,130922.0,4209.23
24/05/16,128619.0,4135.18
25/05/16,127884.0,4111.58
26/05/16,128011.0,4115.65
27/05/16,127054.0,4084.89
28/05/16,126720.0,4074.15
29/05/16,126720.0,4074.15
30/05/16,126386.0,4063.41
31/05/16,127387.0,4095.6
01/06/16,127111.0,4086.7
02/06/16,126612.0,4070.66
03/06/16,130189.0,4185.66
04/06/16,130232.0,4187.03
05/06/16,130232.0,4187.03
06/06/16,130274.0,4188.41
07/06/16,130133.0,4183.88
08/06/16,132255.0,4252.09
09/06/16,132349.0,4255.13
10/06/16,132629.0,4264.12
11/06/16,133851.0,4303.4
12/06/16,133851.0,4303.4
13/06/16,135073.0,4342.69
14/06/16,134378.0,4320.34
15/06/16,134313.0,4318.27
16/06/16,133624.0,4296.11
17/06/16,136217.0,4379.48
18/06/16,135673.0,4361.99
19/06/16,135673.0,4361.99
20/06/16,135129.0,4344.51
21/06/16,132312.0,4253.93
22/06/16,132539.0,4261.24
23/06/16,131541.0,4229.15
24/06/16,139693.0,4491.23
25/06/16,139264.0,4477.42
26/06/16,139264.0,4477.42
27/06/16,138834.0,4463.62
28/06/16,137904.0,4433.71
29/06/16,138077.0,4439.28
30/06/16,138446.0,4451.15
01/07/16,140584.0,4519.87
02/07/16,141011.0,4533.6
03/07/16,141011.0,4533.6
04/07/16,141438.0,4547.33
05/07/16,142006.0,4565.61
06/07/16,142813.0,4591.56
07/07/16,142733.0,4588.96
08/07/16,143085.0,4600.3
09/07/16,142574.0,4583.89
10/07/16,142574.0,4583.89
11/07/16,142064.0,4567.47
12/07/16,139670.0,4490.5
13/07/16,140759.0,4525.49
14/07/16,139913.0,4498.3
15/07/16,140252.0,4509.19
16/07/16,139623.0,4488.97
17/07/16,139623.0,4488.97
18/07/16,138994.0,4468.74
19/07/16,139646.0,4489.72
20/07/16,137940.0,4434.89
21/07/16,139526.0,4485.86
22/07/16,138575.0,4455.3
23/07/16,138260.0,4445.15
24/07/16,138260.0,4445.15
25/07/16,137944.0,4434.99
26/07/16,138403.0,4449.75
27/07/16,141277.0,4542.17
28/07/16,140016.0,4501.62
29/07/16,141622.0,4553.25
30/07/16,141709.0,4556.06
31/07/16,141709.0,4556.06
01/08/16,141796.0,4558.86
02/08/16,142893.0,4594.13
03/08/16,142144.0,4570.05
04/08/16,142480.0,4580.85
05/08/16,139704.0,4491.59
06/08/16,139718.0,4492.05
07/08/16,139718.0,4492.05
08/08/16,139733.0,4492.51
09/08/16,140130.0,4505.29
10/08/16,140796.0,4526.69
11/08/16,139945.0,4499.35
12/08/16,139767.0,4493.61
13/08/16,140420.0,4514.59
14/08/16,140420.0,4514.59
15/08/16,141072.0,4535.57
16/08/16,140897.0,4529.93
17/08/16,141132.0,4537.5
18/08/16,141679.0,4555.1
19/08/16,140387.0,4513.54
20/08/16,140338.0,4511.97
21/08/16,140338.0,4511.97
22/08/16,140289.0,4510.4
23/08/16,140174.0,4506.7
24/08/16,138682.0,4458.74
25/08/16,138457.0,4451.48
26/08/16,138429.0,4450.61
27/08/16,138552.0,4454.56
28/08/16,138552.0,4454.56
29/08/16,138675.0,4458.51
30/08/16,137407.0,4417.75
31/08/16,137051.0,4406.29
01/09/16,137613.0,4424.35
02/09/16,138345.0,4447.88
03/09/16,138340.0,4447.71
04/09/16,138340.0,4447.71
05/09/16,138334.0,4447.54
06/09/16,141161.0,4538.42
07/09/16,140497.0,4517.07
08/09/16,139635.0,4489.36
09/09/16,138584.0,4455.58
10/09/16,138533.0,4453.93
11/09/16,138533.0,4453.93
12/09/16,138482.0,4452.28
13/09/16,137581.0,4423.33
14/09/16,138011.0,4437.15
15/09/16,137505.0,4420.89
16/09/16,137011.0,4404.99
17/09/16,137134.0,4408.97
18/09/16,137134.0,4408.97
19/09/16,137258.0,4412.95
20/09/16,137510.0,4421.04
21/09/16,140599.0,4520.36
22/09/16,140746.0,4525.08
23/09/16,140123.0,4505.05
24/09/16,140164.0,4506.38
25/09/16,140164.0,4506.38
26/09/16,140205.0,4507.71
27/09/16,139020.0,4469.6
28/09/16,138298.0,4446.39
29/09/16,138179.0,4442.56
30/09/16,136990.0,4404.33
01/10/16,137052.0,4406.3
02/10/16,137052.0,4406.3
03/10/16,137113.0,4408.27
04/10/16,132507.0,4260.21
05/10/16,131951.0,4242.32
06/10/16,131069.0,4213.96
07/10/16,131566.0,4229.93
08/10/16,131290.0,4221.06
09/10/16,131290.0,4221.06
10/10/16,131013.0,4212.18
11/10/16,131015.0,4212.23
12/10/16,131265.0,4220.26
13/10/16,131948.0,4242.23
14/10/16,130929.0,4209.48
15/10/16,131224.0,4218.98
16/10/16,131224.0,4218.98
17/10/16,131520.0,4228.48
18/10/16,132445.0,4258.2
19/10/16,132870.0,4271.87
20/10/16,132352.0,4255.21
21/10/16,132745.0,4267.86
22/10/16,132611.0,4263.55
23/10/16,132611.0,4263.55
24/10/16,132477.0,4259.24
25/10/16,133548.0,4293.65
26/10/16,132578.0,4262.48
27/10/16,132881.0,4272.21
28/10/16,134514.0,4324.72
29/10/16,133827.0,4302.64
30/10/16,133827.0,4302.64
31/10/16,133140.0,4280.56
01/11/16,135297.0,4349.89
02/11/16,136015.0,4372.99
03/11/16,136454.0,4387.08
04/11/16,136361.0,4384.1
05/11/16,135281.0,4349.38
06/11/16,135281.0,4349.38
07/11/16,134201.0,4314.66
08/11/16,133474.0,4291.29
09/11/16,133754.0,4300.29
10/11/16,131808.0,4237.71
11/11/16,128340.0,4126.24
12/11/16,128143.0,4119.89
13/11/16,128143.0,4119.89
14/11/16,127946.0,4113.54
15/11/16,128703.0,4137.91
16/11/16,128244.0,4123.14
17/11/16,127487.0,4098.82
18/11/16,126675.0,4072.69
19/11/16,126914.0,4080.39
20/11/16,126914.0,4080.39
21/11/16,127154.0,4088.09
22/11/16,127083.0,4085.8
23/11/16,124514.0,4003.23
24/11/16,124034.0,3987.77
25/11/16,124274.0,3995.52
26/11/16,124746.0,4010.7
27/11/16,124746.0,4010.7
28/11/16,125219.0,4025.88
29/11/16,124562.0,4004.77
30/11/16,122994.0,3954.34
01/12/16,122767.0,3947.05
02/12/16,123367.0,3966.34
03/12/16,122999.0,3954.51
04/12/16,122999.0,3954.51
05/12/16,122631.0,3942.68
06/12/16,122598.0,3941.63
07/12/16,122977.0,3953.79
08/12/16,122648.0,3943.24
09/12/16,121304.0,3900.0
10/12/16,121272.0,3898.96
11/12/16,121239.0,3897.92
12/12/16,121841.0,3917.26
13/12/16,121397.0,3902.99
14/12/16,119809.0,3851.95
15/12/16,118277.0,3802.69
16/12/16,118892.0,3822.46
17/12/16,119104.0,3829.28
18/12/16,119104.0,3829.28
19/12/16,119316.0,3836.1
20/12/16,118686.0,3815.84
21/12/16,118469.0,3808.88
22/12/16,118344.0,3804.86
23/12/16,118853.0,3821.22
24/12/16,118880.0,3822.07
25/12/16,118880.0,3822.07
26/12/16,118906.0,3822.92
27/12/16,119382.0,3838.23
28/12/16,119654.0,3846.97
29/12/16,121310.0,3900.2
30/12/16,120219.0,3865.12
31/12/16,120207.0,3864.74
01/01/17,120207.0,3864.74
02/01/17,120195.0,3864.36
03/01/17,121141.0,3894.79
04/01/17,121438.0,3904.32
05/01/17,122413.0,3935.67
06/01/17,122869.0,3950.33
07/01/17,123040.0,3955.85
08/01/17,123040.0,3955.85
09/01/17,123212.0,3961.36
10/01/17,124289.0,3995.97
11/01/17,124358.0,3998.19
12/01/17,125768.0,4043.52
13/01/17,125558.0,4036.79
14/01/17,125785.0,4044.09
15/01/17,125785.0,4044.09
16/01/17,126012.0,4051.38
17/01/17,127353.0,4094.51
18/01/17,126034.0,4052.1
19/01/17,126171.0,4056.49
20/01/17,126105.0,4054.36
21/01/17,126631.0,4071.28
22/01/17,126631.0,4071.28
23/01/17,127157.0,4088.21
24/01/17,126735.0,4074.64
25/01/17,125862.0,4046.55
26/01/17,125143.0,4023.43
27/01/17,124827.0,4013.29
28/01/17,124924.0,4016.42
29/01/17,124924.0,4016.42
30/01/17,125022.0,4019.55
31/01/17,126489.0,4066.73
01/02/17,126780.0,4076.07
02/02/17,127355.0,4094.57
03/02/17,127753.0,4107.36
04/02/17,128480.0,4130.72
05/02/17,128480.0,4130.72
06/02/17,129206.0,4154.07
07/02/17,129144.0,4152.09
08/02/17,129426.0,4161.14
09/02/17,128825.0,4141.81
10/02/17,129266.0,4156.0
11/02/17,129218.0,4154.47
12/02/17,129218.0,4154.47
13/02/17,129171.0,4152.93
14/02/17,129357.0,4158.92
15/02/17,128748.0,4139.36
16/02/17,129322.0,4157.8
17/02/17,129427.0,4161.19
18/02/17,129601.0,4166.78
19/02/17,129601.0,4166.78
20/02/17,129775.0,4172.37
21/02/17,129480.0,4162.87
22/02/17,129028.0,4148.36
23/02/17,130919.0,4209.14
24/02/17,131777.0,4236.74
25/02/17,131580.0,4230.39
26/02/17,131580.0,4230.39
27/02/17,131382.0,4224.04
28/02/17,130589.0,4198.52
01/03/17,130591.0,4198.6
02/03/17,129682.0,4169.37
03/03/17,129397.0,4160.21
04/03/17,128936.0,4145.39
05/03/17,128936.0,4145.39
06/03/17,128475.0,4130.56
07/03/17,127609.0,4102.73
08/03/17,126560.0,4069.01
09/03/17,125614.0,4038.58
10/03/17,125516.0,4035.43
11/03/17,125758.0,4043.22
12/03/17,125758.0,4043.22
13/03/17,126001.0,4051.02
14/03/17,125837.0,4045.76
15/03/17,126645.0,4071.73
16/03/17,128027.0,4116.17
17/03/17,128820.0,4141.65
18/03/17,129200.0,4153.88
19/03/17,129200.0,4153.88
20/03/17,129580.0,4166.1
21/03/17,130585.0,4198.42
22/03/17,130623.0,4199.61
23/03/17,130530.0,4196.63
24/03/17,130607.0,4199.11
25/03/17,130978.0,4211.02
26/03/17,130978.0,4211.02
27/03/17,131348.0,4222.94
28/03/17,131061.0,4213.7
29/03/17,131266.0,4220.29
30/03/17,131031.0,4212.76
31/03/17,130968.0,4210.7
01/04/17,131285.0,4220.9
02/04/17,131285.0,4220.9
03/04/17,131602.0,4231.1
04/04/17,131583.0,4230.5
05/04/17,131868.0,4239.66
06/04/17,131441.0,4225.94
07/04/17,131409.0,4224.9
08/04/17,131552.0,4229.49
09/04/17,131552.0,4229.49
10/04/17,131695.0,4234.08
11/04/17,133713.0,4298.96
12/04/17,134900.0,4337.13
13/04/17,134957.0,4338.96
14/04/17,135065.0,4342.45
15/04/17,134748.0,4332.24
16/04/17,134748.0,4332.24
17/04/17,134430.0,4322.03
18/04/17,134379.0,4320.37
19/04/17,134344.0,4319.26
20/04/17,134726.0,4331.53
21/04/17,134369.0,4320.08
22/04/17,134090.0,4311.1
23/04/17,134090.0,4311.1
24/04/17,133811.0,4302.13
25/04/17,131887.0,4240.27
26/04/17,132534.0,4261.06
27/04/17,132776.0,4268.84
28/04/17,133363.0,4287.72
29/04/17,132728.0,4267.31
30/04/17,132728.0,4267.31
01/05/17,132093.0,4246.89
02/05/17,131652.0,4232.72
03/05/17,130061.0,4181.55
04/05/17,128176.0,4120.95
05/05/17,128573.0,4133.73
06/05/17,128808.0,4141.3
07/05/17,128808.0,4141.3
08/05/17,129044.0,4148.87
09/05/17,128538.0,4132.61
10/05/17,127626.0,4103.28
11/05/17,128385.0,4127.67
12/05/17,128092.0,4118.27
13/05/17,128582.0,4134.01
14/05/17,128582.0,4134.01
15/05/17,129071.0,4149.74
16/05/17,129844.0,4174.58
17/05/17,131426.0,4225.44
18/05/17,131330.0,4222.35
19/05/17,131078.0,4214.24
20/05/17,131692.0,4233.99
21/05/17,131692.0,4233.99
22/05/17,132306.0,4253.74
23/05/17,131843.0,4238.84
24/05/17,131579.0,4230.35
25/05/17,131693.0,4234.04
26/05/17,133249.0,4284.06
27/05/17,133138.0,4280.5
28/05/17,133138.0,4280.5
29/05/17,133027.0,4276.93
30/05/17,132362.0,4255.55
31/05/17,132717.0,4266.95
01/06/17,132759.0,4268.31
02/06/17,133304.0,4285.81
03/06/17,133628.0,4296.22
04/06/17,133628.0,4296.22
05/06/17,133951.0,4306.62
06/06/17,135325.0,4350.8
07/06/17,134169.0,4313.62
08/06/17,134643.0,4328.86
09/06/17,132646.0,4264.67
10/06/17,132606.0,4263.37
11/06/17,132606.0,4263.37
12/06/17,132565.0,4262.07
13/06/17,132878.0,4272.13
14/06/17,132422.0,4257.46
15/06/17,131485.0,4227.35
16/06/17,131331.0,4222.41
17/06/17,131206.0,4218.39
18/06/17,131206.0,4218.39
19/06/17,131081.0,4214.36
20/06/17,130770.0,4204.34
21/06/17,130951.0,4210.17
22/06/17,131317.0,4221.94
23/06/17,131378.0,4223.91
24/06/17,130850.0,4206.92
25/06/17,130850.0,4206.92
26/06/17,130322.0,4189.94
27/06/17,130166.0,4184.92
28/06/17,130761.0,4204.07
29/06/17,130278.0,4188.55
30/06/17,129907.0,4176.61
01/07/17,129156.0,4152.46
02/07/17,129156.0,4152.46
03/07/17,128405.0,4128.31
04/07/17,128629.0,4135.52
05/07/17,128486.0,4130.91
06/07/17,129768.0,4172.15
07/07/17,128403.0,4128.24
08/07/17,128062.0,4117.31
09/07/17,128062.0,4117.31
10/07/17,127722.0,4106.37
11/07/17,128180.0,4121.07
12/07/17,128703.0,4137.88
13/07/17,128023.0,4116.04
14/07/17,128689.0,4137.45
15/07/17,129162.0,4152.66
16/07/17,129162.0,4152.66
17/07/17,129635.0,4167.87
18/07/17,130840.0,4206.6
19/07/17,130658.0,4200.77
20/07/17,129563.0,4165.53
21/07/17,131982.0,4243.32
22/07/17,132012.0,4244.26
23/07/17,132012.0,4244.26
24/07/17,132041.0,4245.21
25/07/17,131361.0,4223.36
26/07/17,131653.0,4232.76
27/07/17,133034.0,4277.15
28/07/17,133279.0,4285.01
29/07/17,132850.0,4271.23
30/07/17,132850.0,4271.23
31/07/17,132421.0,4257.44
01/08/17,133666.0,4297.48
02/08/17,133074.0,4278.43
03/08/17,133346.0,4287.18
04/08/17,132604.0,4263.32
05/08/17,132581.0,4262.59
06/08/17,132581.0,4262.59
07/08/17,132558.0,4261.85
08/08/17,133643.0,4296.72
09/08/17,134186.0,4314.18
10/08/17,135037.0,4341.53
11/08/17,134935.0,4338.26
12/08/17,134884.0,4336.61
13/08/17,134884.0,4336.61
14/08/17,134832.0,4334.97
15/08/17,134286.0,4317.38
16/08/17,134436.0,4322.23
17/08/17,135465.0,4355.31
18/08/17,135311.0,4350.33
19/08/17,135391.0,4352.91
20/08/17,135391.0,4352.91
21/08/17,135471.0,4355.5
22/08/17,135119.0,4344.17
23/08/17,135333.0,4351.07
24/08/17,135478.0,4355.73
25/08/17,134875.0,4336.32
26/08/17,136660.0,4393.74
27/08/17,136660.0,4393.74
28/08/17,138446.0,4451.16
29/08/17,138534.0,4453.97
30/08/17,138223.0,4443.96
31/08/17,138366.0,4448.58
01/09/17,140084.0,4503.79
02/09/17,140137.0,4505.51
03/09/17,140137.0,4505.51
04/09/17,140190.0,4507.22
05/09/17,141282.0,4542.31
06/09/17,140379.0,4513.28
07/09/17,141716.0,4556.28
08/09/17,142248.0,4573.37
09/09/17,141378.0,4545.42
10/09/17,141378.0,4545.42
11/09/17,140509.0,4517.47
12/09/17,139959.0,4499.79
13/09/17,140519.0,4517.79
14/09/17,140475.0,4516.39
15/09/17,139145.0,4473.63
16/09/17,138539.0,4454.13
17/09/17,138539.0,4454.13
18/09/17,137933.0,4434.63
19/09/17,138135.0,4441.15
20/09/17,136904.0,4401.56
21/09/17,135733.0,4363.91
22/09/17,136870.0,4400.47
23/09/17,137368.0,4416.51
24/09/17,137368.0,4416.51
25/09/17,137867.0,4432.54
26/09/17,136292.0,4381.89
27/09/17,135277.0,4349.26
28/09/17,135690.0,4362.52
29/09/17,135583.0,4359.09
30/09/17,134858.0,4335.79
01/10/17,134858.0,4335.79
02/10/17,134133.0,4312.49
03/10/17,134318.0,4318.42
04/10/17,134427.0,4321.94
05/10/17,134107.0,4311.64
06/10/17,134099.0,4311.38
07/10/17,134607.0,4327.72
08/10/17,134607.0,4327.72
09/10/17,135115.0,4344.06
10/10/17,135426.0,4354.03
11/10/17,135513.0,4356.84
12/10/17,136225.0,4379.73
13/10/17,137390.0,4417.18
14/10/17,136873.0,4400.57
15/10/17,136873.0,4400.57
16/10/17,136356.0,4383.96
17/10/17,135414.0,4353.67
18/10/17,134368.0,4320.04
19/10/17,135546.0,4357.92
20/10/17,134922.0,4337.85
21/10/17,135030.0,4341.32
22/10/17,135030.0,4341.32
23/10/17,135138.0,4344.79
24/10/17,134355.0,4319.61
25/10/17,134356.0,4319.65
26/10/17,133505.0,4292.27
27/10/17,134408.0,4321.31
28/10/17,134444.0,4322.49
29/10/17,134444.0,4322.49
30/10/17,134481.0,4323.66
31/10/17,133653.0,4297.04
01/11/17,134539.0,4325.52
02/11/17,134334.0,4318.95
03/11/17,134164.0,4313.48
04/11/17,134430.0,4322.05
05/11/17,134430.0,4322.05
06/11/17,134697.0,4330.62
07/11/17,134323.0,4318.58
08/11/17,134799.0,4333.89
09/11/17,135212.0,4347.17
10/11/17,133901.0,4305.01
11/11/17,134266.0,4316.74
12/11/17,134266.0,4316.74
13/11/17,134631.0,4328.48
14/11/17,134014.0,4308.66
15/11/17,134887.0,4336.71
16/11/17,134641.0,4328.8
17/11/17,136453.0,4387.08
18/11/17,135829.0,4367.02
19/11/17,135829.0,4367.02
20/11/17,135205.0,4346.96
21/11/17,134892.0,4336.89
22/11/17,135263.0,4348.82
23/11/17,135958.0,4371.15
24/11/17,135553.0,4358.14
25/11/17,136271.0,4381.22
26/11/17,136271.0,4381.22
27/11/17,136989.0,4404.29
28/11/17,136859.0,4400.13
29/11/17,135340.0,4351.28
30/11/17,134295.0,4317.69
01/12/17,134979.0,4339.67
02/12/17,134767.0,4332.86
03/12/17,134767.0,4332.86
04/12/17,134555.0,4326.06
05/12/17,133899.0,4304.96
06/12/17,133430.0,4289.89
07/12/17,131490.0,4227.5
08/12/17,132185.0,4249.85
09/12/17,132970.0,4275.1
10/12/17,132970.0,4275.1
11/12/17,133756.0,4300.34
12/12/17,135477.0,4355.69
13/12/17,136277.0,4381.42
14/12/17,138242.0,4444.6
15/12/17,138507.0,4453.1
16/12/17,138617.0,4456.64
17/12/17,138617.0,4456.64
18/12/17,138727.0,4460.18
19/12/17,139232.0,4476.41
20/12/17,140025.0,4501.92
21/12/17,140207.0,4507.77
22/12/17,141075.0,4535.67
23/12/17,140916.0,4530.57
24/12/17,140916.0,4530.57
25/12/17,140758.0,4525.48
26/12/17,141861.0,4560.95
27/12/17,142484.0,4580.98
28/12/17,143213.0,4604.41
29/12/17,143990.0,4629.39
30/12/17,144144.0,4634.32
31/12/17,144144.0,4634.32
01/01/18,144297.0,4639.24
02/01/18,146226.0,4701.27
03/01/18,145210.0,4668.61
04/01/18,146163.0,4699.25
05/01/18,146421.0,4707.55
06/01/18,146303.0,4703.75
07/01/18,146303.0,4703.75
08/01/18,146185.0,4699.95
09/01/18,144999.0,4661.82
10/01/18,145820.0,4688.24
11/01/18,146478.0,4709.36
12/01/18,147885.0,4754.62
13/01/18,148188.0,4764.38
14/01/18,148188.0,4764.38
15/01/18,148492.0,4774.14
16/01/18,147940.0,4756.38
17/01/18,147403.0,4739.11
18/01/18,147034.0,4727.26
19/01/18,147212.0,4732.96
20/01/18,147434.0,4740.09
21/01/18,147434.0,4740.09
22/01/18,147655.0,4747.21
23/01/18,148629.0,4778.52
24/01/18,149931.0,4820.39
25/01/18,149006.0,4790.65
26/01/18,149277.0,4799.36
27/01/18,148772.0,4783.11
28/01/18,148772.0,4783.11
29/01/18,148266.0,4766.86
30/01/18,148248.0,4766.29
31/01/18,148757.0,4782.64
01/02/18,149186.0,4796.44
02/02/18,147372.0,4738.14
03/02/18,147792.0,4751.64
04/02/18,147792.0,4751.64
05/02/18,148212.0,4765.13
06/02/18,146746.0,4717.99
07/02/18,146126.0,4698.07
08/02/18,146219.0,4701.05
09/02/18,145808.0,4687.83
10/02/18,146134.0,4698.3
11/02/18,146134.0,4698.3
12/02/18,146459.0,4708.77
13/02/18,147241.0,4733.91
14/02/18,149878.0,4818.69
15/02/18,149836.0,4817.33
16/02/18,149011.0,4790.8
17/02/18,148978.0,4789.73
18/02/18,148978.0,4789.73
19/02/18,148944.0,4788.65
20/02/18,147096.0,4729.25
21/02/18,146848.0,4721.26
22/02/18,147188.0,4732.2
23/02/18,146973.0,4725.29
24/02/18,147128.0,4730.29
25/02/18,147128.0,4730.29
26/02/18,147284.0,4735.29
27/02/18,145855.0,4689.34
28/02/18,145778.0,4686.88
01/03/18,145798.0,4687.52
02/03/18,146335.0,4704.79
03/03/18,146254.0,4702.18
04/03/18,146254.0,4702.18
05/03/18,146173.0,4699.57
06/03/18,148227.0,4765.59
07/03/18,146669.0,4715.52
08/03/18,146238.0,4701.65
09/03/18,146540.0,4711.38
10/03/18,146592.0,4713.05
11/03/18,146592.0,4713.05
12/03/18,146644.0,4714.71
13/03/18,146483.0,4709.55
14/03/18,146659.0,4715.2
15/03/18,145618.0,4681.74
16/03/18,145355.0,4673.26
17/03/18,145478.0,4677.23
18/03/18,145478.0,4677.23
19/03/18,145601.0,4681.19
20/03/18,144901.0,4658.67
21/03/18,153376.0,4931.16
22/03/18,154225.0,4958.46
23/03/18,155665.0,5004.74
24/03/18,155967.0,5014.45
25/03/18,155967.0,5014.45
26/03/18,156269.0,5024.17
27/03/18,155527.0,5000.3
28/03/18,153406.0,4932.12
29/03/18,153252.0,4927.15
30/03/18,152831.0,4913.63
31/03/18,154050.0,4952.82
01/04/18,154050.0,4952.82
02/04/18,155269.0,4992.01
03/04/18,154246.0,4959.12
04/04/18,154285.0,4960.38
05/04/18,154049.0,4952.78
06/04/18,153986.0,4950.75
07/04/18,154098.0,4954.35
08/04/18,154098.0,4954.35
09/04/18,154210.0,4957.96
10/04/18,155023.0,4984.11
11/04/18,156262.0,5023.94
12/04/18,154728.0,4974.63
13/04/18,155512.0,4999.83
14/04/18,155794.0,5008.88
15/04/18,155794.0,5008.88
16/04/18,156075.0,5017.93
17/04/18,155577.0,5001.91
18/04/18,156219.0,5022.54
19/04/18,155589.0,5002.31
20/04/18,154351.0,4962.49
21/04/18,153826.0,4945.64
22/04/18,153826.0,4945.64
23/04/18,153302.0,4928.79
24/04/18,154156.0,4956.24
25/04/18,153041.0,4920.37
26/04/18,152543.0,4904.37
27/04/18,153019.0,4919.69
28/04/18,152650.0,4907.83
29/04/18,152650.0,4907.83
30/04/18,152282.0,4895.98
01/05/18,151329.0,4865.33
02/05/18,151121.0,4858.66
03/05/18,151772.0,4879.58
04/05/18,152239.0,4894.61
05/05/18,152223.0,4894.09
06/05/18,152223.0,4894.09
07/05/18,152207.0,4893.58
08/05/18,152353.0,4898.26
09/05/18,151822.0,4881.2
10/05/18,152964.0,4917.92
11/05/18,152346.0,4898.04
12/05/18,152162.0,4892.15
13/05/18,152162.0,4892.15
14/05/18,151979.0,4886.25
15/05/18,149663.0,4811.77
16/05/18,149494.0,4806.35
17/05/18,149361.0,4802.07
18/05/18,149737.0,4814.17
19/05/18,149610.0,4810.07
20/05/18,149610.0,4810.07
21/05/18,149482.0,4805.97
22/05/18,149697.0,4812.87
23/05/18,149714.0,4813.41
24/05/18,150897.0,4851.47
25/05/18,150458.0,4837.34
26/05/18,150396.0,4835.36
27/05/18,150396.0,4835.36
28/05/18,150335.0,4833.38
29/05/18,150775.0,4847.54
30/05/18,150675.0,4844.3
31/05/18,150365.0,4834.35
01/06/18,149480.0,4805.88
02/06/18,149572.0,4808.85
03/06/18,149572.0,4808.85
04/06/18,149664.0,4811.81
05/06/18,149925.0,4820.21
06/06/18,150115.0,4826.32
07/06/18,150124.0,4826.6
08/06/18,150262.0,4831.03
09/06/18,150275.0,4831.45
10/06/18,150275.0,4831.45
11/06/18,150288.0,4831.88
12/06/18,149770.0,4815.22
13/06/18,153372.0,4931.02
14/06/18,152592.0,4905.96
15/06/18,153450.0,4933.53
16/06/18,153500.0,4935.16
17/06/18,153500.0,4935.16
18/06/18,153551.0,4936.79
19/06/18,154618.0,4971.09
20/06/18,154294.0,4960.68
21/06/18,154179.0,4956.96
22/06/18,154362.0,4962.85
23/06/18,154135.0,4955.56
24/06/18,154135.0,4955.56
25/06/18,153908.0,4948.26
26/06/18,153059.0,4920.96
27/06/18,152301.0,4896.59
28/06/18,152003.0,4887.02
29/06/18,152516.0,4903.49
30/06/18,151839.0,4881.73
01/07/18,151839.0,4881.73
02/07/18,151162.0,4859.97
03/07/18,152767.0,4911.58
04/07/18,153043.0,4920.45
05/07/18,152896.0,4915.73
06/07/18,152607.0,4906.42
07/07/18,152786.0,4912.2
08/07/18,152786.0,4912.2
09/07/18,152966.0,4917.98
10/07/18,152758.0,4911.27
11/07/18,151063.0,4856.8
12/07/18,151455.0,4869.38
13/07/18,150906.0,4851.73
14/07/18,150840.0,4849.64
15/07/18,150840.0,4849.64
16/07/18,150775.0,4847.54
17/07/18,156311.0,5025.52
18/07/18,156690.0,5037.69
19/07/18,157689.0,5069.83
20/07/18,158292.0,5089.21
21/07/18,158229.0,5087.18
22/07/18,158229.0,5087.18
23/07/18,158166.0,5085.15
24/07/18,158245.0,5087.7
25/07/18,159216.0,5118.91
26/07/18,157922.0,5077.3
27/07/18,157748.0,5071.72
28/07/18,153187.0,4925.08
29/07/18,153187.0,4925.08
30/07/18,148626.0,4778.43
31/07/18,151169.0,4860.19
01/08/18,150410.0,4835.79
02/08/18,148823.0,4784.78
03/08/18,150594.0,4841.71
04/08/18,150310.0,4832.6
05/08/18,150310.0,4832.6
06/08/18,150027.0,4823.49
07/08/18,149752.0,4814.65
08/08/18,149875.0,4818.6
09/08/18,149585.0,4809.27
10/08/18,150135.0,4826.95
11/08/18,148885.0,4786.76
12/08/18,148885.0,4786.76
13/08/18,147635.0,4746.58
14/08/18,148053.0,4760.0
15/08/18,146643.0,4714.69
16/08/18,145730.0,4685.33
17/08/18,146831.0,4720.74
18/08/18,146744.0,4717.93
19/08/18,146744.0,4717.93
20/08/18,146657.0,4715.12
21/08/18,146858.0,4721.58
22/08/18,146694.0,4716.32
23/08/18,145855.0,4689.36
24/08/18,147232.0,4733.6
25/08/18,148125.0,4762.33
26/08/18,148125.0,4762.33
27/08/18,149018.0,4791.05
28/08/18,148046.0,4759.8
29/08/18,148608.0,4777.87
30/08/18,147635.0,4746.57
31/08/18,147725.0,4749.47
01/09/18,147780.0,4751.25
02/09/18,147780.0,4751.25
03/09/18,147835.0,4753.02
04/09/18,146853.0,4721.44
05/09/18,147466.0,4741.15
06/09/18,147883.0,4754.55
07/09/18,147364.0,4737.87
08/09/18,147438.0,4740.23
09/09/18,147438.0,4740.23
10/09/18,147511.0,4742.59
11/09/18,147384.0,4738.51
12/09/18,148511.0,4774.73
13/09/18,148510.0,4774.71
14/09/18,147857.0,4753.73
15/09/18,147946.0,4756.58
16/09/18,147946.0,4756.58
17/09/18,148035.0,4759.44
18/09/18,147920.0,4755.75
19/09/18,148551.0,4776.01
20/09/18,149046.0,4791.94
21/09/18,148436.0,4772.34
22/09/18,148160.0,4763.47
23/09/18,148160.0,4763.47
24/09/18,147885.0,4754.6
25/09/18,148661.0,4779.57
26/09/18,147680.0,4748.02
27/09/18,147513.0,4742.66
28/09/18,147346.0,4737.29
29/09/18,146915.0,4723.43
30/09/18,146915.0,4723.43
01/10/18,146484.0,4709.56
02/10/18,148733.0,4781.87
03/10/18,148019.0,4758.92
04/10/18,148098.0,4761.47
05/10/18,148631.0,4778.6
06/10/18,147659.0,4747.35
07/10/18,147659.0,4747.35
08/10/18,146687.0,4716.1
09/10/18,146305.0,4703.8
10/10/18,152844.0,4914.04
11/10/18,161110.0,5179.79
12/10/18,162312.0,5218.45
13/10/18,162128.0,5212.52
14/10/18,162128.0,5212.52
15/10/18,161943.0,5206.59
16/10/18,161802.0,5202.06
17/10/18,162297.0,5217.96
18/10/18,162948.0,5238.91
19/10/18,163545.0,5258.1
20/10/18,163021.0,5241.26
21/10/18,163021.0,5241.26
22/10/18,162497.0,5224.41
23/10/18,164494.0,5288.6
24/10/18,164960.0,5303.59
25/10/18,162675.0,5230.11
26/10/18,164711.0,5295.59
27/10/18,164084.0,5275.41
28/10/18,164084.0,5275.41
29/10/18,163456.0,5255.23
30/10/18,162061.0,5210.39
31/10/18,162395.0,5221.11
01/11/18,164403.0,5285.68
02/11/18,164425.0,5286.37
03/11/18,164464.0,5287.65
04/11/18,164464.0,5287.65
05/11/18,164504.0,5288.92
06/11/18,164076.0,5275.18
07/11/18,163885.0,5269.03
08/11/18,162918.0,5237.93
09/11/18,162092.0,5211.39
10/11/18,161707.0,5199.01
11/11/18,161707.0,5199.01
12/11/18,161322.0,5186.62
13/11/18,160015.0,5144.61
14/11/18,162595.0,5227.56
15/11/18,162676.0,5230.14
16/11/18,163654.0,5261.6
17/11/18,163923.0,5270.25
18/11/18,163923.0,5270.25
19/11/18,164192.0,5278.89
20/11/18,164203.0,5279.24
21/11/18,164688.0,5294.83
22/11/18,165162.0,5310.09
23/11/18,164430.0,5286.56
24/11/18,164408.0,5285.85
25/11/18,164408.0,5285.85
26/11/18,164386.0,5285.15
27/11/18,163519.0,5257.24
28/11/18,164308.0,5282.63
29/11/18,164446.0,5287.07
30/11/18,164024.0,5273.51
01/12/18,167558.0,5387.11
02/12/18,167558.0,5387.11
03/12/18,171091.0,5500.71
04/12/18,170457.0,5480.33
05/12/18,171560.0,5515.78
06/12/18,171561.0,5515.83
07/12/18,173251.0,5570.16
08/12/18,173083.0,5564.75
09/12/18,173083.0,5564.75
10/12/18,172915.0,5559.34
11/12/18,173379.0,5574.26
12/12/18,173284.0,5571.21
13/12/18,173362.0,5573.72
14/12/18,172286.0,5539.11
15/12/18,173085.0,5564.81
16/12/18,173085.0,5564.81
17/12/18,173884.0,5590.51
18/12/18,174549.0,5611.89
19/12/18,173686.0,5584.14
20/12/18,175419.0,5639.84
21/12/18,174741.0,5618.06
22/12/18,175983.0,5657.99
23/12/18,175983.0,5657.99
24/12/18,177225.0,5697.91
25/12/18,176878.0,5686.75
26/12/18,177431.0,5704.53
27/12/18,177542.0,5708.1
28/12/18,178196.0,5729.14
29/12/18,178806.0,5748.74
30/12/18,178806.0,5748.74
31/12/18,179415.0,5768.34
01/01/19,179430.0,5768.8
02/01/19,179444.0,5769.26
03/01/19,180105.0,5790.51
04/01/19,178610.0,5742.46
05/01/19,178902.0,5751.82
06/01/19,178902.0,5751.82
07/01/19,179193.0,5761.18
08/01/19,179148.0,5759.73
09/01/19,180977.0,5818.54
10/01/19,180024.0,5787.9
11/01/19,180093.0,5790.14
12/01/19,180512.0,5803.61
13/01/19,180512.0,5803.61
14/01/19,180932.0,5817.09
15/01/19,179269.0,5763.64
16/01/19,180630.0,5807.37
17/01/19,180409.0,5800.28
18/01/19,178402.0,5735.76
19/01/19,178739.0,5746.6
20/01/19,178739.0,5746.6
21/01/19,179076.0,5757.44
22/01/19,179679.0,5776.82
23/01/19,179198.0,5761.34
24/01/19,178878.0,5751.07
25/01/19,181259.0,5827.6
26/01/19,181353.0,5830.63
27/01/19,181353.0,5830.63
28/01/19,181447.0,5833.66
29/01/19,182978.0,5882.88
30/01/19,183995.0,5915.58
31/01/19,184705.0,5938.41
01/02/19,182447.0,5865.81
02/02/19,182660.0,5872.65
03/02/19,182660.0,5872.65
04/02/19,182872.0,5879.48
05/02/19,182594.0,5870.54
06/02/19,181922.0,5848.91
07/02/19,182468.0,5866.47
08/02/19,182404.0,5864.41
09/02/19,182445.0,5865.74
10/02/19,182445.0,5865.74
11/02/19,182486.0,5867.07
12/02/19,182796.0,5877.03
13/02/19,182815.0,5877.64
14/02/19,183146.0,5888.27
15/02/19,183866.0,5911.44
16/02/19,184472.0,5930.9
17/02/19,184472.0,5930.9
18/02/19,185077.0,5950.36
19/02/19,186385.0,5992.41
20/02/19,186473.0,5995.25
21/02/19,185052.0,5949.55
22/02/19,185537.0,5965.16
23/02/19,185296.0,5957.39
24/02/19,185296.0,5957.39
25/02/19,185054.0,5949.62
26/02/19,185302.0,5957.59
27/02/19,184060.0,5917.65
28/02/19,183542.0,5901.01
01/03/19,179334.0,5765.71
02/03/19,179522.0,5771.77
03/03/19,179522.0,5771.77
04/03/19,179711.0,5777.83
05/03/19,179163.0,5760.21
06/03/19,178999.0,5754.95
07/03/19,179631.0,5775.27
08/03/19,181444.0,5833.56
09/03/19,180895.0,5815.91
10/03/19,180895.0,5815.91
11/03/19,180346.0,5798.26
12/03/19,181968.0,5850.42
13/03/19,182418.0,5864.88
14/03/19,181271.0,5828.01
15/03/19,181325.0,5829.72
16/03/19,182128.0,5855.57
17/03/19,182128.0,5855.57
18/03/19,182932.0,5881.41
19/03/19,182657.0,5872.56
20/03/19,184265.0,5924.26
21/03/19,183065.0,5885.69
22/03/19,183415.0,5896.91
23/03/19,184366.0,5927.5
24/03/19,184366.0,5927.5
25/03/19,185317.0,5958.09
26/03/19,185030.0,5948.85
27/03/19,184059.0,5917.62
28/03/19,181553.0,5837.06
29/03/19,181963.0,5850.25
30/03/19,181644.0,5840.01
31/03/19,181644.0,5840.01
01/04/19,181326.0,5829.76
02/04/19,181302.0,5829.0
03/04/19,182948.0,5881.92
04/04/19,182895.0,5880.21
05/04/19,182666.0,5872.84
06/04/19,183259.0,5891.91
07/04/19,183259.0,5891.91
08/04/19,183852.0,5910.99
09/04/19,184613.0,5935.44
10/04/19,185270.0,5956.58
11/04/19,183458.0,5898.33
12/04/19,182413.0,5864.71
13/04/19,182512.0,5867.88
14/04/19,182512.0,5867.88
15/04/19,182610.0,5871.05
16/04/19,180840.0,5814.13
17/04/19,180503.0,5803.32
18/04/19,180699.0,5809.62
19/04/19,180635.0,5807.56
20/04/19,180652.0,5808.11
21/04/19,180652.0,5808.11
22/04/19,180670.0,5808.66
23/04/19,180064.0,5789.18
24/04/19,180507.0,5803.43
25/04/19,181086.0,5822.03
26/04/19,182030.0,5852.41
27/04/19,181637.0,5839.76
28/04/19,181637.0,5839.76
29/04/19,181244.0,5827.12
30/04/19,181734.0,5842.89
01/05/19,180868.0,5815.06
02/05/19,179792.0,5780.46
03/05/19,180903.0,5816.17
04/05/19,181233.0,5826.78
05/05/19,181233.0,5826.78
06/05/19,181563.0,5837.4
07/05/19,181746.0,5843.26
08/05/19,181430.0,5833.11
09/05/19,181687.0,5841.36
10/05/19,182091.0,5854.37
11/05/19,183179.0,5889.35
12/05/19,183179.0,5889.35
13/05/19,184267.0,5924.33
14/05/19,183785.0,5908.82
15/05/19,183898.0,5912.47
16/05/19,182030.0,5852.39
17/05/19,183870.0,5911.57
18/05/19,186414.0,5993.34
19/05/19,186414.0,5993.34
20/05/19,188957.0,6075.12
21/05/19,192275.0,6181.79
22/05/19,194074.0,6239.62
23/05/19,195147.0,6274.12
24/05/19,195320.0,6279.68
25/05/19,194658.0,6258.4
26/05/19,194658.0,6258.4
27/05/19,193996.0,6237.12
28/05/19,193269.0,6213.73
29/05/19,191998.0,6172.86
30/05/19,194876.0,6265.42
31/05/19,191726.0,6164.13
01/06/19,193169.0,6210.52
02/06/19,193169.0,6210.52
03/06/19,194612.0,6256.91
04/06/19,195439.0,6283.51
05/06/19,196049.0,6303.11
06/06/19,196745.0,6325.5
07/06/19,200472.0,6445.32
08/06/19,200382.0,6442.44
09/06/19,200382.0,6442.44
10/06/19,200293.0,6439.56
11/06/19,200996.0,6462.19
12/06/19,202065.0,6496.54
13/06/19,204372.0,6570.73
14/06/19,205927.0,6620.7
15/06/19,208054.0,6689.09
16/06/19,208054.0,6689.09
17/06/19,210181.0,6757.47
18/06/19,211358.0,6795.32
19/06/19,213291.0,6857.45
20/06/19,218504.0,7025.06
21/06/19,219887.0,7069.53
22/06/19,222014.0,7137.91
23/06/19,222014.0,7137.91
24/06/19,224141.0,7206.3
25/06/19,223106.0,7173.02
26/06/19,221443.0,7119.56
27/06/19,227074.0,7300.59
28/06/19,229791.0,7387.95
29/06/19,228896.0,7359.2
30/06/19,228002.0,7330.45
01/07/19,224877.0,7229.97
02/07/19,224042.0,7203.13
03/07/19,224995.0,7233.74
04/07/19,224619.0,7221.66
05/07/19,219527.0,7057.94
06/07/19,219263.0,7049.47
07/07/19,218999.0,7041.0
08/07/19,220668.0,7094.62
09/07/19,220972.0,7104.4
10/07/19,225050.0,7235.52
11/07/19,222608.0,7157.02
12/07/19,223625.0,7189.71
13/07/19,224353.0,7213.11
14/07/19,225081.0,7236.52
15/07/19,225836.0,7260.79
16/07/19,224382.0,7214.06
17/07/19,227321.0,7308.53
18/07/19,230149.0,7399.46
19/07/19,227945.0,7328.61
20/07/19,227940.0,7328.43
21/07/19,227934.0,7328.25
22/07/19,227924.0,7327.94
23/07/19,227443.0,7312.48
24/07/19,229132.0,7366.77
25/07/19,227877.0,7326.43
26/07/19,227998.0,7330.31
27/07/19,228386.0,7342.77
28/07/19,228773.0,7355.22
29/07/19,229679.0,7384.36
30/07/19,230375.0,7406.73
31/07/19,227006.0,7298.43
01/08/19,231080.0,7429.38
02/08/19,229856.0,7390.04
03/08/19,230131.0,7398.88
04/08/19,230406.0,7407.71
05/08/19,235647.0,7576.23
06/08/19,235206.0,7562.06
07/08/19,239896.0,7712.83
08/08/19,239984.0,7715.67
09/08/19,236515.0,7604.14
10/08/19,236816.0,7613.8
11/08/19,237116.0,7623.45
12/08/19,242367.0,7792.27
13/08/19,240559.0,7734.14
14/08/19,243076.0,7815.09
15/08/19,244380.0,7856.99
16/08/19,241819.0,7774.66
17/08/19,242116.0,7784.22
18/08/19,242414.0,7793.78
19/08/19,236861.0,7615.26
20/08/19,241353.0,7759.69
21/08/19,240520.0,7732.91
22/08/19,240169.0,7721.62
23/08/19,244332.0,7855.46
24/08/19,243656.0,7833.73
25/08/19,242980.0,7811.99
26/08/19,242899.0,7809.38
27/08/19,245570.0,7895.26
28/08/19,244046.0,7846.26
29/08/19,241859.0,7775.95
30/08/19,239482.0,7699.52
31/08/19,239660.0,7705.24
01/09/19,239838.0,7710.96
02/09/19,239255.0,7692.21
03/09/19,242818.0,7806.78
04/09/19,243182.0,7818.47
05/09/19,238221.0,7658.98
06/09/19,235314.0,7565.52
07/09/19,234848.0,7550.52
08/09/19,234381.0,7535.53
09/09/19,234259.0,7531.59
10/09/19,233087.0,7493.94
11/09/19,233662.0,7512.42
12/09/19,234728.0,7546.68
13/09/19,233190.0,7497.23
14/09/19,233244.0,7498.98
15/09/19,233244.0,7498.98
16/09/19,233298.0,7500.72
17/09/19,234987.0,7555.01
18/09/19,233912.0,7520.43
19/09/19,235129.0,7559.56
20/09/19,237863.0,7647.46
21/09/19,237351.0,7631.0
22/09/19,236839.0,7614.54
23/09/19,238305.0,7661.69
24/09/19,239826.0,7710.59
25/09/19,236008.0,7587.84
26/09/19,236961.0,7618.47
27/09/19,234823.0,7549.73
28/09/19,234692.0,7545.51
29/09/19,234561.0,7541.3
30/09/19,231667.0,7448.26
01/10/19,231688.0,7448.94
02/10/19,234512.0,7539.75
03/10/19,236333.0,7598.3
04/10/19,235267.0,7564.01
05/10/19,235949.0,7585.93
06/10/19,236631.0,7607.85
07/10/19,233575.0,7509.6
08/10/19,236551.0,7605.28
09/10/19,237650.0,7640.61
10/10/19,233962.0,7522.04
11/10/19,233015.0,7491.61
12/10/19,232901.0,7487.95
13/10/19,232787.0,7484.29
14/10/19,233870.0,7519.09
15/10/19,231686.0,7448.87
16/10/19,232565.0,7477.14
17/10/19,232952.0,7489.58
18/10/19,232394.0,7471.63
19/10/19,231967.0,7457.91
20/10/19,231967.0,7457.91
21/10/19,231540.0,7444.18
22/10/19,232752.0,7483.14
23/10/19,232858.0,7486.57
24/10/19,234401.0,7536.16
25/10/19,234388.0,7535.75
26/10/19,233442.0,7505.36
27/10/19,233442.0,7505.36
28/10/19,232497.0,7474.97
29/10/19,231564.0,7444.95
30/10/19,232684.0,7480.96
31/10/19,235164.0,7560.68
01/11/19,234596.0,7542.43
02/11/19,234520.0,7539.98
03/11/19,234443.0,7537.52
04/11/19,234499.0,7539.31
05/11/19,231722.0,7450.03
06/11/19,232738.0,7482.71
07/11/19,229194.0,7368.75
08/11/19,227588.0,7317.11
09/11/19,227840.0,7325.2
10/11/19,228091.0,7333.29
11/11/19,226967.0,7297.16
12/11/19,227430.0,7312.05
13/11/19,228024.0,7331.15
14/11/19,229079.0,7365.05
15/11/19,228039.0,7331.63
16/11/19,227970.0,7329.41
17/11/19,227901.0,7327.19
18/11/19,229413.0,7375.8
19/11/19,229832.0,7389.26
20/11/19,229844.0,7389.65
21/11/19,227535.0,7315.43
22/11/19,227396.0,7310.94
23/11/19,227169.0,7303.65
24/11/19,226942.0,7296.35
25/11/19,226510.0,7282.46
26/11/19,226988.0,7297.84
27/11/19,226292.0,7275.46
28/11/19,226088.0,7268.89
29/11/19,227462.0,7313.09
30/11/19,227052.0,7299.9
01/12/19,226642.0,7286.7
02/12/19,227125.0,7302.25
03/12/19,229218.0,7369.52
04/12/19,228936.0,7360.47
05/12/19,228845.0,7357.55
06/12/19,225996.0,7265.93
07/12/19,226084.0,7268.75
08/12/19,226171.0,7271.56
09/12/19,226564.0,7284.21
10/12/19,226920.0,7295.64
11/12/19,228633.0,7350.73
12/12/19,227062.0,7300.21
13/12/19,228651.0,7351.3
14/12/19,228562.0,7348.44
15/12/19,228473.0,7345.59
16/12/19,228741.0,7354.21
17/12/19,228780.0,7355.46
18/12/19,228618.0,7350.23
19/12/19,228498.0,7346.37
20/12/19,228929.0,7360.24
21/12/19,228705.0,7353.03
22/12/19,228481.0,7345.83
23/12/19,230166.0,7400.0
24/12/19,231929.0,7456.68
25/12/19,232065.0,7461.06
26/12/19,233873.0,7519.18
27/12/19,233990.0,7522.96
28/12/19,234198.0,7529.66
29/12/19,234407.0,7536.37
30/12/19,234664.0,7544.63
31/12/19,234989.0,7555.06
01/01/20,236354.0,7598.94
02/01/20,236733.0,7611.14
03/01/20,240442.0,7730.39
04/01/20,241752.0,7772.53
05/01/20,243063.0,7814.67
06/01/20,242511.0,7796.91
07/01/20,247284.0,7950.38
08/01/20,241322.0,7758.67
09/01/20,240201.0,7722.64
10/01/20,241920.0,7777.92
11/01/20,241488.0,7764.03
12/01/20,241056.0,7750.14
13/01/20,239308.0,7693.93
14/01/20,239993.0,7715.97
15/01/20,240855.0,7743.66
16/01/20,240104.0,7719.54
17/01/20,240757.0,7740.5
18/01/20,240748.0,7740.2
19/01/20,240738.0,7739.9
20/01/20,241501.0,7764.45
21/01/20,240654.0,7737.22
22/01/20,241345.0,7759.44
23/01/20,241464.0,7763.26
24/01/20,243003.0,7812.72
25/01/20,243806.0,7838.52
26/01/20,244608.0,7864.32
27/01/20,244319.0,7855.04
28/01/20,242345.0,7791.58
29/01/20,243550.0,7830.32
30/01/20,243407.0,7825.73
31/01/20,245482.0,7892.43
01/02/20,245498.0,7892.93
02/02/20,245513.0,7893.44
03/02/20,243917.0,7842.1
04/02/20,240082.0,7718.8
05/02/20,240267.0,7724.78
06/02/20,241891.0,7776.99
07/02/20,242725.0,7803.79
08/02/20,243036.0,7813.77
09/02/20,243346.0,7823.76
10/02/20,243081.0,7815.23
11/02/20,242149.0,7785.28
12/02/20,242399.0,7793.3
13/02/20,243512.0,7829.09
14/02/20,244472.0,7859.97
15/02/20,244404.0,7857.76
16/02/20,244335.0,7855.54
17/02/20,244606.0,7864.27
18/02/20,247098.0,7944.39
19/02/20,248336.0,7984.18
20/02/20,250348.0,8048.88
21/02/20,253612.0,8153.81
22/02/20,255371.0,8210.37
23/02/20,257130.0,8266.93
24/02/20,255112.0,8202.03
25/02/20,253006.0,8134.32
26/02/20,253509.0,8150.49
27/02/20,253839.0,8161.11
28/02/20,244789.0,7870.13
29/02/20,244777.0,7869.76
01/03/20,244765.0,7869.38
02/03/20,245718.0,7900.0
03/03/20,253700.0,8156.63
04/03/20,252497.0,8117.96
05/03/20,258283.0,8304.0
06/03/20,258377.0,8307.0
07/03/20,260460.0,8373.97
08/03/20,262543.0,8440.94
09/03/20,261755.0,8415.62
10/03/20,259507.0,8343.34
11/03/20,261853.0,8418.77
12/03/20,250733.0,8061.26
13/03/20,239965.0,7715.07
14/03/20,242566.0,7798.68
15/03/20,245167.0,7882.29
16/03/20,239212.0,7690.85
17/03/20,244770.0,7869.55
18/03/20,238197.0,7658.21
19/03/20,233854.0,7518.59
20/03/20,237829.0,7646.39
21/03/20,237408.0,7632.85
22/03/20,236987.0,7619.32
23/03/20,247376.0,7953.32
24/03/20,259615.0,8346.81
25/03/20,257584.0,8281.52
26/03/20,264742.0,8511.67
27/03/20,262135.0,8427.82
28/03/20,264312.0,8497.81
29/03/20,266488.0,8567.8
30/03/20,268181.0,8622.21
31/03/20,262626.0,8443.62
01/04/20,264998.0,8519.88
02/04/20,268694.0,8638.71
03/04/20,269466.0,8663.53
04/04/20,269908.0,8677.73
05/04/20,270349.0,8691.93
06/04/20,277729.0,8929.18
07/04/20,275991.0,8873.31
08/04/20,276148.0,8878.38
09/04/20,282086.0,9069.29
10/04/20,281184.0,9040.26
11/04/20,281115.0,9038.05
12/04/20,281046.0,9035.83
13/04/20,285943.0,9193.29
14/04/20,287755.0,9251.54
15/04/20,286457.0,9209.8
16/04/20,287100.0,9230.48
17/04/20,280764.0,9026.76
18/04/20,278696.0,8960.28
19/04/20,278696.0,8960.28
20/04/20,276628.0,8893.8
21/04/20,272340.0,8755.95
22/04/20,274560.0,8827.31
23/04/20,276517.0,8890.23
24/04/20,278378.0,8950.07
25/04/20,278073.0,8940.26
26/04/20,277768.0,8930.45
27/04/20,275121.0,8845.35
28/04/20,274733.0,8832.86
29/04/20,276844.0,8900.76
30/04/20,270850.0,8708.02
01/05/20,272700.0,8767.52
02/05/20,272114.0,8748.69
03/05/20,271529.0,8729.85
04/05/20,270068.0,8682.88
05/05/20,272008.0,8745.25
06/05/20,269006.0,8648.76
07/05/20,274796.0,8834.9
08/05/20,271759.0,8737.24
09/05/20,271670.0,8734.4
10/05/20,271670.0,8734.4
11/05/20,271582.0,8731.57
12/05/20,272917.0,8774.48
13/05/20,276212.0,8880.41
14/05/20,277919.0,8935.29
15/05/20,278770.0,8962.66
16/05/20,280064.0,9004.27
17/05/20,281358.0,9045.88
18/05/20,278477.0,8953.23
19/05/20,280266.0,9010.77
20/05/20,280457.0,9016.91
21/05/20,277078.0,8908.25
22/05/20,278713.0,8960.83
23/05/20,278356.0,8949.35
24/05/20,277999.0,8937.87
25/05/20,278450.0,8952.39
26/05/20,276077.0,8876.08
27/05/20,275337.0,8852.28
28/05/20,277233.0,8913.24
29/05/20,278393.0,8950.54
30/05/20,280840.0,9029.21
31/05/20,283286.0,9107.87
01/06/20,283989.0,9130.46
02/06/20,285813.0,9189.1
03/06/20,280625.0,9022.29
04/06/20,280147.0,9006.95
05/06/20,275271.0,8850.16
06/06/20,275001.0,8841.49
07/06/20,274731.0,8832.82
08/06/20,277362.0,8917.39
09/06/20,280895.0,9030.98
10/06/20,285511.0,9179.39
11/06/20,284144.0,9135.44
12/06/20,284627.0,9150.96
13/06/20,285144.0,9167.59
14/06/20,285661.0,9184.23
15/06/20,284335.0,9141.59
16/06/20,285067.0,9165.13
17/06/20,286076.0,9197.56
18/06/20,286718.0,9218.18
19/06/20,290947.0,9354.17
20/06/20,291614.0,9375.61
21/06/20,292281.0,9397.06
22/06/20,292644.0,9408.73
23/06/20,295653.0,9505.46
24/06/20,295794.0,9510.0
25/06/20,296579.0,9535.25
26/06/20,296769.0,9541.35
27/06/20,296782.0,9541.76
28/06/20,296794.0,9542.16
29/06/20,298144.0,9585.54
30/06/20,299343.0,9624.11
01/07/20,296906.0,9545.76
02/07/20,298226.0,9588.2
03/07/20,297493.0,9564.63
04/07/20,297127.0,9552.85
05/07/20,296761.0,9541.08
06/07/20,297018.0,9549.35
07/07/20,299728.0,9636.48
08/07/20,302275.0,9718.36
09/07/20,301472.0,9692.55
10/07/20,299478.0,9628.45
11/07/20,299340.0,9623.99
12/07/20,299201.0,9619.53
13/07/20,301007.0,9677.58
14/07/20,302157.0,9714.57
15/07/20,302565.0,9727.69
16/07/20,300402.0,9658.14
17/07/20,302952.0,9740.14
18/07/20,303852.0,9769.09
19/07/20,303852.0,9769.09
20/07/20,304753.0,9798.04
21/07/20,309873.0,9962.66
22/07/20,314076.0,10098.0
23/07/20,316708.0,10182.0
24/07/20,318425.0,10238.0
25/07/20,319801.0,10282.0
26/07/20,321177.0,10326.0
27/07/20,327982.0,10545.0
28/07/20,325540.0,10466.0
29/07/20,328206.0,10552.0
30/07/20,327112.0,10517.0
31/07/20,331186.0,10648.0
01/08/20,331590.0,10661.0
02/08/20,331994.0,10674.0
03/08/20,329976.0,10609.0
04/08/20,340272.0,10940.0
05/08/20,342392.0,11008.0
06/08/20,348996.0,11220.0
07/08/20,341712.0,10986.0
08/08/20,341845.0,10990.5
09/08/20,341978.0,10995.0
10/08/20,341612.0,10983.0
11/08/20,321835.0,10347.0
12/08/20,323742.0,10409.0
13/08/20,329224.0,10585.0
14/08/20,328270.0,10554.0
15/08/20,326961.0,10512.0
16/08/20,325652.0,10470.0
17/08/20,333168.0,10712.0
18/08/20,337079.0,10837.0
19/08/20,324695.0,10439.0
20/08/20,329239.0,10585.0
21/08/20,327083.0,10516.0
22/08/20,326653.0,10502.0
23/08/20,326223.0,10488.0
24/08/20,325403.0,10462.0
25/08/20,325100.0,10452.0
26/08/20,329380.0,10590.0
27/08/20,322834.0,10379.0
28/08/20,328685.0,10567.0
29/08/20,329530.0,10594.5
30/08/20,330376.0,10622.0
31/08/20,325642.0,10470.0
01/09/20,326220.0,10488.0
02/09/20,321830.0,10347.0
03/09/20,320399.0,10301.0
04/09/20,320869.0,10316.0
05/09/20,320769.0,10313.0
06/09/20,320669.0,10310.0
07/09/20,319846.0,10283.0
08/09/20,321084.0,10323.0
09/09/20,323839.0,10412.0
10/09/20,323469.0,10400.0
11/09/20,322111.0,10356.0
12/09/20,322385.0,10365.0
13/09/20,322659.0,10374.0
14/09/20,325204.0,10456.0
15/09/20,325038.0,10450.0
16/09/20,325803.0,10475.0
17/09/20,323792.0,10410.0
18/09/20,324739.0,10441.0
19/09/20,324186.0,10423.0
20/09/20,323633.0,10405.0
21/09/20,318449.0,10238.0
22/09/20,316530.0,10177.0
23/09/20,308338.0,9913.29
24/09/20,309899.0,9963.49
25/09/20,308329.0,9913.02
26/09/20,308516.0,9919.03
27/09/20,308703.0,9925.03
28/09/20,312592.0,10050.0
29/09/20,314870.0,10123.0
30/09/20,312739.0,10055.0
01/10/20,314245.0,10103.0
02/10/20,313349.0,10074.0
03/10/20,314114.0,10099.0
04/10/20,314114.0,10099.0
05/10/20,314879.0,10124.0
06/10/20,308892.0,9931.12
07/10/20,309130.0,9938.76
08/10/20,310862.0,9994.44
09/10/20,316186.0,10166.0
10/10/20,315768.0,10152.5
11/10/20,315768.0,10152.5
12/10/20,315349.0,10139.0
13/10/20,310284.0,9975.88
14/10/20,310952.0,9997.33
15/10/20,310686.0,9988.8
16/10/20,309105.0,9937.96
17/10/20,309171.0,9940.07
18/10/20,309171.0,9940.07
19/10/20,309237.0,9942.18
20/10/20,310145.0,9971.38
21/10/20,311786.0,10024.0
22/10/20,308289.0,9911.71
23/10/20,307651.0,9891.2
24/10/20,307074.0,9872.66
25/10/20,307074.0,9872.66
26/10/20,306497.0,9854.12
27/10/20,306313.0,9848.19
28/10/20,301856.0,9704.89
29/10/20,300144.0,9649.87
30/10/20,301467.0,9692.4
31/10/20,302470.0,9724.62
01/11/20,302470.0,9724.62
02/11/20,303472.0,9756.85
03/11/20,306209.0,9844.86
04/11/20,304210.0,9780.57
05/11/20,310410.0,9979.91
06/11/20,310573.0,9985.15
07/11/20,304038.0,9775.06
08/11/20,304038.0,9775.06
09/11/20,297504.0,9564.96
10/11/20,298302.0,9590.62
11/11/20,295771.0,9509.26
12/11/20,297014.0,9549.21
13/11/20,299173.0,9618.65
14/11/20,298990.0,9612.77
15/11/20,298990.0,9612.77
16/11/20,298808.0,9606.89
17/11/20,297722.0,9571.99
18/11/20,297322.0,9559.11
19/11/20,295970.0,9515.65
20/11/20,300731.0,9668.74
21/11/20,298216.0,9587.85
22/11/20,298216.0,9587.85
23/11/20,295700.0,9506.97
24/11/20,289503.0,9307.72
25/11/20,288125.0,9263.44
26/11/20,288033.0,9260.48
27/11/20,285083.0,9165.63
28/11/20,284362.0,9142.47
29/11/20,284362.0,9142.47
30/11/20,283642.0,9119.31
01/12/20,289055.0,9293.33
02/12/20,293322.0,9430.51
03/12/20,295009.0,9484.76
04/12/20,294377.0,9464.45
05/12/20,296576.0,9535.13
06/12/20,296576.0,9535.13
07/12/20,298774.0,9605.81
08/12/20,299834.0,9639.89
09/12/20,294312.0,9462.35
10/12/20,294798.0,9477.99
11/12/20,294637.0,9472.8
12/12/20,293852.0,9447.56
13/12/20,293852.0,9447.56
14/12/20,293067.0,9422.32
15/12/20,297409.0,9561.91
16/12/20,299086.0,9615.82
17/12/20,301729.0,9700.81
18/12/20,301189.0,9683.45
19/12/20,301332.0,9688.04
20/12/20,301332.0,9688.04
21/12/20,301474.0,9692.63
22/12/20,299541.0,9630.45
23/12/20,300869.0,9673.16
24/12/20,300219.0,9652.28
25/12/20,300238.0,9652.89
26/12/20,300708.0,9668.01
27/12/20,300708.0,9668.01
28/12/20,301179.0,9683.12
29/12/20,301741.0,9701.21
30/12/20,304130.0,9778.02
31/12/20,304037.0,9775.02
01/01/21,305605.0,9825.44
02/01/21,308257.0,9910.7
03/01/21,308257.0,9910.7
04/01/21,310909.0,9995.96
05/01/21,313362.0,10075.0
06/01/21,308688.0,9924.55
07/01/21,307504.0,9886.48
08/01/21,296326.0,9527.09
09/01/21,296369.0,9528.49
10/01/21,296369.0,9528.49
11/01/21,296412.0,9529.88
12/01/21,297970.0,9579.96
13/01/21,296718.0,9539.72
14/01/21,296203.0,9523.15
15/01/21,292876.0,9416.18
16/01/21,294015.0,9452.8
17/01/21,294015.0,9452.8
18/01/21,295154.0,9489.42
19/01/21,295816.0,9510.72
20/01/21,300246.0,9653.13
21/01/21,300365.0,9656.95
22/01/21,298174.0,9586.51
23/01/21,298272.0,9589.67
24/01/21,298272.0,9589.67
25/01/21,298370.0,9592.83
26/01/21,297612.0,9568.44
27/01/21,295702.0,9507.03
28/01/21,296205.0,9523.23
29/01/21,295517.0,9501.09
30/01/21,296658.0,9537.77
31/01/21,296658.0,9537.77
01/02/21,297799.0,9574.46
02/02/21,294524.0,9469.15
03/02/21,294357.0,9463.81
04/02/21,287826.0,9253.82
05/02/21,290109.0,9327.21
06/02/21,291456.0,9370.53
07/02/21,291456.0,9370.53
08/02/21,292804.0,9413.86
09/02/21,293518.0,9436.83
10/02/21,294502.0,9468.44
11/02/21,291286.0,9365.06
12/02/21,289867.0,9319.44
13/02/21,289848.0,9318.85
14/02/21,289848.0,9318.85
15/02/21,289830.0,9318.25
16/02/21,285889.0,9191.55
17/02/21,284154.0,9135.76
18/02/21,281777.0,9059.34
19/02/21,283668.0,9120.15
20/02/21,285868.0,9190.88
21/02/21,285868.0,9190.88
22/02/21,288068.0,9261.6
23/02/21,286912.0,9224.44
24/02/21,286547.0,9212.7
25/02/21,280470.0,9017.32
26/02/21,274782.0,8834.45
27/02/21,273626.0,8797.28
28/02/21,273626.0,8797.28
01/03/21,272470.0,8760.1
02/03/21,274066.0,8811.41
03/03/21,268774.0,8641.28
04/03/21,266411.0,8565.32
05/03/21,267066.0,8586.37
06/03/21,265959.0,8550.78
07/03/21,265959.0,8550.78
08/03/21,264852.0,8515.18
09/03/21,269465.0,8663.49
10/03/21,271182.0,8718.7
11/03/21,270689.0,8702.87
12/03/21,271244.0,8720.68
13/03/21,271509.0,8729.2
14/03/21,271509.0,8729.2
15/03/21,271774.0,8737.73
16/03/21,271328.0,8723.39
17/03/21,272872.0,8773.04
18/03/21,270070.0,8682.94
19/03/21,272270.0,8753.69
20/03/21,271530.0,8729.92
21/03/21,271530.0,8729.92
22/03/21,270791.0,8706.14
23/03/21,269617.0,8668.38
24/03/21,269559.0,8666.51
25/03/21,267518.0,8600.9
26/03/21,268574.0,8634.85
27/03/21,266066.0,8554.24
28/03/21,266066.0,8554.24
29/03/21,263559.0,8473.63
30/03/21,257990.0,8294.56
31/03/21,260634.0,8379.58
01/04/21,264400.0,8500.65
02/04/21,265731.0,8543.45
03/04/21,264806.0,8513.7
04/04/21,264806.0,8513.7
05/04/21,263881.0,8483.96
06/04/21,267064.0,8586.32
07/04/21,266008.0,8552.34
08/04/21,268045.0,8617.84
09/04/21,266372.0,8564.07
10/04/21,265304.0,8529.72
11/04/21,265304.0,8529.72
12/04/21,264235.0,8495.37
13/04/21,267101.0,8587.48
14/04/21,265450.0,8534.42
15/04/21,269347.0,8659.71
16/04/21,271567.0,8731.09
17/04/21,271588.0,8731.74
18/04/21,271588.0,8731.74
19/04/21,271608.0,8732.39
20/04/21,271653.0,8733.85
21/04/21,274929.0,8839.18
22/04/21,273829.0,8803.82
23/04/21,272693.0,8767.29
24/04/21,273422.0,8790.71
25/04/21,273422.0,8790.71
26/04/21,274150.0,8814.13
27/04/21,274049.0,8810.89
28/04/21,274161.0,8814.48
29/04/21,272276.0,8753.89
30/04/21,272103.0,8748.3
01/05/21,273388.0,8789.6
02/05/21,273388.0,8789.6
03/05/21,274672.0,8830.9
04/05/21,272748.0,8769.06
05/05/21,272949.0,8775.52
06/05/21,278216.0,8944.86
07/05/21,279614.0,8989.81
08/05/21,279560.0,8988.08
09/05/21,279560.0,8988.08
10/05/21,279507.0,8986.34
11/05/21,279857.0,8997.61
12/05/21,276444.0,8887.89
13/05/21,277910.0,8935.0
14/05/21,280733.0,9025.78
15/05/21,282970.0,9097.7
16/05/21,282970.0,9097.7
17/05/21,285207.0,9169.63
18/05/21,285906.0,9192.09
19/05/21,285816.0,9189.19
20/05/21,287458.0,9242.0
21/05/21,288787.0,9284.73
22/05/21,288792.0,9284.87
23/05/21,288792.0,9284.87
24/05/21,288796.0,9285.01
25/05/21,292906.0,9417.15
26/05/21,294039.0,9453.57
27/05/21,294676.0,9474.04
28/05/21,294403.0,9465.29
29/05/21,294286.0,9461.51
30/05/21,294286.0,9461.51
31/05/21,294168.0,9457.72
01/06/21,293191.0,9426.29
02/06/21,295722.0,9507.68
03/06/21,289555.0,9309.42
04/06/21,292199.0,9394.4
05/06/21,293358.0,9431.65
06/06/21,293358.0,9431.65
07/06/21,294516.0,9468.9
08/06/21,294551.0,9470.03
09/06/21,294174.0,9457.9
10/06/21,295645.0,9505.19
11/06/21,294107.0,9455.75
12/06/21,292520.0,9404.75
13/06/21,292520.0,9404.75
14/06/21,290934.0,9353.75
15/06/21,289374.0,9303.59
16/06/21,284563.0,9148.92
17/06/21,279177.0,8975.75
18/06/21,276749.0,8897.67
19/06/21,278896.0,8966.7
20/06/21,278896.0,8966.7
21/06/21,281043.0,9035.73
22/06/21,280588.0,9021.12
23/06/21,281305.0,9044.16
24/06/21,280208.0,9008.88
25/06/21,280732.0,9025.74
26/06/21,280738.0,9025.96
27/06/21,280738.0,9025.96
28/06/21,280745.0,9026.18
29/06/21,278041.0,8939.23
30/06/21,278786.0,8963.17
01/07/21,280682.0,9024.12
02/07/21,282475.0,9081.78
03/07/21,282793.0,9092.01
04/07/21,282793.0,9092.01
05/07/21,283111.0,9102.23
06/07/21,285159.0,9168.07
07/07/21,286603.0,9214.49
08/07/21,287136.0,9231.63
09/07/21,288282.0,9268.5
10/07/21,288350.0,9270.67
11/07/21,288350.0,9270.67
12/07/21,288418.0,9272.84
13/07/21,288308.0,9269.32
14/07/21,291213.0,9362.72
15/07/21,291734.0,9379.46
16/07/21,289097.0,9294.67
17/07/21,289978.0,9322.99
18/07/21,289978.0,9322.99
19/07/21,290858.0,9351.31
20/07/21,291198.0,9362.24
21/07/21,289919.0,9321.12
22/07/21,290728.0,9347.13
23/07/21,289843.0,9318.66
24/07/21,290536.0,9340.96
25/07/21,290536.0,9340.96
26/07/21,291230.0,9363.26
27/07/21,291213.0,9362.73
28/07/21,293242.0,9427.96
29/07/21,296997.0,9548.66
30/07/21,294877.0,9480.5
31/07/21,295570.0,9502.81
01/08/21,295570.0,9502.81
02/08/21,296264.0,9525.12
03/08/21,297767.0,9573.42
04/08/21,295694.0,9506.78
05/08/21,295604.0,9503.88
06/08/21,289546.0,9309.11
07/08/21,287058.0,9229.11
08/08/21,287058.0,9229.11
09/08/21,284569.0,9149.11
10/08/21,283929.0,9128.52
11/08/21,286671.0,9216.7
12/08/21,288258.0,9267.72
13/08/21,292561.0,9406.04
14/08/21,293354.0,9431.53
15/08/21,293354.0,9431.53
16/08/21,294147.0,9457.03
17/08/21,293884.0,9448.6
18/08/21,293697.0,9442.58
19/08/21,292197.0,9394.35
20/08/21,293267.0,9428.76
21/08/21,294953.0,9482.95
22/08/21,294953.0,9482.95
23/08/21,296639.0,9537.15
24/08/21,297696.0,9571.16
25/08/21,297309.0,9558.71
26/08/21,298617.0,9600.76
27/08/21,302846.0,9736.72
28/08/21,302302.0,9719.22
29/08/21,302302.0,9719.22
30/08/21,301757.0,9701.72
31/08/21,302549.0,9727.18
01/09/21,303054.0,9743.42
02/09/21,302736.0,9733.18
03/09/21,305579.0,9824.58
04/09/21,305152.0,9810.84
05/09/21,305152.0,9810.84
06/09/21,304724.0,9797.1
07/09/21,301668.0,9698.85
08/09/21,300416.0,9658.59
09/09/21,301596.0,9696.55
10/09/21,300687.0,9667.32
11/09/21,301166.0,9682.72
12/09/21,301166.0,9682.72
13/09/21,301645.0,9698.12
14/09/21,303853.0,9769.11
15/09/21,304479.0,9789.21
16/09/21,295049.0,9486.06
17/09/21,294876.0,9480.49
18/09/21,296330.0,9527.22
19/09/21,296330.0,9527.22
20/09/21,297783.0,9573.94
21/09/21,299905.0,9642.17
22/09/21,297745.0,9572.73
23/09/21,294949.0,9482.82
24/09/21,295893.0,9513.19
25/09/21,296504.0,9532.83
26/09/21,296504.0,9532.83
27/09/21,297115.0,9552.47
28/09/21,295314.0,9494.56
29/09/21,294743.0,9476.19
30/09/21,299581.0,9631.76
01/10/21,300696.0,9667.59
02/10/21,301414.0,9690.67
03/10/21,301414.0,9690.67
04/10/21,302131.0,9713.75
05/10/21,300683.0,9667.17
06/10/21,301388.0,9689.86
07/10/21,300189.0,9651.29
08/10/21,299559.0,9631.05
09/10/21,299771.0,9637.85
10/10/21,299771.0,9637.85
11/10/21,299983.0,9644.66
12/10/21,301359.0,9688.92
13/10/21,306365.0,9849.87
14/10/21,306055.0,9839.89
15/10/21,302618.0,9729.39
16/10/21,302974.0,9740.84
17/10/21,302974.0,9740.84
18/10/21,303330.0,9752.3
19/10/21,305258.0,9814.28
20/10/21,308881.0,9930.74
21/10/21,309237.0,9942.2
22/10/21,310545.0,9984.26
23/10/21,313002.0,10063.13
24/10/21,313002.0,10063.13
25/10/21,315460.0,10142.0
26/10/21,314106.0,10099.0
27/10/21,312803.0,10057.0
28/10/21,309799.0,9960.28
29/10/21,307032.0,9871.32
30/10/21,307374.0,9882.31
31/10/21,307374.0,9882.31
01/11/21,307716.0,9893.31
02/11/21,304698.0,9796.28
03/11/21,301344.0,9688.44
04/11/21,304607.0,9793.35
05/11/21,309302.0,9944.28
06/11/21,310059.0,9968.63
07/11/21,310059.0,9968.63
08/11/21,310816.0,9992.98
09/11/21,313564.0,10081.0
10/11/21,316793.0,10185.0
11/11/21,319135.0,10260.0
12/11/21,322009.0,10353.0
13/11/21,323875.0,10413.0
14/11/21,323875.0,10413.0
15/11/21,325741.0,10473.0
16/11/21,322978.0,10384.0
17/11/21,326798.0,10507.0
18/11/21,323868.0,10413.0
19/11/21,323168.0,10390.0
20/11/21,320018.0,10289.0
21/11/21,320018.0,10289.0
22/11/21,316868.0,10188.0
23/11/21,313140.0,10068.0
24/11/21,313430.0,10077.0
25/11/21,314126.0,10099.0
26/11/21,313436.0,10077.0
27/11/21,314273.0,10104.0
28/11/21,314273.0,10104.0
29/11/21,315110.0,10131.0
30/11/21,312572.0,10049.0
01/12/21,312361.0,10043.0
02/12/21,311648.0,10020.0
03/12/21,313085.0,10066.0
04/12/21,313610.0,10083.0
05/12/21,313610.0,10083.0
06/12/21,314134.0,10100.0
07/12/21,315564.0,10146.0
08/12/21,316341.0,10171.0
09/12/21,315989.0,10159.0
10/12/21,315258.0,10136.0
11/12/21,316626.0,10180.0
12/12/21,316626.0,10180.0
13/12/21,317993.0,10224.0
14/12/21,315817.0,10154.0
15/12/21,316960.0,10191.0
16/12/21,320295.0,10298.0
17/12/21,320345.0,10299.0
18/12/21,319738.0,10279.5
19/12/21,319738.0,10279.5
20/12/21,319131.0,10260.0
21/12/21,318754.0,10248.0
22/12/21,321779.0,10345.0
23/12/21,322682.0,10374.0
24/12/21,322073.0,10355.0
25/12/21,319928.0,10286.0
26/12/21,319928.0,10286.0
27/12/21,317783.0,10217.0
28/12/21,322348.0,10364.0
29/12/21,322038.0,10354.0
30/12/21,324078.0,10419.0
31/12/21,326029.0,10482.0
01/01/22,322246.0,10360.5
02/01/22,322246.0,10360.5
03/01/22,318462.0,10239.0
04/01/22,320498.0,10304.0
05/01/22,319786.0,10281.0
06/01/22,316740.0,10183.0
07/01/22,317962.0,10223.0
08/01/22,318190.0,10230.0
09/01/22,318190.0,10230.0
10/01/22,318417.0,10237.0
11/01/22,321652.0,10341.0
12/01/22,321548.0,10338.0
13/01/22,321261.0,10329.0
14/01/22,320139.0,10293.0
15/01/22,320146.0,10293.0
16/01/22,320146.0,10293.0
17/01/22,320154.0,10293.0
18/01/22,319374.0,10268.0
19/01/22,324009.0,10417.0
20/01/22,324562.0,10435.0
21/01/22,323714.0,10408.0
22/01/22,324504.0,10433.0
23/01/22,324504.0,10433.0
24/01/22,325295.0,10458.0
25/01/22,326420.0,10495.0
26/01/22,322274.0,10361.0
27/01/22,318032.0,10225.0
28/01/22,317115.0,10195.0
29/01/22,317410.0,10204.5
30/01/22,317410.0,10204.5
31/01/22,317704.0,10214.0
01/02/22,317816.0,10218.0
02/02/22,318632.0,10244.0
03/02/22,317780.0,10217.0
04/02/22,317252.0,10200.0
05/02/22,317690.0,10214.0
06/02/22,317690.0,10214.0
07/02/22,318129.0,10228.0
08/02/22,318363.0,10236.0
09/02/22,320325.0,10299.0
10/02/22,319436.0,10270.0
11/02/22,324994.0,10449.0
12/02/22,326689.0,10503.5
13/02/22,326689.0,10503.5
14/02/22,328384.0,10558.0
15/02/22,325701.0,10472.0
16/02/22,329320.0,10588.0
17/02/22,334036.0,10740.0
18/02/22,332701.0,10697.0
19/02/22,334742.0,10762.5
20/02/22,334742.0,10762.5
21/02/22,336784.0,10828.0
22/02/22,334187.0,10744.0
23/02/22,337229.0,10842.0
24/02/22,336342.0,10814.0
25/02/22,331079.0,10644.0
26/02/22,334684.0,10760.0
27/02/22,334684.0,10760.0
28/02/22,338290.0,10876.0
01/03/22,344987.0,11092.0
02/03/22,342734.0,11019.0
03/03/22,345787.0,11117.0
04/03/22,352910.0,11346.0
05/03/22,354310.0,11391.0
06/03/22,354310.0,11391.0
07/03/22,355710.0,11436.0
08/03/22,365475.0,11750.0
09/03/22,356332.0,11456.0
10/03/22,357158.0,11483.0
11/03/22,355254.0,11422.0
12/03/22,352485.0,11333.0
13/03/22,352485.0,11333.0
14/03/22,349716.0,11244.0
15/03/22,343848.0,11055.0
16/03/22,346283.0,11133.0
17/03/22,349251.0,11229.0
18/03/22,344295.0,11069.0
19/03/22,347777.0,11181.0
20/03/22,347777.0,11181.0
21/03/22,351259.0,11293.0
22/03/22,348361.0,11200.0
23/03/22,353878.0,11377.0
24/03/22,356609.0,11465.0
25/03/22,355346.0,11425.0
26/03/22,353093.0,11352.5
27/03/22,353093.0,11352.5
28/03/22,350840.0,11280.0
29/03/22,349610.0,11240.0
30/03/22,353062.0,11351.0
31/03/22,353172.0,11355.0
01/04/22,353871.0,11377.0
02/04/22,354696.0,11403.5
03/04/22,354696.0,11403.5
04/04/22,355522.0,11430.0
05/04/22,354336.0,11392.0
06/04/22,357981.0,11509.0
07/04/22,359649.0,11563.0
08/04/22,362784.0,11664.0
09/04/22,360060.0,11576.5
10/04/22,360060.0,11576.5
11/04/22,357335.0,11489.0
12/04/22,357852.0,11505.0
13/04/22,359085.0,11545.0
14/04/22,357712.0,11501.0
15/04/22,358955.0,11541.0
16/04/22,359914.0,11571.5
17/04/22,359914.0,11571.5
18/04/22,360874.0,11602.0
19/04/22,358847.0,11537.0
20/04/22,363443.0,11685.0
21/04/22,366573.0,11786.0
22/04/22,362097.0,11642.0
23/04/22,358087.0,11513.0
24/04/22,358087.0,11513.0
25/04/22,354077.0,11384.0
26/04/22,354222.0,11389.0
27/04/22,350330.0,11263.0
28/04/22,352003.0,11317.0
29/04/22,352318.0,11327.0
30/04/22,349164.0,11225.5
01/05/22,349164.0,11225.5
02/05/22,346010.0,11124.0
03/05/22,346936.0,11154.0
04/05/22,351659.0,11306.0
05/05/22,348437.0,11203.0
06/05/22,349782.0,11246.0
07/05/22,349326.0,11231.0
08/05/22,349326.0,11231.0
09/05/22,348870.0,11216.0
10/05/22,346115.0,11128.0
11/05/22,352509.0,11333.0
12/05/22,349317.0,11231.0
13/05/22,347279.0,11165.0
14/05/22,350247.0,11260.5
15/05/22,350247.0,11260.5
16/05/22,353215.0,11356.0
17/05/22,355961.0,11444.0
18/05/22,360189.0,11580.0
19/05/22,369794.0,11889.0
20/05/22,370162.0,11901.0
21/05/22,371092.0,11931.0
22/05/22,371092.0,11931.0
23/05/22,372022.0,11961.0
24/05/22,375208.0,12063.0
25/05/22,375108.0,12060.0
26/05/22,374830.0,12051.0
27/05/22,370920.0,11925.0
28/05/22,369870.0,11891.5
29/05/22,369870.0,11891.5
30/05/22,368819.0,11858.0
31/05/22,365299.0,11745.0
01/06/22,365045.0,11736.0
02/06/22,369392.0,11876.0
03/06/22,365777.0,11760.0
04/06/22,366967.0,11798.5
05/06/22,366967.0,11798.5
06/06/22,368157.0,11837.0
07/06/22,373553.0,12010.0
08/06/22,371166.0,11933.0
09/06/22,371531.0,11945.0
10/06/22,378022.0,12154.0
11/06/22,374651.0,12045.5
12/06/22,374651.0,12045.5
13/06/22,371280.0,11937.0
14/06/22,372910.0,11989.0
15/06/22,378586.0,12172.0
16/06/22,385931.0,12408.0
17/06/22,385001.0,12378.0
18/06/22,385829.0,12404.5
19/06/22,385829.0,12404.5
20/06/22,386657.0,12431.0
21/06/22,388463.0,12489.0
22/06/22,388398.0,12487.0
23/06/22,383059.0,12316.0
24/06/22,380855.0,12245.0
25/06/22,379380.0,12197.5
26/06/22,379380.0,12197.5
27/06/22,377905.0,12150.0
28/06/22,374509.0,12041.0
29/06/22,372428.0,11974.0
30/06/22,368701.0,11854.0
01/07/22,370091.0,11899.0
02/07/22,370036.0,11897.0
03/07/22,370036.0,11897.0
04/07/22,369982.0,11895.0
05/07/22,364221.0,11710.0
06/07/22,361325.0,11617.0
07/07/22,360917.0,11604.0
08/07/22,359929.0,11572.0
09/07/22,360195.0,11580.5
10/07/22,360195.0,11580.5
11/07/22,360461.0,11589.0
12/07/22,357819.0,11504.0
13/07/22,365965.0,11766.0
14/07/22,358340.0,11521.0
15/07/22,359956.0,11573.0
16/07/22,364242.0,11710.5
17/07/22,364242.0,11710.5
18/07/22,368528.0,11848.0
19/07/22,378789.0,12178.0
20/07/22,381781.0,12275.0
21/07/22,389546.0,12524.0
22/07/22,394586.0,12686.0
23/07/22,394890.0,12696.0
24/07/22,394890.0,12696.0
25/07/22,395194.0,12706.0
26/07/22,399901.0,12857.0
27/07/22,409303.0,13159.0
28/07/22,420085.0,13506.0
29/07/22,422302.0,13577.0
30/07/22,422892.0,13596.0
31/07/22,422892.0,13596.0
01/08/22,423483.0,13615.0
02/08/22,419233.0,13479.0
03/08/22,406046.0,13055.0
04/08/22,404082.0,12992.0
05/08/22,398303.0,12806.0
06/08/22,399725.0,12851.5
07/08/22,399725.0,12851.5
08/08/22,401147.0,12897.0
09/08/22,402510.0,12941.0
10/08/22,396906.0,12761.0
11/08/22,393083.0,12638.0
12/08/22,393715.0,12658.0
13/08/22,386872.0,12438.0
14/08/22,386872.0,12438.0
15/08/22,380030.0,12218.0
16/08/22,379538.0,12202.0
17/08/22,378608.0,12173.0
18/08/22,377933.0,12151.0
19/08/22,375369.0,12068.0
20/08/22,374839.0,12051.0
21/08/22,374839.0,12051.0
22/08/22,374309.0,12034.0
23/08/22,379591.0,12204.0
24/08/22,382400.0,12294.0
25/08/22,385679.0,12400.0
26/08/22,381447.0,12264.0
27/08/22,383858.0,12341.5
28/08/22,383858.0,12341.5
29/08/22,386268.0,12419.0
30/08/22,378902.0,12182.0
31/08/22,373302.0,12002.0
01/09/22,369771.0,11888.0
02/09/22,375552.0,12074.0
03/09/22,375572.0,12075.0
04/09/22,375572.0,12075.0
05/09/22,375593.0,12076.0
06/09/22,377652.0,12142.0
07/09/22,385124.0,12382.0
08/09/22,382631.0,12302.0
09/09/22,387343.0,12453.0
10/09/22,392672.0,12624.5
11/09/22,392672.0,12624.5
12/09/22,398000.0,12796.0
13/09/22,394237.0,12675.0
14/09/22,398346.0,12807.0
15/09/22,394053.0,12669.0
16/09/22,396948.0,12762.0
17/09/22,398085.0,12798.5
18/09/22,398085.0,12798.5
19/09/22,399222.0,12835.0
20/09/22,398251.0,12804.0
21/09/22,401683.0,12914.0
22/09/22,400277.0,12869.0
23/09/22,394207.0,12674.0
24/09/22,389439.0,12520.5
25/09/22,389439.0,12520.5
26/09/22,384671.0,12367.0
27/09/22,382776.0,12307.0
28/09/22,386754.0,12434.0
29/09/22,382341.0,12293.0
30/09/22,378853.0,12180.0
01/10/22,383290.0,12323.0
02/10/22,383290.0,12323.0
03/10/22,387727.0,12466.0
04/10/22,388869.0,12502.0
05/10/22,384992.0,12378.0
06/10/22,379974.0,12216.0
07/10/22,377940.0,12151.0
08/10/22,371600.0,11947.0
09/10/22,371600.0,11947.0
10/10/22,365260.0,11743.0
11/10/22,361732.0,11630.0
12/10/22,364510.0,11719.0
13/10/22,363977.0,11702.0
14/10/22,358834.0,11537.0
15/10/22,360376.0,11586.5
16/10/22,360376.0,11586.5
17/10/22,361919.0,11636.0
18/10/22,362849.0,11666.0
19/10/22,359875.0,11570.0
20/10/22,359271.0,11551.0
21/10/22,366579.0,11786.0
22/10/22,364388.0,11715.5
23/10/22,364388.0,11715.5
24/10/22,362196.0,11645.0
25/10/22,363355.0,11682.0
26/10/22,363508.0,11687.0
27/10/22,368216.0,11838.0
28/10/22,364098.0,11706.0
29/10/22,362230.0,11646.0
30/10/22,362230.0,11646.0
31/10/22,360362.0,11586.0
01/11/22,363466.0,11686.0
02/11/22,362087.0,11641.0
03/11/22,360919.0,11604.0
04/11/22,372388.0,11973.0
05/11/22,371750.0,11952.5
06/11/22,371750.0,11952.5
07/11/22,371112.0,11932.0
08/11/22,379571.0,12203.0
09/11/22,378051.0,12155.0
10/11/22,388603.0,12494.0
11/11/22,392336.0,12614.0
12/11/22,392408.0,12616.5
13/11/22,392408.0,12616.5
14/11/22,392481.0,12619.0
15/11/22,394783.0,12693.0
16/11/22,394226.0,12675.0
17/11/22,391654.0,12592.0
18/11/22,389518.0,12523.0
19/11/22,389598.0,12525.5
20/11/22,389598.0,12525.5
21/11/22,389678.0,12528.0
22/11/22,390102.0,12542.0
23/11/22,392194.0,12609.0
24/11/22,394299.0,12677.0
25/11/22,392153.0,12608.0
26/11/22,391478.0,12586.5
27/11/22,391478.0,12586.5
28/11/22,390803.0,12565.0
29/11/22,392613.0,12623.0
30/11/22,396772.0,12757.0
01/12/22,404277.0,12998.0
02/12/22,402201.0,12931.0
03/12/22,399453.0,12842.5
04/12/22,399453.0,12842.5
05/12/22,396705.0,12754.0
06/12/22,397366.0,12776.0
07/12/22,401038.0,12894.0
08/12/22,401959.0,12923.0
09/12/22,403771.0,12982.0
10/12/22,402038.0,12926.0
11/12/22,402038.0,12926.0
12/12/22,400306.0,12870.0
13/12/22,407357.0,13097.0
14/12/22,406403.0,13066.0
15/12/22,399808.0,12854.0
16/12/22,403540.0,12974.0
17/12/22,402978.0,12956.0
18/12/22,402978.0,12956.0
19/12/22,402417.0,12938.0
20/12/22,409275.0,13159.0
21/12/22,409855.0,13177.0
22/12/22,404806.0,13015.0
23/12/22,405583.0,13040.0
24/12/22,407127.0,13089.5
25/12/22,407127.0,13089.5
26/12/22,408671.0,13139.0
27/12/22,410604.0,13201.0
28/12/22,408997.0,13150.0
29/12/22,410411.0,13195.0
30/12/22,413011.0,13279.0
31/12/22,413516.0,13295.0
01/01/23,413516.0,13295.0
02/01/23,414021.0,13311.0
03/01/23,416845.0,13402.0
04/01/23,421063.0,13537.0
05/01/23,416254.0,13383.0
06/01/23,424077.0,13634.0
07/01/23,425391.0,13676.5
08/01/23,425391.0,13676.5
09/01/23,426705.0,13719.0
10/01/23,429055.0,13794.0
11/01/23,428787.0,13786.0
12/01/23,433455.0,13936.0
13/01/23,439776.0,14139.0
14/01/23,439116.0,14118.0
15/01/23,439116.0,14118.0
16/01/23,438457.0,14097.0
17/01/23,437683.0,14072.0
18/01/23,435668.0,14007.0
19/01/23,443724.0,14266.0
20/01/23,442704.0,14233.0
21/01/23,444439.0,14289.0
22/01/23,444439.0,14289.0
23/01/23,446174.0,14345.0
24/01/23,448525.0,14420.0
25/01/23,449921.0,14465.0
26/01/23,467906.0,15044.0
27/01/23,483079.0,15531.0
28/01/23,496856.0,15974.0
29/01/23,496856.0,15974.0
30/01/23,510632.0,16417.0
31/01/23,516663.0,16611.0
01/02/23,522923.0,16812.0
02/02/23,516855.0,16617.0
03/02/23,504250.0,16212.0
04/02/23,509084.0,16367.5
05/02/23,509084.0,16367.5
06/02/23,513919.0,16523.0
07/02/23,515720.0,16581.0
08/02/23,514893.0,16554.0
09/02/23,503128.0,16176.0
10/02/23,506483.0,16284.0
11/02/23,500747.0,16099.5
12/02/23,500747.0,16099.5
13/02/23,495011.0,15915.0
14/02/23,495697.0,15937.0
15/02/23,488227.0,15697.0
16/02/23,485299.0,15603.0
17/02/23,485814.0,15619.0
18/02/23,483815.0,15555.0
19/02/23,483815.0,15555.0
20/02/23,481816.0,15491.0
21/02/23,481749.0,15489.0
22/02/23,477656.0,15357.0
23/02/23,475552.0,15289.0
24/02/23,471240.0,15151.0
25/02/23,470646.0,15132.0
26/02/23,470646.0,15132.0
27/02/23,470052.0,15113.0
28/02/23,477695.0,15358.0
01/03/23,481390.0,15477.0
02/03/23,511361.0,16441.0
03/03/23,517459.0,16637.0
04/03/23,512314.0,16471.5
05/03/23,512314.0,16471.5
06/03/23,507169.0,16306.0
07/03/23,502573.0,16158.0
08/03/23,505465.0,16251.0
09/03/23,505891.0,16265.0
10/03/23,521390.0,16763.0
11/03/23,530507.0,17056.0
12/03/23,530507.0,17056.0
13/03/23,539624.0,17349.0
14/03/23,536738.0,17257.0
15/03/23,542749.0,17450.0
16/03/23,541831.0,17420.0
17/03/23,560349.0,18016.0
18/03/23,559075.0,17975.0
19/03/23,559075.0,17975.0
20/03/23,557801.0,17934.0
21/03/23,546477.0,17570.0
22/03/23,557498.0,17924.0
23/03/23,563304.0,18111.0
24/03/23,560227.0,18012.0
25/03/23,557382.0,17920.5
26/03/23,557382.0,17920.5
27/03/23,554538.0,17829.0
28/03/23,559097.0,17975.0
29/03/23,556730.0,17899.0
30/03/23,561846.0,18064.0
31/03/23,558936.0,17970.0
01/04/23,562370.0,18080.5
02/04/23,562370.0,18080.5
03/04/23,565805.0,18191.0
04/04/23,580584.0,18666.0
05/04/23,583139.0,18748.0
06/04/23,577988.0,18583.0
07/04/23,570178.0,18332.0
08/04/23,568112.0,18265.5
09/04/23,568112.0,18265.5
10/04/23,566046.0,18199.0
11/04/23,578203.0,18590.0
12/04/23,581115.0,18683.0
13/04/23,576825.0,18545.0
14/04/23,570154.0,18331.0
15/04/23,566668.0,18219.0
16/04/23,566668.0,18219.0
17/04/23,563182.0,18107.0
18/04/23,569386.0,18306.0
19/04/23,559676.0,17994.0
20/04/23,568177.0,18267.0
21/04/23,562232.0,18076.0
22/04/23,559642.0,17993.0
23/04/23,559642.0,17993.0
24/04/23,557051.0,17910.0
25/04/23,566203.0,18204.0
26/04/23,560108.0,18008.0
27/04/23,564174.0,18139.0
28/04/23,564498.0,18149.0
29/04/23,563118.0,18104.5
30/04/23,563118.0,18104.5
01/05/23,561739.0,18060.0
02/05/23,571957.0,18389.0
03/05/23,578447.0,18597.0
04/05/23,581646.0,18700.0
05/05/23,572486.0,18406.0
06/05/23,573042.0,18424.0
07/05/23,573042.0,18424.0
08/05/23,573597.0,18442.0
09/05/23,579738.0,18639.0
10/05/23,577559.0,18569.0
11/05/23,595792.0,19155.0
12/05/23,594570.0,19116.0
13/05/23,584540.0,18793.5
14/05/23,584540.0,18793.5
15/05/23,574510.0,18471.0
16/05/23,567621.0,18249.0
17/05/23,565013.0,18166.0
18/05/23,559004.0,17972.0
19/05/23,565170.0,18171.0
20/05/23,565220.0,18172.5
21/05/23,565220.0,18172.5
22/05/23,565270.0,18174.0
23/05/23,566890.0,18226.0
24/05/23,561165.0,18042.0
25/05/23,554438.0,17826.0
26/05/23,555577.0,17862.0
27/05/23,554959.0,17842.0
28/05/23,554959.0,17842.0
29/05/23,554341.0,17822.0
30/05/23,560046.0,18006.0
31/05/23,560142.0,18009.0
01/06/23,563976.0,18132.0
02/06/23,556416.0,17889.0
03/06/23,558331.0,17950.5
04/06/23,558331.0,17950.5
05/06/23,560246.0,18012.0
06/06/23,562478.0,18084.0
07/06/23,556268.0,17884.0
08/06/23,564412.0,18146.0
09/06/23,562636.0,18089.0
10/06/23,562776.0,18093.5
11/06/23,562776.0,18093.5
12/06/23,562917.0,18098.0
13/06/23,558795.0,17966.0
14/06/23,553317.0,17790.0
15/06/23,562765.0,18093.0
16/06/23,562729.0,18092.0
17/06/23,561508.0,18053.0
18/06/23,561508.0,18053.0
19/06/23,560287.0,18014.0
20/06/23,556116.0,17880.0
21/06/23,554327.0,17822.0
22/06/23,548703.0,17641.0
23/06/23,550401.0,17696.0
24/06/23,550592.0,17702.0
25/06/23,550592.0,17702.0
26/06/23,550783.0,17708.0
27/06/23,546405.0,17567.0
28/06/23,546772.0,17579.0
29/06/23,546598.0,17574.0
30/06/23,549946.0,17681.0
01/07/23,550068.0,17685.0
02/07/23,550068.0,17685.0
03/07/23,550190.0,17689.0
04/07/23,550883.0,17711.0
05/07/23,530644.0,17061.0
06/07/23,529403.0,17021.0
07/07/23,535311.0,17211.0
08/07/23,534850.0,17196.0
09/07/23,534850.0,17196.0
10/07/23,534389.0,17181.0
11/07/23,534792.0,17194.0
12/07/23,543610.0,17477.0
13/07/23,536340.0,17244.0
14/07/23,542713.0,17449.0
15/07/23,541018.0,17394.5
16/07/23,541018.0,17394.5
17/07/23,539322.0,17340.0
18/07/23,558218.0,17947.0
19/07/23,561308.0,18046.0
20/07/23,560852.0,18032.0
21/07/23,561223.0,18044.0
22/07/23,561807.0,18062.5
23/07/23,561807.0,18062.5
24/07/23,562391.0,18081.0
25/07/23,562649.0,18090.0
26/07/23,566240.0,18205.0
27/07/23,558008.0,17940.0
28/07/23,561129.0,18041.0
29/07/23,562304.0,18078.5
30/07/23,562304.0,18078.5
31/07/23,563478.0,18116.0
01/08/23,558916.0,17970.0
02/08/23,552190.0,17753.0
03/08/23,553180.0,17785.0
04/08/23,550849.0,17710.0
05/08/23,550008.0,17683.0
06/08/23,550008.0,17683.0
07/08/23,549167.0,17656.0
08/08/23,554334.0,17822.0
09/08/23,550476.0,17698.0
10/08/23,550001.0,17683.0
11/08/23,551901.0,17744.0
12/08/23,548928.0,17648.5
13/08/23,548928.0,17648.5
14/08/23,545954.0,17553.0
15/08/23,553717.0,17802.0
16/08/23,555619.0,17864.0
17/08/23,559021.0,17973.0
18/08/23,557414.0,17921.0
19/08/23,559074.0,17974.5
20/08/23,559074.0,17974.5
21/08/23,560735.0,18028.0
22/08/23,564602.0,18152.0
23/08/23,572552.0,18408.0
24/08/23,575027.0,18488.0
25/08/23,578354.0,18595.0
26/08/23,580602.0,18667.0
27/08/23,580602.0,18667.0
28/08/23,582849.0,18739.0
29/08/23,589324.0,18947.0
30/08/23,591886.0,19030.0
31/08/23,588454.0,18919.0
01/09/23,594172.0,19103.0
02/09/23,594294.0,19107.0
03/09/23,594294.0,19107.0
04/09/23,594415.0,19111.0
05/09/23,593422.0,19079.0
06/09/23,589307.0,18947.0
07/09/23,587101.0,18876.0
08/09/23,585334.0,18819.0
09/09/23,580124.0,18651.5
10/09/23,580124.0,18651.5
11/09/23,574913.0,18484.0
12/09/23,573413.0,18436.0
13/09/23,563577.0,18119.0
14/09/23,569035.0,18295.0
15/09/23,571411.0,18371.0
16/09/23,569770.0,18318.5
17/09/23,569770.0,18318.5
18/09/23,568128.0,18266.0
19/09/23,569319.0,18304.0
20/09/23,563127.0,18105.0
21/09/23,558558.0,17958.0
22/09/23,564049.0,18135.0
23/09/23,560308.0,18014.5
24/09/23,560308.0,18014.5
25/09/23,556567.0,17894.0
26/09/23,547208.0,17593.0
27/09/23,542773.0,17451.0
28/09/23,536381.0,17245.0
29/09/23,531895.0,17101.0
30/09/23,528220.0,16982.5
01/10/23,528220.0,16982.5
02/10/23,524544.0,16864.0
03/10/23,520864.0,16746.0
04/10/23,518180.0,16660.0
05/10/23,516510.0,16606.0
06/10/23,519993.0,16718.0
07/10/23,521896.0,16779.5
08/10/23,521896.0,16779.5
09/10/23,523799.0,16841.0
10/10/23,522093.0,16786.0
11/10/23,523578.0,16833.0
12/10/23,520528.0,16735.0
13/10/23,535662.0,17222.0
14/10/23,533622.0,17156.5
15/10/23,533622.0,17156.5
16/10/23,531583.0,17091.0
17/10/23,531531.0,17089.0
18/10/23,538344.0,17308.0
19/10/23,547301.0,17596.0
20/10/23,551868.0,17743.0
21/10/23,550760.0,17707.5
22/10/23,550760.0,17707.5
23/10/23,549651.0,17672.0
24/10/23,551090.0,17718.0
25/10/23,550277.0,17692.0
26/10/23,556115.0,17880.0
27/10/23,557320.0,17918.0
28/10/23,557484.0,17923.5
29/10/23,557484.0,17923.5
30/10/23,557648.0,17929.0
31/10/23,557632.0,17928.0
01/11/23,555608.0,17863.0
02/11/23,561054.0,18038.0
03/11/23,562419.0,18082.0
04/11/23,563308.0,18110.5
05/11/23,563308.0,18110.5
06/11/23,564197.0,18139.0
07/11/23,558749.0,17964.0
08/11/23,560204.0,18011.0
09/11/23,559326.0,17983.0
10/11/23,549419.0,17664.0
11/11/23,551043.0,17716.5
12/11/23,551043.0,17716.5
13/11/23,552667.0,17769.0
14/11/23,564894.0,18162.0
15/11/23,564820.0,18159.0
16/11/23,570243.0,18334.0
17/11/23,571160.0,18363.0
18/11/23,568422.0,18275.0
19/11/23,568422.0,18275.0
20/11/23,565683.0,18187.0
21/11/23,570578.0,18344.0
22/11/23,566696.0,18220.0
23/11/23,562343.0,18080.0
24/11/23,572187.0,18396.0
25/11/23,572130.0,18394.5
26/11/23,572130.0,18394.5
27/11/23,572073.0,18393.0
28/11/23,583148.0,18749.0
29/11/23,584078.0,18779.0
30/11/23,580341.0,18658.0
01/12/23,591017.0,19002.0
02/12/23,580766.0,18672.5
03/12/23,580766.0,18672.5
04/12/23,570516.0,18343.0
05/12/23,574427.0,18468.0
06/12/23,576635.0,18539.0
07/12/23,576400.0,18532.0
08/12/23,569487.0,18309.0
09/12/23,566210.0,18204.0
10/12/23,566210.0,18204.0
11/12/23,562934.0,18099.0
12/12/23,561499.0,18053.0
13/12/23,575040.0,18488.0
14/12/23,577311.0,18561.0
15/12/23,572588.0,18409.0
16/12/23,569822.0,18320.0
17/12/23,569822.0,18320.0
18/12/23,567056.0,18231.0
19/12/23,572789.0,18416.0
20/12/23,574358.0,18466.0
21/12/23,578686.0,18605.0
22/12/23,573375.0,18434.0
23/12/23,573966.0,18453.0
24/12/23,573966.0,18453.0
25/12/23,574557.0,18472.0
26/12/23,584197.0,18782.0
27/12/23,585769.0,18833.0
28/12/23,582476.0,18727.0
29/12/23,573929.0,18452.0
30/12/23,575186.0,18492.5
31/12/23,575186.0,18492.5
01/01/24,576443.0,18533.0
02/01/24,580526.0,18664.0
03/01/24,575351.0,18498.0
04/01/24,575651.0,18508.0
05/01/24,575829.0,18513.0
06/01/24,573058.0,18424.0
07/01/24,573058.0,18424.0
08/01/24,570286.0,18335.0
09/01/24,570929.0,18356.0
10/01/24,569374.0,18306.0
11/01/24,570344.0,18337.0
12/01/24,574826.0,18481.0
13/01/24,575048.0,18488.0
14/01/24,575048.0,18488.0
15/01/24,575269.0,18495.0
16/01/24,568748.0,18286.0
17/01/24,561646.0,18057.0
18/01/24,561810.0,18063.0
19/01/24,568500.0,18278.0
20/01/24,566972.0,18228.5
21/01/24,566972.0,18228.5
22/01/24,565445.0,18179.0
23/01/24,567560.0,18247.0
24/01/24,563802.0,18127.0
25/01/24,565991.0,18197.0
26/01/24,564695.0,18155.0
27/01/24,564195.0,18139.0
28/01/24,564195.0,18139.0
29/01/24,563695.0,18123.0
30/01/24,569275.0,18303.0
31/01/24,569537.0,18311.0
01/02/24,574505.0,18471.0
02/02/24,570319.0,18336.0
03/02/24,566399.0,18210.0
04/02/24,566399.0,18210.0
05/02/24,562479.0,18084.0
06/02/24,569245.0,18302.0
07/02/24,568403.0,18275.0
08/02/24,568491.0,18277.0
09/02/24,565644.0,18186.0
10/02/24,565106.0,18168.5
11/02/24,565106.0,18168.5
12/02/24,564567.0,18151.0
13/02/24,556573.0,17894.0
14/02/24,556417.0,17889.0
15/02/24,559814.0,17998.0
16/02/24,562635.0,18089.0
17/02/24,560607.0,18024.0
18/02/24,560607.0,18024.0
19/02/24,558579.0,17959.0
20/02/24,566175.0,18203.0
21/02/24,566268.0,18206.0
22/02/24,565992.0,18197.0
23/02/24,569403.0,18307.0
24/02/24,568274.0,18270.5
25/02/24,568274.0,18270.5
26/02/24,567144.0,18234.0
27/02/24,567536.0,18247.0
28/02/24,566729.0,18221.0
29/02/24,567765.0,18254.0
01/03/24,582073.0,18714.0
02/03/24,586480.0,18855.5
03/03/24,586480.0,18855.5
04/03/24,590886.0,18997.0
05/03/24,594537.0,19115.0
06/03/24,600185.0,19296.0
07/03/24,601142.0,19327.0
08/03/24,609065.0,19582.0
09/03/24,609234.0,19587.5
10/03/24,609234.0,19587.5
11/03/24,609403.0,19593.0
12/03/24,602386.0,19367.0
13/03/24,606571.0,19502.0
14/03/24,603153.0,19392.0
15/03/24,601283.0,19332.0
16/03/24,601678.0,19344.5
17/03/24,601678.0,19344.5
18/03/24,602074.0,19357.0
19/03/24,601269.0,19331.0
20/03/24,608701.0,19570.0
21/03/24,607098.0,19519.0
22/03/24,602586.0,19374.0
23/03/24,603376.0,19399.0
24/03/24,603376.0,19399.0
25/03/24,604165.0,19424.0
26/03/24,605430.0,19465.0
27/03/24,610266.0,19621.0
28/03/24,619816.0,19928.0
29/03/24,619718.0,19924.0
30/03/24,622554.0,20015.5
31/03/24,622554.0,20015.5
01/04/24,625389.0,20107.0
02/04/24,633627.0,20372.0
03/04/24,638876.0,20540.0
04/04/24,636425.0,20462.0
05/04/24,647717.0,20825.0
06/04/24,648680.0,20856.0
07/04/24,648680.0,20856.0
08/04/24,649644.0,20887.0
09/04/24,653959.0,21025.0
10/04/24,648835.0,20861.0
11/04/24,659754.0,21212.0
12/04/24,651669.0,20952.0
13/04/24,657066.0,21125.5
14/04/24,657066.0,21125.5
15/04/24,662464.0,21299.0
16/04/24,663466.0,21331.0
17/04/24,657220.0,21130.0
18/04/24,662406.0,21297.0
19/04/24,666212.0,21419.0
20/04/24,657138.0,21127.5
21/04/24,657138.0,21127.5
22/04/24,648063.0,20836.0
23/04/24,646584.0,20788.0
24/04/24,645064.0,20739.0
25/04/24,649728.0,20889.0
26/04/24,650516.0,20915.0
27/04/24,650340.0,20909.0
28/04/24,650340.0,20909.0
29/04/24,650165.0,20903.0
30/04/24,636470.0,20463.0
01/05/24,645624.0,20757.0
02/05/24,641586.0,20627.0
03/05/24,641262.0,20617.0
04/05/24,644055.0,20707.0
05/05/24,644055.0,20707.0
06/05/24,646848.0,20797.0
07/05/24,643663.0,20694.0
08/05/24,642315.0,20651.0
09/05/24,653457.0,21009.0
10/05/24,656301.0,21101.0
11/05/24,653094.0,20997.5
12/05/24,653094.0,20997.5
13/05/24,649886.0,20894.0
14/05/24,655911.0,21088.0
15/05/24,663823.0,21342.0
16/05/24,662150.0,21289.0
17/05/24,672283.0,21614.0
18/05/24,673844.0,21664.5
19/05/24,673844.0,21664.5
20/05/24,675405.0,21715.0
21/05/24,674271.0,21678.0
22/05/24,662459.0,21299.0
23/05/24,648237.0,20841.0
24/05/24,648864.0,20861.0
25/05/24,651683.0,20952.0
26/05/24,651683.0,20952.0
27/05/24,654502.0,21043.0
28/05/24,658362.0,21167.0
29/05/24,651548.0,20948.0
30/05/24,652462.0,20977.0
31/05/24,647997.0,20834.0
01/06/24,651512.0,20947.0
02/06/24,651512.0,20947.0
03/06/24,655026.0,21060.0
04/06/24,647629.0,20822.0
05/06/24,655807.0,21085.0
06/06/24,661496.0,21268.0
07/06/24,638749.0,20536.0
08/06/24,640585.0,20595.0
09/06/24,640585.0,20595.0
10/06/24,642421.0,20654.0
11/06/24,645777.0,20762.0
12/06/24,647500.0,20818.0
13/06/24,641904.0,20638.0
14/06/24,649745.0,20890.0
15/06/24,647818.0,20828.0
16/06/24,647818.0,20828.0
17/06/24,645890.0,20766.0
18/06/24,648860.0,20861.0
19/06/24,648697.0,20856.0
20/06/24,657308.0,21133.0
21/06/24,646382.0,20782.0
22/06/24,648302.0,20843.5
23/06/24,648302.0,20843.5
24/06/24,650221.0,20905.0
25/06/24,646225.0,20777.0
26/06/24,640068.0,20579.0
27/06/24,648285.0,20843.0
28/06/24,648059.0,20836.0
29/06/24,648696.0,20856.5
30/06/24,648696.0,20856.5
01/07/24,649333.0,20877.0
02/07/24,648505.0,20850.0
03/07/24,656011.0,21091.0
04/07/24,656621.0,21111.0
05/07/24,664970.0,21379.0
06/07/24,661069.0,21253.5
07/07/24,661069.0,21253.5
08/07/24,657168.0,21128.0
09/07/24,658360.0,21167.0
10/07/24,660344.0,21231.0
11/07/24,672682.0,21627.0
12/07/24,670280.0,21550.0
13/07/24,671896.0,21602.0
14/07/24,671896.0,21602.0
15/07/24,673513.0,21654.0
16/07/24,687958.0,22118.0
17/07/24,684653.0,22012.0
18/07/24,680344.0,21874.0
19/07/24,668331.0,21487.0
20/07/24,667692.0,21466.5
21/07/24,667692.0,21466.5
22/07/24,667052.0,21446.0
23/07/24,670425.0,21555.0
24/07/24,667915.0,21474.0
25/07/24,658444.0,21169.0
26/07/24,664093.0,21351.0
27/07/24,664100.0,21351.0
28/07/24,664100.0,21351.0
29/07/24,664106.0,21351.0
30/07/24,672300.0,21615.0
31/07/24,682245.0,21935.0
01/08/24,681557.0,21913.0
02/08/24,681302.0,21904.0
03/08/24,676440.0,21748.0
04/08/24,676440.0,21748.0
05/08/24,671578.0,21592.0
06/08/24,666590.0,21431.0
07/08/24,664098.0,21351.0
08/08/24,676270.0,21743.0
09/08/24,677663.0,21787.0
10/08/24,683334.0,21969.5
11/08/24,683334.0,21969.5
12/08/24,689004.0,22152.0
13/08/24,686930.0,22085.0
14/08/24,682138.0,21931.0
15/08/24,684345.0,22002.0
16/08/24,698834.0,22468.0
17/08/24,698052.0,22443.0
18/08/24,698052.0,22443.0
19/08/24,697270.0,22418.0
20/08/24,698867.0,22469.0
21/08/24,699975.0,22505.0
22/08/24,692502.0,22264.0
23/08/24,699957.0,22504.0
24/08/24,700582.0,22524.0
25/08/24,700582.0,22524.0
26/08/24,701207.0,22544.0
27/08/24,702831.0,22597.0
28/08/24,697518.0,22426.0
29/08/24,703561.0,22620.0
30/08/24,697147.0,22414.0
31/08/24,696756.0,22401.5
01/09/24,696756.0,22401.5
02/09/24,696365.0,22389.0
03/09/24,694637.0,22333.0
04/09/24,693795.0,22306.0
05/09/24,701045.0,22539.0
06/09/24,695707.0,22367.0
07/09/24,697094.0,22412.0
08/09/24,697094.0,22412.0
09/09/24,698481.0,22457.0
10/09/24,701507.0,22554.0
11/09/24,699622.0,22493.0
12/09/24,712675.0,22913.0
13/09/24,718624.0,23104.0
14/09/24,718644.0,23105.0
15/09/24,718644.0,23105.0
16/09/24,718663.0,23106.0
17/09/24,716337.0,23031.0
18/09/24,711918.0,22889.0
19/09/24,720057.0,23150.0
20/09/24,728840.0,23433.0
21/09/24,729686.0,23460.0
22/09/24,729686.0,23460.0
23/09/24,730533.0,23487.0
24/09/24,738301.0,23737.0
25/09/24,738298.0,23737.0
26/09/24,742230.0,23863.0
27/09/24,738230.0,23735.0
28/09/24,735028.0,23632.0
29/09/24,735028.0,23632.0
30/09/24,731826.0,23529.0
01/10/24,739257.0,23768.0
02/10/24,738073.0,23730.0
03/10/24,737552.0,23713.0
04/10/24,736500.0,23679.0
05/10/24,734998.0,23630.5
06/10/24,734998.0,23630.5
07/10/24,733496.0,23582.0
08/10/24,728144.0,23410.0
09/10/24,724180.0,23283.0
10/10/24,730443.0,23484.0
11/10/24,737646.0,23716.0
12/10/24,736776.0,23688.0
13/10/24,736776.0,23688.0
14/10/24,735907.0,23660.0
15/10/24,739753.0,23784.0
16/10/24,742495.0,23872.0
17/10/24,747852.0,24044.0
18/10/24,755592.0,24293.0
19/10/24,755384.0,24286.0
20/10/24,755384.0,24286.0
21/10/24,755176.0,24279.0
22/10/24,763388.0,24543.0
23/10/24,754121.0,24246.0
24/10/24,760042.0,24436.0
25/10/24,764398.0,24576.0
26/10/24,763708.0,24554.0
27/10/24,763708.0,24554.0
28/10/24,763017.0,24532.0
29/10/24,770644.0,24777.0
30/10/24,774552.0,24902.0
31/10/24,762239.0,24507.0
01/11/24,760011.0,24435.0
02/11/24,760278.0,24443.5
03/11/24,760278.0,24443.5
04/11/24,760544.0,24452.0
05/11/24,762562.0,24517.0
06/11/24,738950.0,23758.0
07/11/24,752267.0,24186.0
08/11/24,746463.0,23999.0
09/11/24,737235.0,23702.5
10/11/24,737235.0,23702.5
11/11/24,728007.0,23406.0
12/11/24,722508.0,23229.0
13/11/24,715409.0,23001.0
14/11/24,713424.0,22937.0
15/11/24,711705.0,22882.0
16/11/24,718639.0,23105.0
17/11/24,718639.0,23105.0
18/11/24,725573.0,23328.0
19/11/24,731764.0,23527.0
20/11/24,736803.0,23689.0
21/11/24,741985.0,23855.0
22/11/24,754297.0,24251.0
23/11/24,742037.0,23857.0
24/11/24,742037.0,23857.0
25/11/24,729777.0,23463.0
26/11/24,730118.0,23474.0
27/11/24,732747.0,23558.0
28/11/24,733138.0,23571.0
29/11/24,736923.0,23693.0
30/11/24,735028.0,23632.0
01/12/24,735028.0,23632.0
02/12/24,733132.0,23571.0
03/12/24,734827.0,23625.0
04/12/24,736526.0,23680.0
05/12/24,731625.0,23522.0
06/12/24,732299.0,23544.0
07/12/24,736118.0,23667.0
08/12/24,736118.0,23667.0
09/12/24,739937.0,23790.0
10/12/24,749449.0,24095.0
11/12/24,755172.0,24279.0
12/12/24,746048.0,23986.0
13/12/24,736206.0,23670.0
14/12/24,736770.0,23688.0
15/12/24,736770.0,23688.0
16/12/24,737335.0,23706.0
17/12/24,736098.0,23666.0
18/12/24,719401.0,23129.0
19/12/24,721966.0,23212.0
20/12/24,729950.0,23468.0
21/12/24,729482.0,23453.0
22/12/24,729482.0,23453.0
23/12/24,729014.0,23438.0
24/12/24,727954.0,23404.0
25/12/24,727251.0,23382.0
26/12/24,731982.0,23534.0
27/12/24,729882.0,23466.0
28/12/24,727607.0,23393.0
29/12/24,727607.0,23393.0
30/12/24,725332.0,23320.0
31/12/24,731074.0,23505.0
01/01/25,731074.0,23505.0
02/01/25,740607.0,23811.0
03/01/25,735575.0,23649.0
04/01/25,735064.0,23632.5
05/01/25,735064.0,23632.5
06/01/25,734553.0,23616.0
07/01/25,737991.0,23727.0
08/01/25,741857.0,23851.0
09/01/25,744410.0,23933.0
10/01/25,748911.0,24078.0
11/01/25,745648.0,23973.0
12/01/25,745648.0,23973.0
13/01/25,742384.0,23868.0
14/01/25,746496.0,24000.0
15/01/25,751341.0,24156.0
16/01/25,757100.0,24341.0
17/01/25,753301.0,24219.0
18/01/25,754145.0,24246.0
19/01/25,754145.0,24246.0
20/01/25,754989.0,24273.0
21/01/25,764987.0,24595.0
22/01/25,768510.0,24708.0
23/01/25,768098.0,24695.0
24/01/25,771917.0,24818.0
25/01/25,768067.0,24694.0
26/01/25,768067.0,24694.0
27/01/25,764217.0,24570.0
28/01/25,771005.0,24788.0
29/01/25,769437.0,24738.0
30/01/25,778535.0,25030.0
31/01/25,780279.0,25087.0
01/02/25,782606.0,25161.5
02/02/25,782606.0,25161.5
03/02/25,784933.0,25236.0
04/02/25,792633.0,25484.0
05/02/25,799615.0,25708.0
06/02/25,797306.0,25634.0
07/02/25,798569.0,25675.0
08/02/25,805021.0,25882.0
09/02/25,805021.0,25882.0
10/02/25,811473.0,26089.0
11/02/25,808757.0,26002.0
12/02/25,810706.0,26065.0
13/02/25,818513.0,26316.0
14/02/25,805010.0,25882.0
15/02/25,807174.0,25951.5
16/02/25,807174.0,25951.5
17/02/25,809339.0,26021.0
18/02/25,820689.0,26386.0
19/02/25,819894.0,26360.0
20/02/25,821420.0,26409.0
21/02/25,820611.0,26383.0
22/02/25,823305.0,26469.5
23/02/25,823305.0,26469.5
24/02/25,825999.0,26556.0
25/02/25,814780.0,26196.0
26/02/25,816066.0,26237.0
27/02/25,804285.0,25858.0
28/02/25,799514.0,25705.0
01/03/25,804152.0,25854.0
02/03/25,804152.0,25854.0
03/03/25,808791.0,26003.0
04/03/25,815955.0,26234.0
05/03/25,816232.0,26242.0
06/03/25,814564.0,26189.0
07/03/25,814847.0,26198.0
08/03/25,831168.0,26722.5
09/03/25,831168.0,26722.5
10/03/25,847489.0,27247.0
11/03/25,816070.0,26237.0
12/03/25,821829.0,26422.0
13/03/25,836903.0,26907.0
14/03/25,836049.0,26880.0
15/03/25,838470.0,26957.5
16/03/25,838470.0,26957.5
17/03/25,840892.0,27035.0
18/03/25,850320.0,27338.0
19/03/25,853595.0,27444.0
20/03/25,852972.0,27424.0
21/03/25,847189.0,27238.0
22/03/25,845910.0,27196.5
23/03/25,845910.0,27196.5
24/03/25,844630.0,27155.0
25/03/25,846404.0,27213.0
26/03/25,846740.0,27223.0
27/03/25,856129.0,27525.0
28/03/25,864019.0,27779.0
29/03/25,869766.0,27963.5
30/03/25,869766.0,27963.5
31/03/25,875514.0,28148.0
01/04/25,874575.0,28118.0
02/04/25,876590.0,28183.0
03/04/25,873391.0,28080.0
04/04/25,851801.0,27386.0
05/04/25,844130.0,27139.5
06/04/25,844130.0,27139.5
07/04/25,836458.0,26893.0
08/04/25,837160.0,26915.0
09/04/25,864570.0,27797.0
10/04/25,890242.0,28622.0
11/04/25,907248.0,29169.0
12/04/25,903994.0,29064.5
13/04/25,903994.0,29064.5
14/04/25,900741.0,28960.0
15/04/25,907130.0,29165.0
16/04/25,936626.0,30113.0
17/04/25,930733.0,29924.0
18/04/25,930733.0,29924.0
19/04/25,945658.0,30403.5
20/04/25,945658.0,30403.5
21/04/25,960584.0,30883.0
22/04/25,949436.0,30525.0
23/04/25,923604.0,29695.0
24/04/25,940667.0,30243.0
25/04/25,932336.0,29975.0
26/04/25,936188.0,30099.0
27/04/25,936188.0,30099.0
28/04/25,940039.0,30223.0
29/04/25,932524.0,29981.0
30/04/25,924641.0,29728.0
01/05/25,912384.0,29334.0
02/05/25,913507.0,29370.0
03/05/25,926538.0,29789.0
04/05/25,926538.0,29789.0
05/05/25,939570.0,30208.0
06/05/25,966600.0,31077.0
07/05/25,948709.0,30502.0
08/05/25,932854.0,29992.0
09/05/25,938226.0,30165.0
10/05/25,923568.0,29693.5
11/05/25,923568.0,29693.5
12/05/25,908910.0,29222.0
13/05/25,913282.0,29363.0
14/05/25,893732.0,28734.0
15/05/25,913027.0,29354.0
16/05/25,901060.0,28970.0
17/05/25,906971.0,29160.0
18/05/25,906971.0,29160.0
19/05/25,912882.0,29350.0
20/05/25,929933.0,29898.0
21/05/25,934204.0,30035.0
22/05/25,927969.0,29835.0
23/05/25,946609.0,30434.0
24/05/25,944600.0,30369.5
25/05/25,944600.0,30369.5
26/05/25,942592.0,30305.0
27/05/25,934020.0,30029.0
28/05/25,930202.0,29907.0
29/05/25,935923.0,30091.0
30/05/25,926882.0,29800.0
31/05/25,939837.0,30216.5
01/06/25,939837.0,30216.5
02/06/25,952792.0,30633.0
03/06/25,949589.0,30530.0
04/06/25,951261.0,30584.0
05/06/25,945971.0,30414.0
06/06/25,934561.0,30047.0
07/06/25,936490.0,30109.0
08/06/25,936490.0,30109.0
09/06/25,938418.0,30171.0
10/06/25,937178.0,30131.0
11/06/25,947271.0,30455.0
12/06/25,955280.0,30713.0
13/06/25,971502.0,31235.0
14/06/25,964745.0,31017.5
15/06/25,964745.0,31017.5
16/06/25,957988.0,30800.0
17/06/25,959826.0,30859.0
18/06/25,954865.0,30700.0
19/06/25,955254.0,30712.0
20/06/25,956082.0,30739.0
21/06/25,955695.0,30726.5
22/06/25,955695.0,30726.5
23/06/25,955308.0,30714.0
24/06/25,946357.0,30426.0
25/06/25,947424.0,30460.0
26/06/25,943099.0,30321.0
27/06/25,928803.0,29862.0
28/06/25,933038.0,29998.0
29/06/25,933038.0,29998.0
30/06/25,937273.0,30134.0
01/07/25,947566.0,30465.0
02/07/25,955803.0,30730.0
03/07/25,944357.0,30362.0
04/07/25,946934.0,30445.0
05/07/25,947631.0,30467.0
06/07/25,947631.0,30467.0
07/07/25,948328.0,30489.0
08/07/25,938251.0,30165.0
09/07/25,942119.0,30290.0
10/07/25,946108.0,30418.0
11/07/25,954343.0,30683.0
12/07/25,952914.0,30637.0
13/07/25,952914.0,30637.0
14/07/25,951485.0,30591.0
15/07/25,946820.0,30441.0
16/07/25,953980.0,30671.0
17/07/25,951427.0,30589.0
18/07/25,954651.0,30693.0
19/07/25,961991.0,30929.0
20/07/25,961991.0,30929.0
21/07/25,969331.0,31165.0
22/07/25,977817.0,31438.0
23/07/25,966242.0,31065.0
24/07/25,959464.0,30847.0
25/07/25,946298.0,30424.0
26/07/25,942540.0,30303.5
27/07/25,942540.0,30303.5
28/07/25,938781.0,30183.0
29/07/25,941804.0,30280.0
30/07/25,929116.0,29872.0
31/07/25,933014.0,29997.0
01/08/25,952581.0,30626.0
02/08/25,953880.0,30668.0
03/08/25,953880.0,30668.0
04/08/25,955179.0,30710.0
05/08/25,957550.0,30786.0
06/08/25,954692.0,30694.0
07/08/25,963523.0,30978.0
08/08/25,963489.0,30977.0
09/08/25,956418.0,30749.5
10/08/25,956418.0,30749.5
11/08/25,949346.0,30522.0
12/08/25,950564.0,30561.0
13/08/25,952961.0,30638.0
14/08/25,944531.0,30367.0
15/08/25,940637.0,30242.0
16/08/25,940272.0,30230.5
17/08/25,940272.0,30230.5
18/08/25,939906.0,30219.0
19/08/25,938525.0,30174.0
20/08/25,948631.0,30499.0
21/08/25,944697.0,30373.0
22/08/25,956440.0,30750.0
23/08/25,954253.0,30680.0
24/08/25,954253.0,30680.0
25/08/25,952066.0,30610.0
26/08/25,959712.0,30855.0
27/08/25,961126.0,30901.0
28/08/25,969573.0,31172.0
29/08/25,971451.0,31233.0
30/08/25,978223.0,31450.5
31/08/25,978223.0,31450.5
01/09/25,984995.0,31668.0
02/09/25,999921.0,32148.0
03/09/25,1006672.0,32365.0
04/09/25,1006602.0,32363.0
05/09/25,1018228.0,32737.0
06/09/25,1023332.0,32901.0
07/09/25,1023332.0,32901.0
08/09/25,1028436.0,33065.0
09/09/25,1023927.0,32920.0
10/09/25,1030036.0,33116.0
11/09/25,1028013.0,33051.0
12/09/25,1025720.0,32978.0
13/09/25,1031634.0,33168.0
14/09/25,1031634.0,33168.0
15/09/25,1037547.0,33358.0
16/09/25,1038669.0,33394.0
17/09/25,1035178.0,33282.0
18/09/25,1031148.0,33152.0
19/09/25,1046306.0,33640.0
20/09/25,1054616.0,33907.0
21/09/25,1054616.0,33907.0
22/09/25,1062925.0,34174.0
23/09/25,1064286.0,34218.0
24/09/25,1056580.0,33970.0
25/09/25,1060198.0,34086.0
26/09/25,1058014.0,34016.0
27/09/25,1070957.0,34432.0
28/09/25,1070957.0,34432.0
29/09/25,1083900.0,34848.0
30/09/25,1090584.0,35063.0
01/10/25,1090987.0,35076.0
02/10/25,1089331.0,35023.0
03/10/25,1093319.0,35151.0
04/10/25,1106022.0,35559.5
05/10/25,1106022.0,35559.5
06/10/25,1118726.0,35968.0
07/10/25,1125823.0,36196.0
08/10/25,1141616.0,36704.0
09/10/25,1126879.0,36230.0
10/10/25,1133984.0,36458.0
11/10/25,1149300.0,36950.5
12/10/25,1149300.0,36950.5
13/10/25,1164617.0,37443.0
14/10/25,1173034.0,37714.0
15/10/25,1182858.0,38030.0
16/10/25,1213154.0,39004.0
17/10/25,1206490.0,38790.0
18/10/25,1219950.0,39222.5
19/10/25,1219950.0,39222.5
20/10/25,1233411.0,39655.0
21/10/25,1163729.0,37415.0
22/10/25,1157465.0,37213.0
23/10/25,1163362.0,37403.0
24/10/25,1155903.0,37163.0
25/10/25,1140006.0,36652.0
26/10/25,1140006.0,36652.0
27/10/25,1124110.0,36141.0
28/10/25,1116371.0,35892.0
29/10/25,1109630.0,35675.0
30/10/25,1135716.0,36514.0
31/10/25,1124365.0,36149.0
01/11/25,1127494.0,36249.5
02/11/25,1127494.0,36249.5
03/11/25,1130624.0,36350.0
04/11/25,1111735.0,35743.0
05/11/25,1124691.0,36160.0
06/11/25,1124244.0,36145.0
07/11/25,1130987.0,36362.0
08/11/25,1147664.0,36898.0
09/11/25,1147664.0,36898.0
10/11/25,1164342.0,37434.0
11/11/25,1166504.0,37504.0
12/11/25,1186306.0,38141.0
13/11/25,1175385.0,37789.0
14/11/25,1152915.0,37067.0
15/11/25,1146578.0,36863.5
16/11/25,1146578.0,36863.5
17/11/25,1140240.0,36660.0
18/11/25,1146180.0,36851.0
19/11/25,1149322.0,36952.0
20/11/25,1152364.0,37049.0
21/11/25,1140941.0,36682.0
22/11/25,1152311.0,37047.5
23/11/25,1152311.0,37047.5
24/11/25,1163681.0,37413.0
25/11/25,1162115.0,37363.0
26/11/25,1173214.0,37720.0
27/11/25,1174581.0,37764.0
28/11/25,1183537.0,38052.0
29/11/25,1188046.0,38197.0
30/11/25,1188046.0,38197.0
01/12/25,1192556.0,38342.0
02/12/25,1184881.0,38095.0
03/12/25,1184101.0,38070.0
04/12/25,1185806.0,38125.0
05/12/25,1176958.0,37840.0
06/12/25,1180712.0,37960.5
07/12/25,1180712.0,37960.5
08/12/25,1184465.0,38081.0
09/12/25,1180244.0,37946.0
10/12/25,1189238.0,38235.0
11/12/25,1201705.0,38636.0
12/12/25,1205061.0,38744.0
13/12/25,1205777.0,38767.0
14/12/25,1205777.0,38767.0
15/12/25,1206493.0,38790.0
16/12/25,1205692.0,38764.0
17/12/25,1215278.0,39072.0
18/12/25,1214538.0,39048.0
19/12/25,1216527.0,39112.0
20/12/25,1230504.0,39561.5
21/12/25,1230504.0,39561.5
22/12/25,1244482.0,40011.0
23/12/25,1256068.0,40384.0
24/12/25,1254977.0,40348.0
25/12/25,1254921.0,40347.0
26/12/25,1270226.0,40839.0
27/12/25,1242010.0,39931.5
28/12/25,1242010.0,39931.5
29/12/25,1213794.0,39024.0
30/12/25,1215404.0,39076.0
31/12/25,1212129.0,38971.0
01/01/26,1212129.0,38971.0
02/01/26,1213283.0,39008.0
03/01/26,1229760.0,39537.5
04/01/26,1229760.0,39537.5
05/01/26,1246236.0,40067.0
06/01/26,1257891.0,40442.0
07/01/26,1248106.0,40128.0
08/01/26,1261308.0,40552.0
09/01/26,1262569.0,40593.0
10/01/26,1275192.0,40998.5
11/01/26,1275192.0,40998.5
12/01/26,1287816.0,41404.0
13/01/26,1284100.0,41285.0
14/01/26,1294818.0,41629.0
15/01/26,1291691.0,41529.0
16/01/26,1286657.0,41367.0
17/01/26,1296627.0,41687.5
18/01/26,1296627.0,41687.5
19/01/26,1306597.0,42008.0
20/01/26,1332042.0,42826.0
21/01/26,1351626.0,43456.0
22/01/26,1380944.0,44398.0
23/01/26,1395314.0,44860.0
24/01/26,1397474.0,44929.5
25/01/26,1397474.0,44929.5
26/01/26,1399634.0,44999.0
27/01/26,1449016.0,46587.0
28/01/26,1509956.0,48546.0
29/01/26,1509144.0,48520.0
30/01/26,1361416.0,43771.0
31/01/26,1333134.0,42861.5
01/02/26,1333134.0,42861.5
02/02/26,1304852.0,41952.0
03/02/26,1382575.0,44451.0
04/02/26,1387921.0,44623.0
05/02/26,1338305.0,43028.0
06/02/26,1385498.0,44545.0
07/02/26,1399808.0,45005.0
08/02/26,1399808.0,45005.0
09/02/26,1414117.0,45465.0
10/02/26,1405364.0,45184.0
11/02/26,1421585.0,45705.0
12/02/26,1375313.0,44217.0
13/02/26,1409860.0,45328.0
14/02/26,1403130.0,45111.5
15/02/26,1403130.0,45111.5
16/02/26,1396400.0,44895.0
17/02/26,1363101.0,43825.0
18/02/26,1390989.0,44721.0
19/02/26,1397615.0,44934.0
20/02/26,1427484.0,45895.0
21/02/26,1442442.0,46376.0
22/02/26,1442442.0,46376.0
23/02/26,1457401.0,46857.0
24/02/26,1438454.0,46247.0
25/02/26,1439614.0,46285.0
26/02/26,1448718.0,46577.0
27/02/26,1474481.0,47406.0
28/02/26,1481544.0,47633.0
01/03/26,1481544.0,47633.0
02/03/26,1488608.0,47860.0
03/03/26,1421624.0,45706.0
04/03/26,1436136.0,46173.0
05/03/26,1420204.0,45661.0
06/03/26,1444785.0,46451.0
