Date,Price_per_oz_PKR,Price_per_gram_PKR
02/01/07,38940,1251.94
03/01/07,38661,1242.99
04/01/07,38149,1226.53
05/01/07,37534,1206.76
08/01/07,37088,1192.42
09/01/07,37372,1201.53
10/01/07,37248,1197.54
11/01/07,37340,1200.52
12/01/07,37719,1212.71
15/01/07,38318,1231.96
16/01/07,38195,1227.99
17/01/07,38200,1228.16
18/01/07,38517,1238.36
19/01/07,38431,1235.59
22/01/07,38709,1244.52
23/01/07,39051,1255.52
24/01/07,39186,1259.86
25/01/07,39511,1270.31
26/01/07,39175,1259.51
29/01/07,39103,1257.21
30/01/07,39066,1256.00
31/01/07,39330,1264.48
01/02/07,39942,1284.16
02/02/07,39682,1275.79
05/02/07,39410,1267.05
06/02/07,39792,1279.34
07/02/07,39769,1278.60
08/02/07,39901,1282.86
09/02/07,40321,1296.35
12/02/07,40386,1298.45
13/02/07,40377,1298.15
14/02/07,40610,1305.64
15/02/07,40634,1306.41
16/02/07,40528,1303.00
19/02/07,40863,1313.76
20/02/07,40486,1301.66
21/02/07,40422,1299.59
22/02/07,41156,1323.21
23/02/07,41456,1332.83
26/02/07,41633,1338.52
27/02/07,41212,1325.00
28/02/07,40832,1312.79
01/03/07,40838,1312.96
02/03/07,39806,1279.80
05/03/07,38795,1247.28
06/03/07,39070,1256.14
07/03/07,39458,1268.60
08/03/07,39589,1272.81
09/03/07,39727,1277.26
12/03/07,39625,1273.98
13/03/07,39398,1266.69
14/03/07,38950,1252.27
15/03/07,39377,1265.99
16/03/07,39545,1271.39
19/03/07,39728,1277.29
20/03/07,39838,1280.81
21/03/07,40006,1286.21
22/03/07,40315,1296.16
23/03/07,40079,1288.58
26/03/07,40167,1291.40
27/03/07,40308,1295.95
28/03/07,40402,1298.95
29/03/07,40320,1296.30
30/03/07,40449,1300.47
02/04/07,40321,1296.36
03/04/07,40349,1297.26
04/04/07,40855,1313.51
05/04/07,40917,1315.53
09/04/07,40881,1314.35
10/04/07,41343,1329.21
11/04/07,41187,1324.20
12/04/07,41156,1323.19
13/04/07,41483,1333.70
16/04/07,41604,1337.60
17/04/07,41941,1348.44
18/04/07,41778,1343.19
19/04/07,41648,1339.01
20/04/07,41954,1348.86
23/04/07,41824,1344.67
24/04/07,41651,1339.12
25/04/07,41531,1335.26
26/04/07,40970,1317.20
27/04/07,41433,1332.10
30/04/07,41204,1324.73
01/05/07,40916,1315.47
02/05/07,40791,1311.46
03/05/07,41381,1330.42
04/05/07,41774,1343.07
07/05/07,41728,1341.59
08/05/07,41666,1339.58
09/05/07,41229,1325.56
10/05/07,40352,1297.34
11/05/07,40654,1307.05
14/05/07,40540,1303.39
16/05/07,40230,1293.43
17/05/07,39968,1284.99
18/05/07,40231,1293.47
22/05/07,40052,1287.69
23/05/07,40183,1291.92
24/05/07,39707,1276.60
25/05/07,39841,1280.93
28/05/07,39795,1279.44
29/05/07,39881,1282.19
30/05/07,39729,1277.32
31/05/07,40196,1292.32
01/06/07,40779,1311.08
04/06/07,40874,1314.14
05/06/07,40638,1306.55
06/06/07,40704,1308.67
07/06/07,40077,1288.51
08/06/07,39343,1264.90
11/06/07,39652,1274.85
12/06/07,39390,1266.41
13/06/07,39501,1269.99
14/06/07,39776,1278.83
15/06/07,39766,1278.50
18/06/07,39772,1278.70
19/06/07,40084,1288.73
20/06/07,39663,1275.21
21/06/07,39756,1278.18
22/06/07,39715,1276.86
25/06/07,39459,1268.63
26/06/07,38789,1247.08
27/06/07,38928,1251.56
28/06/07,39290,1263.19
29/06/07,39274,1262.70
03/07/07,39447,1268.24
04/07/07,39503,1270.06
05/07/07,39188,1259.92
06/07/07,39596,1273.03
09/07/07,39884,1282.29
10/07/07,40135,1290.37
11/07/07,39947,1284.33
12/07/07,40301,1295.72
13/07/07,40365,1297.78
16/07/07,40244,1293.87
17/07/07,40213,1292.89
18/07/07,40750,1310.13
19/07/07,40960,1316.90
20/07/07,41331,1328.81
23/07/07,41250,1326.23
24/07/07,41249,1326.19
25/07/07,40894,1314.78
26/07/07,40150,1290.86
27/07/07,40024,1286.81
30/07/07,40221,1293.12
31/07/07,40130,1290.22
01/08/07,39945,1284.27
02/08/07,40204,1292.58
03/08/07,40668,1307.52
07/08/07,40645,1306.76
08/08/07,40819,1312.36
09/08/07,40096,1289.12
10/08/07,40646,1306.79
13/08/07,40468,1301.07
14/08/07,40509,1302.40
15/08/07,40275,1294.87
16/08/07,39480,1269.32
17/08/07,39862,1281.58
20/08/07,39843,1280.98
21/08/07,39826,1280.45
22/08/07,40029,1286.95
23/08/07,39974,1285.20
24/08/07,40541,1303.42
27/08/07,40547,1303.63
28/08/07,40288,1295.30
29/08/07,40559,1304.01
30/08/07,40365,1297.77
31/08/07,40860,1313.67
04/09/07,41419,1331.66
05/09/07,41461,1333.01
06/09/07,42213,1357.17
07/09/07,42426,1364.03
10/09/07,42611,1369.97
11/09/07,43140,1386.99
12/09/07,43126,1386.52
13/09/07,42884,1378.74
14/09/07,42863,1378.09
17/09/07,43445,1396.80
18/09/07,44017,1415.17
19/09/07,43769,1407.21
20/09/07,44507,1430.95
21/09/07,44382,1426.91
24/09/07,44306,1424.47
25/09/07,44348,1425.81
26/09/07,44140,1419.12
27/09/07,44569,1432.93
28/09/07,45177,1452.46
01/10/07,45364,1458.48
02/10/07,44416,1428.01
03/10/07,44184,1420.56
04/10/07,44723,1437.88
05/10/07,45123,1450.74
09/10/07,44755,1438.91
10/10/07,44995,1446.62
11/10/07,45389,1459.30
12/10/07,45468,1461.82
15/10/07,46046,1480.41
16/10/07,46195,1485.21
17/10/07,45933,1476.79
18/10/07,46625,1499.03
19/10/07,46413,1492.21
22/10/07,45775,1471.69
23/10/07,45991,1478.64
24/10/07,46419,1492.41
25/10/07,46684,1500.92
26/10/07,47694,1533.40
29/10/07,48031,1544.24
30/10/07,47338,1521.95
31/10/07,48397,1556.00
01/11/07,47894,1539.83
02/11/07,49089,1578.23
05/11/07,49187,1581.39
06/11/07,50220,1614.62
07/11/07,50268,1616.14
08/11/07,50957,1638.32
09/11/07,50730,1631.00
13/11/07,49052,1577.06
14/11/07,49680,1597.25
15/11/07,48168,1548.65
16/11/07,48079,1545.77
19/11/07,47731,1534.57
20/11/07,49138,1579.83
21/11/07,48819,1569.56
22/11/07,49018,1575.98
23/11/07,50338,1618.41
26/11/07,50439,1621.66
27/11/07,49989,1607.19
28/11/07,49174,1580.99
29/11/07,48612,1562.93
30/11/07,48038,1544.47
03/12/07,48519,1559.93
04/12/07,49113,1579.02
05/12/07,48695,1565.60
06/12/07,49150,1580.20
07/12/07,48654,1564.26
10/12/07,49441,1589.56
11/12/07,49025,1576.19
12/12/07,49756,1599.70
13/12/07,49031,1576.40
14/12/07,48601,1562.57
17/12/07,48484,1558.79
18/12/07,49108,1578.86
19/12/07,49193,1581.58
20/12/07,48878,1571.47
21/12/07,49755,1599.66
24/12/07,49705,1598.06
26/12/07,50528,1624.50
27/12/07,50623,1627.56
28/12/07,51546,1657.23
31/12/07,51688,1661.82
02/01/08,53029,1704.94
03/01/08,53592,1723.01
04/01/08,53406,1717.04
07/01/08,53421,1717.54
08/01/08,54819,1762.46
09/01/08,54629,1756.38
10/01/08,55657,1789.43
11/01/08,55654,1789.32
14/01/08,56225,1807.69
15/01/08,55423,1781.88
16/01/08,54911,1765.42
17/01/08,55075,1770.71
18/01/08,55252,1776.39
21/01/08,53688,1726.12
22/01/08,55585,1787.09
23/01/08,55797,1793.91
24/01/08,57109,1836.11
25/01/08,57082,1835.24
28/01/08,58120,1868.60
29/01/08,57817,1858.87
30/01/08,58017,1865.30
31/01/08,57923,1862.26
01/02/08,56594,1819.53
04/02/08,56896,1829.24
05/02/08,55747,1792.31
06/02/08,56500,1816.51
07/02/08,57191,1838.73
08/02/08,57885,1861.03
11/02/08,58025,1865.55
12/02/08,57112,1836.19
13/02/08,57137,1836.98
14/02/08,57242,1840.36
15/02/08,56900,1829.37
18/02/08,57146,1837.28
19/02/08,58499,1880.80
20/02/08,59285,1906.06
21/02/08,59456,1911.56
22/02/08,59500,1912.98
25/02/08,59077,1899.38
26/02/08,59488,1912.60
27/02/08,59882,1925.27
28/02/08,60597,1948.23
29/02/08,60833,1955.81
03/03/08,61659,1982.37
04/03/08,60450,1943.51
05/03/08,62100,1996.56
06/03/08,61113,1964.81
07/03/08,60813,1955.17
10/03/08,61133,1965.46
11/03/08,60871,1957.06
12/03/08,61839,1988.18
13/03/08,62388,2005.81
14/03/08,62978,2024.80
17/03/08,63125,2029.52
18/03/08,61858,1988.78
19/03/08,59296,1906.41
20/03/08,57217,1839.57
24/03/08,56802,1826.23
25/03/08,58808,1890.71
26/03/08,60095,1932.11
27/03/08,59823,1923.36
28/03/08,58569,1883.03
31/03/08,57528,1849.57
01/04/08,55476,1783.61
02/04/08,56743,1824.33
03/04/08,56855,1827.92
04/04/08,57437,1846.66
07/04/08,57916,1862.04
08/04/08,57748,1856.63
09/04/08,58994,1896.71
10/04/08,58658,1885.91
11/04/08,58479,1880.14
14/04/08,58671,1886.33
15/04/08,59077,1899.36
16/04/08,60037,1930.25
17/04/08,59989,1928.68
18/04/08,58576,1883.27
21/04/08,58695,1887.10
22/04/08,58746,1888.72
23/04/08,58178,1870.47
24/04/08,57362,1844.24
25/04/08,57325,1843.04
28/04/08,57514,1849.12
29/04/08,56340,1811.38
30/04/08,56594,1819.55
01/05/08,55145,1772.94
02/05/08,55618,1788.16
05/05/08,57512,1849.07
06/05/08,56928,1830.29
07/05/08,57949,1863.10
08/05/08,59331,1907.54
09/05/08,60722,1952.25
12/05/08,60380,1941.27
13/05/08,59371,1908.81
14/05/08,59600,1916.18
15/05/08,61026,1962.02
16/05/08,62096,1996.44
19/05/08,63032,2026.54
20/05/08,64300,2067.29
21/05/08,64902,2086.64
22/05/08,63811,2051.57
23/05/08,64440,2071.80
26/05/08,63229,2032.88
27/05/08,61834,1987.99
28/05/08,61442,1975.42
29/05/08,59299,1906.50
30/05/08,59369,1908.76
02/06/08,59745,1920.85
03/06/08,59325,1907.35
04/06/08,59341,1907.86
05/06/08,59253,1905.03
06/06/08,60900,1957.97
09/06/08,60478,1944.40
10/06/08,58846,1891.95
11/06/08,59430,1910.73
12/06/08,58241,1872.49
13/06/08,58126,1868.81
16/06/08,59144,1901.51
17/06/08,59063,1898.93
18/06/08,60025,1929.85
19/06/08,60633,1949.41
20/06/08,60785,1954.27
23/06/08,59619,1916.78
24/06/08,60263,1937.50
25/06/08,60118,1932.83
26/06/08,62168,1998.73
27/06/08,63140,2030.00
30/06/08,63409,2038.64
01/07/08,64343,2068.68
02/07/08,64575,2076.13
03/07/08,65246,2097.72
04/07/08,64986,2089.34
07/07/08,65686,2111.87
08/07/08,66908,2151.13
09/07/08,66402,2134.88
10/07/08,67425,2167.75
11/07/08,67519,2170.80
14/07/08,67684,2176.10
15/07/08,68778,2211.27
16/07/08,68645,2206.98
17/07/08,69221,2225.50
18/07/08,67922,2183.74
22/07/08,67265,2162.63
23/07/08,65405,2102.83
24/07/08,65873,2117.85
25/07/08,65934,2119.84
28/07/08,66395,2134.64
29/07/08,65719,2112.91
30/07/08,65006,2090.01
31/07/08,65399,2102.64
01/08/08,65132,2094.03
04/08/08,64441,2071.82
05/08/08,63252,2033.59
06/08/08,63852,2052.90
07/08/08,63366,2037.27
08/08/08,62154,1998.29
11/08/08,60623,1949.07
12/08/08,60158,1934.13
13/08/08,62068,1995.53
14/08/08,60395,1941.76
15/08/08,60104,1932.40
18/08/08,60029,1929.96
19/08/08,60726,1952.40
20/08/08,60950,1959.57
21/08/08,63590,2044.46
22/08/08,62997,2025.39
25/08/08,63091,2028.41
26/08/08,63052,2027.18
27/08/08,63085,2028.22
28/08/08,63393,2038.14
29/08/08,63307,2035.37
01/09/08,62818,2019.65
02/09/08,61823,1987.66
03/09/08,61155,1966.17
04/09/08,60791,1954.46
05/09/08,61186,1967.17
08/09/08,61359,1972.75
09/09/08,59764,1921.46
10/09/08,57660,1853.82
11/09/08,57181,1838.41
12/09/08,58357,1876.23
15/09/08,59882,1925.24
16/09/08,59651,1917.81
17/09/08,67067,2156.25
18/09/08,66316,2132.12
19/09/08,67567,2172.35
22/09/08,70450,2265.01
23/09/08,69127,2222.48
24/09/08,68628,2206.44
25/09/08,68834,2213.08
26/09/08,68730,2209.72
29/09/08,71086,2285.47
30/09/08,68133,2190.53
01/10/08,68180,2192.03
02/10/08,65272,2098.55
03/10/08,65338,2100.68
06/10/08,67473,2169.30
07/10/08,69668,2239.88
08/10/08,72040,2316.13
09/10/08,72500,2330.92
10/10/08,67339,2165.01
13/10/08,67311,2164.09
14/10/08,67118,2157.89
15/10/08,68347,2197.41
16/10/08,65635,2110.21
17/10/08,65765,2114.39
20/10/08,64810,2083.69
21/10/08,63157,2030.55
22/10/08,59116,1900.62
23/10/08,59139,1901.36
24/10/08,59923,1926.57
27/10/08,59308,1906.81
28/10/08,61365,1972.94
29/10/08,61784,1986.41
30/10/08,60439,1943.15
31/10/08,58841,1891.78
03/11/08,58923,1894.40
04/11/08,62355,2004.77
05/11/08,60299,1938.66
06/11/08,59365,1908.63
07/11/08,59881,1925.23
10/11/08,60493,1944.91
11/11/08,58976,1896.11
12/11/08,57411,1845.82
13/11/08,59078,1899.42
14/11/08,59598,1916.11
17/11/08,58758,1889.10
18/11/08,58578,1883.31
19/11/08,58523,1881.55
20/11/08,59094,1899.91
21/11/08,63555,2043.34
24/11/08,64431,2071.50
25/11/08,64434,2071.60
26/11/08,64024,2058.43
27/11/08,64332,2068.33
28/11/08,64605,2077.09
01/12/08,60771,1953.83
02/12/08,61069,1963.42
03/12/08,61036,1962.34
04/12/08,60486,1944.68
05/12/08,59490,1912.65
08/12/08,60868,1956.94
09/12/08,61010,1961.52
10/12/08,63330,2036.10
11/12/08,64596,2076.82
12/12/08,64772,2082.46
15/12/08,66902,2150.94
16/12/08,69429,2232.21
17/12/08,68507,2202.56
18/12/08,67621,2174.07
19/12/08,66393,2134.60
22/12/08,66819,2148.29
23/12/08,66061,2123.93
24/12/08,66703,2144.56
26/12/08,68465,2201.21
29/12/08,69415,2231.74
30/12/08,68954,2216.93
31/12/08,69485,2234.01
02/01/09,68977,2217.66
05/01/09,67504,2170.30
06/01/09,67888,2182.64
07/01/09,65632,2110.10
08/01/09,65179,2095.54
09/01/09,67520,2170.83
12/01/09,64993,2089.57
13/01/09,64735,2081.29
14/01/09,64350,2068.92
15/01/09,64761,2082.13
16/01/09,66776,2146.89
19/01/09,66266,2130.50
20/01/09,68251,2194.32
21/01/09,67774,2179.00
22/01/09,68279,2195.21
23/01/09,71062,2284.71
26/01/09,71578,2301.29
27/01/09,71069,2284.91
28/01/09,69896,2247.21
29/01/09,71105,2286.07
30/01/09,73397,2359.78
02/02/09,71376,2294.81
03/02/09,71042,2284.07
04/02/09,71619,2302.60
05/02/09,71303,2292.43
06/02/09,72148,2319.60
09/02/09,70793,2276.04
10/02/09,72727,2338.24
11/02/09,74200,2385.58
12/02/09,74851,2406.52
13/02/09,75073,2413.64
16/02/09,75131,2415.53
17/02/09,77304,2485.38
18/02/09,78551,2525.48
19/02/09,77866,2503.46
20/02/09,79599,2559.15
23/02/09,78824,2534.24
24/02/09,76842,2470.52
25/02/09,76122,2447.38
26/02/09,75375,2423.37
27/02/09,75022,2412.00
02/03/09,73834,2373.82
03/03/09,73220,2354.07
04/03/09,72764,2339.41
05/03/09,74482,2394.64
06/03/09,75593,2430.38
09/03/09,74163,2384.39
10/03/09,71353,2294.05
11/03/09,73076,2349.45
12/03/09,74302,2388.87
13/03/09,74425,2392.83
16/03/09,74229,2386.50
17/03/09,73351,2358.29
18/03/09,75515,2427.88
19/03/09,76842,2470.54
20/03/09,76428,2457.22
23/03/09,75362,2422.95
24/03/09,74808,2405.13
25/03/09,74931,2409.10
26/03/09,75238,2418.94
27/03/09,74332,2389.83
30/03/09,73481,2362.47
31/03/09,73831,2373.73
01/04/09,74555,2397.01
02/04/09,73045,2348.44
03/04/09,71931,2312.63
06/04/09,70084,2253.25
07/04/09,70617,2270.39
08/04/09,70842,2277.63
09/04/09,70625,2270.63
13/04/09,72291,2324.23
14/04/09,71464,2297.62
15/04/09,71753,2306.93
16/04/09,70621,2270.52
17/04/09,69930,2248.30
20/04/09,71081,2285.30
21/04/09,71222,2289.83
22/04/09,71724,2305.99
23/04/09,72998,2346.94
24/04/09,73512,2363.47
27/04/09,73009,2347.29
28/04/09,71829,2309.35
29/04/09,72241,2322.62
30/04/09,71134,2287.03
01/05/09,71128,2286.81
04/05/09,72473,2330.07
05/05/09,72127,2318.95
06/05/09,73446,2361.33
07/05/09,73353,2358.36
08/05/09,73958,2377.80
11/05/09,73596,2366.18
12/05/09,74416,2392.54
13/05/09,74925,2408.89
14/05/09,74716,2402.18
15/05/09,75370,2423.21
18/05/09,74586,2398.01
19/05/09,74908,2408.35
20/05/09,75949,2441.81
21/05/09,77014,2476.06
22/05/09,76704,2466.09
25/05/09,76724,2466.72
26/05/09,76537,2460.73
27/05/09,76292,2452.84
28/05/09,77872,2503.64
29/05/09,79439,2554.02
01/06/09,79010,2540.25
02/06/09,79735,2563.53
03/06/09,77853,2503.03
04/06/09,79263,2548.36
05/06/09,77063,2477.63
08/06/09,77010,2475.94
09/06/09,77329,2486.20
10/06/09,77222,2482.75
11/06/09,77246,2483.52
12/06/09,75840,2438.33
15/06/09,75050,2412.92
16/06/09,75883,2439.69
17/06/09,76277,2452.35
19/06/09,75384,2423.64
22/06/09,74585,2397.97
23/06/09,75004,2411.44
24/06/09,75972,2442.57
25/06/09,76059,2445.35
26/06/09,76246,2451.37
29/06/09,76183,2449.34
30/06/09,75312,2421.33
01/07/09,75523,2428.12
06/07/09,75012,2411.71
07/07/09,75157,2416.35
08/07/09,74115,2382.86
09/07/09,73869,2374.96
10/07/09,74514,2395.69
13/07/09,75320,2421.60
14/07/09,76328,2454.01
15/07/09,76534,2460.63
16/07/09,76475,2458.73
17/07/09,76811,2469.52
20/07/09,78028,2508.65
21/07/09,77773,2500.47
22/07/09,78034,2508.84
23/07/09,78184,2513.66
24/07/09,78269,2516.41
27/07/09,78887,2536.27
28/07/09,77767,2500.26
29/07/09,77613,2495.32
30/07/09,77341,2486.56
31/07/09,79057,2541.74
03/08/09,79264,2548.40
04/08/09,80361,2583.68
05/08/09,80086,2574.81
06/08/09,79925,2569.66
07/08/09,78546,2525.30
10/08/09,78174,2513.34
11/08/09,78464,2522.69
12/08/09,78486,2523.40
13/08/09,78862,2535.48
14/08/09,77735,2499.25
17/08/09,77099,2478.78
18/08/09,77195,2481.89
19/08/09,77769,2500.34
20/08/09,77583,2494.35
21/08/09,78665,2529.12
24/08/09,77831,2502.31
25/08/09,78091,2510.69
26/08/09,77942,2505.90
27/08/09,77553,2493.40
28/08/09,79531,2556.99
31/08/09,78903,2536.79
01/09/09,79222,2547.06
02/09/09,80771,2596.86
03/09/09,82341,2647.31
04/09/09,82224,2643.57
07/09/09,82521,2653.11
08/09/09,82651,2657.28
09/09/09,82051,2638.01
10/09/09,82256,2644.59
11/09/09,83120,2672.37
14/09/09,82442,2650.56
15/09/09,83005,2668.68
16/09/09,84238,2708.31
17/09/09,84037,2701.86
18/09/09,83615,2688.27
21/09/09,83015,2668.98
22/09/09,83842,2695.57
23/09/09,83581,2687.18
24/09/09,82997,2668.40
25/09/09,82449,2650.78
28/09/09,82429,2650.17
29/09/09,82669,2657.87
30/09/09,84087,2703.47
01/10/09,83356,2679.97
02/10/09,83471,2683.66
05/10/09,84402,2713.57
06/10/09,86644,2785.67
07/10/09,86969,2796.13
08/10/09,87593,2816.18
09/10/09,87425,2810.78
12/10/09,87919,2826.66
13/10/09,88402,2842.18
14/10/09,88424,2842.88
15/10/09,87336,2807.92
16/10/09,87581,2815.78
19/10/09,88693,2851.56
20/10/09,88017,2829.82
21/10/09,88298,2838.83
22/10/09,88214,2836.14
23/10/09,87733,2820.67
26/10/09,86108,2768.44
27/10/09,86703,2787.55
28/10/09,85729,2756.26
29/10/09,86881,2793.30
30/10/09,87471,2812.24
02/11/09,88764,2853.83
03/11/09,90620,2913.50
04/11/09,91506,2942.00
05/11/09,91174,2931.32
06/11/09,91704,2948.34
09/11/09,92036,2959.02
10/11/09,91747,2949.74
11/11/09,93061,2991.99
12/11/09,92455,2972.51
13/11/09,93236,2997.60
16/11/09,94926,3051.93
17/11/09,95536,3071.55
18/11/09,95025,3055.14
19/11/09,95500,3070.40
20/11/09,96228,3093.79
23/11/09,97184,3124.53
24/11/09,97133,3122.88
25/11/09,98944,3181.14
26/11/09,99501,3199.04
27/11/09,98257,3159.05
30/11/09,98549,3168.43
01/12/09,99929,3212.78
02/12/09,102027,3280.25
03/12/09,100947,3245.52
04/12/09,97262,3127.05
07/12/09,97324,3129.03
08/12/09,95697,3076.72
09/12/09,95564,3072.46
10/12/09,95449,3068.76
11/12/09,94688,3044.28
14/12/09,94909,3051.39
15/12/09,94824,3048.66
16/12/09,96454,3101.08
17/12/09,93019,2990.62
18/12/09,93759,3014.41
21/12/09,92802,2983.66
22/12/09,91781,2950.81
23/12/09,92071,2960.16
24/12/09,93277,2998.92
25/12/09,93166,2995.37
28/12/09,93361,3001.64
29/12/09,92527,2974.81
30/12/09,91848,2952.98
31/12/09,92714,2980.83
01/01/10,92285,2967.02
04/01/10,94690,3044.37
05/01/10,94925,3051.90
06/01/10,96810,3112.52
07/01/10,95728,3077.74
08/01/10,96047,3087.99
11/01/10,97669,3140.14
12/01/10,95716,3077.33
13/01/10,96850,3113.80
14/01/10,96562,3104.53
15/01/10,95241,3062.08
18/01/10,95783,3079.49
19/01/10,96533,3103.60
20/01/10,94620,3042.09
21/01/10,92485,2973.47
22/01/10,92187,2963.87
25/01/10,93255,2998.21
26/01/10,93107,2993.45
27/01/10,92445,2972.17
28/01/10,92225,2965.10
29/01/10,92437,2971.90
01/02/10,93664,3011.37
02/02/10,94695,3044.51
03/02/10,94623,3042.19
04/02/10,90663,2914.89
05/02/10,90131,2897.78
08/02/10,90267,2902.16
09/02/10,91684,2947.70
10/02/10,91213,2932.57
11/02/10,92772,2982.69
12/02/10,92581,2976.56
15/02/10,93576,3008.52
16/02/10,94804,3048.00
17/02/10,94402,3035.10
18/02/10,93931,3019.94
19/02/10,95073,3056.65
22/02/10,94851,3049.54
23/02/10,94385,3034.54
24/02/10,93726,3013.37
25/02/10,94010,3022.48
26/02/10,95089,3057.17
01/03/10,95094,3057.35
02/03/10,96610,3106.09
03/03/10,97250,3126.67
04/03/10,96106,3089.89
05/03/10,96041,3087.79
08/03/10,95176,3059.99
09/03/10,95111,3057.88
10/03/10,93569,3008.30
11/03/10,93741,3013.85
12/03/10,92904,2986.95
15/03/10,93728,3013.44
16/03/10,94980,3053.66
17/03/10,94603,3041.55
18/03/10,95124,3058.32
19/03/10,93118,2993.80
22/03/10,92531,2974.94
23/03/10,92946,2988.28
24/03/10,91521,2942.46
25/03/10,91469,2940.78
26/03/10,92755,2982.14
29/03/10,93129,2994.17
30/03/10,92454,2972.48
31/03/10,93564,3008.14
01/04/10,94795,3047.73
02/04/10,95171,3059.82
05/04/10,95187,3060.33
06/04/10,95219,3061.36
07/04/10,96149,3091.27
08/04/10,96203,3092.98
09/04/10,97532,3135.73
12/04/10,96987,3118.21
13/04/10,96303,3096.20
14/04/10,96706,3109.16
15/04/10,97230,3126.01
16/04/10,95704,3076.94
19/04/10,95312,3064.36
20/04/10,95985,3085.98
21/04/10,96105,3089.85
22/04/10,95979,3085.80
23/04/10,97319,3128.88
26/04/10,96584,3105.26
27/04/10,99111,3186.49
28/04/10,97706,3141.31
29/04/10,98284,3159.89
30/04/10,99155,3187.91
03/05/10,99540,3200.29
04/05/10,99295,3192.40
05/05/10,99620,3202.87
06/05/10,101551,3264.93
07/05/10,101871,3275.22
10/05/10,102843,3306.49
11/05/10,104105,3347.04
12/05/10,104280,3352.66
13/05/10,104534,3360.85
14/05/10,104100,3346.91
17/05/10,102697,3301.79
18/05/10,105153,3380.76
19/05/10,98828,3177.39
20/05/10,100409,3228.23
21/05/10,99364,3194.62
24/05/10,101147,3251.96
25/05/10,100810,3241.12
26/05/10,103075,3313.92
27/05/10,102625,3299.47
28/05/10,103804,3337.37
31/05/10,103530,3328.57
01/06/10,105525,3392.70
02/06/10,104239,3351.35
03/06/10,102963,3310.35
04/06/10,104206,3350.30
07/06/10,106430,3421.82
08/06/10,105288,3385.09
09/06/10,105542,3393.25
10/06/10,103357,3323.00
11/06/10,104682,3365.59
14/06/10,104638,3364.20
15/06/10,105422,3389.41
16/06/10,104987,3375.41
17/06/10,106332,3418.67
18/06/10,107231,3447.57
21/06/10,105464,3390.75
22/06/10,106271,3416.69
23/06/10,105358,3387.33
24/06/10,106092,3410.95
25/06/10,107391,3452.70
28/06/10,106384,3420.33
29/06/10,106003,3408.08
30/06/10,106606,3427.46
01/07/10,102573,3297.80
02/07/10,103814,3337.71
05/07/10,103121,3315.41
06/07/10,102489,3295.08
07/07/10,103166,3316.87
08/07/10,102396,3292.11
09/07/10,104156,3348.69
12/07/10,102507,3295.68
13/07/10,103848,3338.81
14/07/10,103314,3321.62
15/07/10,103399,3324.34
16/07/10,102137,3283.77
19/07/10,101311,3257.22
20/07/10,101907,3276.39
21/07/10,101961,3278.13
22/07/10,102517,3296.00
23/07/10,101011,3247.58
26/07/10,101061,3249.17
27/07/10,99358,3194.43
28/07/10,99736,3206.59
29/07/10,100000,3215.07
30/07/10,100463,3229.95
02/08/10,100535,3232.27
03/08/10,101923,3276.91
04/08/10,102979,3310.85
05/08/10,102754,3303.60
06/08/10,102767,3304.03
09/08/10,103178,3317.26
10/08/10,102597,3298.57
11/08/10,103461,3326.33
12/08/10,104555,3361.51
13/08/10,104152,3348.55
16/08/10,104860,3371.34
17/08/10,104776,3368.61
18/08/10,105582,3394.54
19/08/10,105623,3395.86
20/08/10,104972,3374.93
23/08/10,105398,3388.61
24/08/10,105231,3383.26
25/08/10,105934,3405.87
26/08/10,105215,3382.74
27/08/10,105895,3404.59
30/08/10,106021,3408.66
31/08/10,106834,3434.78
01/09/10,106341,3418.93
02/09/10,106946,3438.38
03/09/10,106649,3428.84
06/09/10,107359,3451.68
07/09/10,108456,3486.96
08/09/10,107624,3460.18
09/09/10,106909,3437.21
10/09/10,106784,3433.18
13/09/10,106751,3432.12
14/09/10,109269,3513.08
15/09/10,108711,3495.14
16/09/10,109231,3511.85
17/09/10,109338,3515.29
20/09/10,109655,3525.49
21/09/10,109756,3528.74
22/09/10,110757,3560.92
23/09/10,111398,3581.53
24/09/10,111287,3577.97
27/09/10,111942,3599.00
28/09/10,112813,3627.03
29/09/10,112986,3632.59
30/09/10,112996,3632.91
01/10/10,113903,3662.08
04/10/10,113369,3644.90
05/10/10,115579,3715.97
06/10/10,115879,3725.61
07/10/10,114891,3693.83
08/10/10,115919,3726.89
11/10/10,117171,3767.14
12/10/10,116108,3732.96
13/10/10,118314,3803.88
14/10/10,118615,3813.55
15/10/10,117919,3791.18
18/10/10,117495,3777.54
19/10/10,115144,3701.96
20/10/10,115886,3725.84
21/10/10,114152,3670.08
22/10/10,113931,3662.97
25/10/10,115458,3712.06
26/10/10,114969,3696.35
27/10/10,114238,3672.82
28/10/10,115260,3705.69
29/10/10,115411,3710.56
01/11/10,116585,3748.28
02/11/10,116153,3734.40
03/11/10,115068,3699.54
04/11/10,119225,3833.18
05/11/10,119365,3837.67
08/11/10,120038,3859.32
09/11/10,120192,3864.26
10/11/10,119206,3832.55
11/11/10,120249,3866.10
12/11/10,117302,3771.33
15/11/10,116138,3733.91
16/11/10,115122,3701.24
17/11/10,114527,3682.14
18/11/10,116206,3736.12
19/11/10,115475,3712.59
22/11/10,116645,3750.23
23/11/10,117414,3774.94
24/11/10,117762,3786.13
25/11/10,117358,3773.16
26/11/10,116898,3758.36
29/11/10,117122,3765.57
30/11/10,118976,3825.16
01/12/10,118867,3821.68
02/12/10,119168,3831.33
03/12/10,121305,3900.03
06/12/10,121933,3920.25
07/12/10,120506,3874.37
08/12/10,118423,3807.40
09/12/10,118850,3821.10
10/12/10,119017,3826.50
13/12/10,119925,3855.69
14/12/10,119867,3853.83
15/12/10,119147,3830.67
16/12/10,117179,3767.39
17/12/10,117551,3779.34
20/12/10,118887,3822.29
21/12/10,118885,3822.25
22/12/10,118977,3825.21
23/12/10,118443,3808.02
24/12/10,118455,3808.41
27/12/10,118715,3816.79
28/12/10,120440,3872.25
29/12/10,121262,3898.65
30/12/10,120590,3877.06
31/12/10,122061,3924.34
03/01/11,120864,3885.86
04/01/11,118776,3818.75
05/01/11,118067,3795.95
06/01/11,117678,3783.45
07/01/11,117450,3776.12
10/01/11,117957,3792.40
11/01/11,118297,3803.32
12/01/11,118882,3822.16
13/01/11,117898,3790.52
14/01/11,116246,3737.40
17/01/11,116657,3750.61
18/01/11,117443,3775.86
19/01/11,117901,3790.61
20/01/11,115560,3715.33
21/01/11,114459,3679.94
24/01/11,114980,3696.68
25/01/11,114333,3675.89
26/01/11,115273,3706.12
27/01/11,113002,3633.09
28/01/11,115193,3703.54
31/01/11,114265,3673.71
01/02/11,114978,3696.62
02/02/11,114145,3669.86
03/02/11,115583,3716.08
04/02/11,115480,3712.77
07/02/11,115773,3722.20
08/02/11,116664,3750.84
09/02/11,115982,3728.90
10/02/11,116035,3730.60
11/02/11,114997,3697.24
14/02/11,115936,3727.43
15/02/11,117091,3764.57
16/02/11,117350,3772.89
17/02/11,118040,3795.09
18/02/11,118661,3815.04
21/02/11,120373,3870.08
22/02/11,119673,3847.57
23/02/11,120684,3880.08
24/02/11,119762,3850.44
25/02/11,120526,3875.00
28/02/11,120854,3885.55
01/03/11,123006,3954.73
02/03/11,122703,3945.00
03/03/11,121015,3890.74
04/03/11,122122,3926.30
07/03/11,122137,3926.80
08/03/11,121835,3917.07
09/03/11,122087,3925.19
10/03/11,120827,3884.69
11/03/11,120495,3874.00
14/03/11,122065,3924.48
15/03/11,119235,3833.51
16/03/11,118869,3821.71
17/03/11,119990,3857.77
18/03/11,121116,3893.98
21/03/11,121991,3922.09
22/03/11,122061,3924.36
23/03/11,122890,3951.00
24/03/11,122078,3924.90
25/03/11,121577,3908.79
28/03/11,121375,3902.29
29/03/11,120775,3882.99
30/03/11,121184,3896.16
31/03/11,122262,3930.80
01/04/11,121802,3916.04
04/04/11,122535,3939.61
05/04/11,124159,3991.79
06/04/11,124370,3998.60
07/04/11,124446,4001.02
08/04/11,124828,4013.32
11/04/11,123792,3980.02
12/04/11,122603,3941.77
13/04/11,123321,3964.86
14/04/11,124287,3995.93
15/04/11,125176,4024.51
18/04/11,125962,4049.77
19/04/11,126464,4065.91
20/04/11,126957,4081.77
21/04/11,126963,4081.95
22/04/11,127287,4092.37
25/04/11,127495,4099.05
26/04/11,127401,4096.04
27/04/11,129165,4152.76
28/04/11,129893,4176.14
29/04/11,132855,4271.38
02/05/11,130402,4192.53
03/05/11,129088,4150.26
04/05/11,128802,4141.09
05/05/11,127076,4085.58
06/05/11,128149,4120.08
09/05/11,127864,4110.92
10/05/11,128559,4133.27
11/05/11,127970,4114.34
12/05/11,128185,4121.25
13/05/11,127316,4093.30
16/05/11,127509,4099.51
17/05/11,126739,4074.75
18/05/11,128007,4115.51
19/05/11,128479,4130.70
20/05/11,130624,4199.66
23/05/11,129945,4177.81
24/05/11,130638,4200.12
25/05/11,130708,4202.35
26/05/11,130138,4184.02
27/05/11,131715,4234.74
30/05/11,132021,4244.58
31/05/11,132029,4244.82
01/06/11,133771,4300.83
02/06/11,131937,4241.87
03/06/11,132492,4259.72
06/06/11,133048,4277.61
07/06/11,132910,4273.14
08/06/11,132399,4256.74
09/06/11,132249,4251.92
10/06/11,131443,4225.99
13/06/11,129671,4169.02
14/06/11,130769,4204.32
15/06/11,132590,4262.88
16/06/11,130877,4207.80
17/06/11,132209,4250.62
20/06/11,132304,4253.68
21/06/11,132649,4264.77
22/06/11,133242,4283.82
23/06/11,129768,4172.13
24/06/11,129236,4155.02
27/06/11,128812,4141.39
28/06/11,129190,4153.55
29/06/11,130219,4186.63
30/06/11,129379,4159.63
01/07/11,128025,4116.11
04/07/11,128344,4126.35
05/07/11,130589,4198.53
06/07/11,131359,4223.30
07/07/11,131355,4223.17
08/07/11,132794,4269.43
11/07/11,133198,4282.42
12/07/11,134631,4328.49
13/07/11,135475,4355.63
14/07/11,136615,4392.27
15/07/11,137355,4416.06
18/07/11,138201,4443.25
19/07/11,136887,4401.03
20/07/11,138116,4440.54
21/07/11,136557,4390.41
22/07/11,138016,4437.33
24/07/11,137998,4436.75
25/07/11,139433,4482.88
26/07/11,139612,4488.64
27/07/11,139980,4500.48
28/07/11,139976,4500.33
29/07/11,140850,4528.43
01/08/11,142197,4571.74
02/08/11,144065,4631.79
03/08/11,143723,4620.82
04/08/11,143741,4621.37
05/08/11,142420,4578.89
08/08/11,149347,4801.62
09/08/11,149392,4803.05
10/08/11,157369,5059.52
11/08/11,152096,4890.01
12/08/11,150828,4849.24
15/08/11,151292,4864.17
16/08/11,154368,4963.04
17/08/11,155421,4996.90
18/08/11,158168,5085.22
19/08/11,160975,5175.48
22/08/11,165376,5316.95
23/08/11,159017,5112.53
24/08/11,152176,4892.57
25/08/11,154009,4951.51
26/08/11,158830,5106.50
29/08/11,156257,5023.77
30/08/11,159917,5141.44
31/08/11,159178,5117.68
01/09/11,159727,5135.34
02/09/11,164118,5276.53
04/09/11,166275,5345.88
05/09/11,166603,5356.40
06/09/11,166059,5338.93
07/09/11,159147,5116.68
08/09/11,163916,5270.01
09/09/11,164212,5279.54
12/09/11,157969,5078.83
13/09/11,160706,5166.83
14/09/11,159638,5132.49
15/09/11,156923,5045.18
16/09/11,159119,5115.78
19/09/11,155797,5008.98
20/09/11,157897,5076.49
21/09/11,157758,5072.05
22/09/11,151728,4878.18
23/09/11,144757,4654.05
26/09/11,141769,4557.97
27/09/11,144262,4638.12
28/09/11,136541,4389.90
29/09/11,141724,4556.54
30/09/11,142506,4581.66
03/10/11,145151,4666.70
04/10/11,140055,4502.88
05/10/11,143333,4608.28
06/10/11,144273,4638.48
07/10/11,143530,4614.61
10/10/11,146137,4698.42
11/10/11,144802,4655.48
12/10/11,146453,4708.56
13/10/11,144408,4642.83
14/10/11,145399,4674.68
17/10/11,145290,4671.17
18/10/11,144020,4630.34
19/10/11,142233,4572.91
20/10/11,139904,4498.01
21/10/11,142604,4584.83
24/10/11,143359,4609.10
25/10/11,148411,4771.52
26/10/11,149984,4822.09
27/10/11,151749,4878.85
28/10/11,151394,4867.44
31/10/11,150038,4823.82
01/11/11,147734,4749.76
02/11/11,149902,4819.48
03/11/11,151863,4882.51
04/11/11,151092,4857.71
06/11/11,151422,4868.34
07/11/11,155183,4989.26
08/11/11,154376,4963.29
09/11/11,153937,4949.20
10/11/11,145218,4668.86
11/11/11,154724,4974.48
13/11/11,153206,4925.70
14/11/11,154767,4975.87
15/11/11,154801,4976.98
16/11/11,153501,4935.18
17/11/11,149573,4808.87
18/11/11,151038,4856.00
21/11/11,145991,4693.73
22/11/11,148949,4788.81
23/11/11,148634,4778.69
24/11/11,149229,4797.81
25/11/11,147892,4754.83
27/11/11,147071,4728.43
28/11/11,149758,4814.84
29/11/11,149909,4819.68
30/11/11,155125,4987.38
01/12/11,154825,4977.74
02/12/11,156237,5023.13
05/12/11,153915,4948.49
06/12/11,154802,4977.01
07/12/11,155595,5002.51
08/12/11,151957,4885.52
09/12/11,152169,4892.33
12/12/11,147132,4730.40
13/12/11,146050,4695.61
14/12/11,141013,4533.66
15/12/11,140296,4510.61
16/12/11,143222,4604.68
18/12/11,143330,4608.15
19/12/11,143020,4598.20
20/12/11,145417,4675.26
21/12/11,145768,4686.54
22/12/11,143828,4624.18
23/12/11,143534,4614.73
26/12/11,143425,4611.21
27/12/11,143222,4604.68
28/12/11,139863,4496.69
29/12/11,138942,4467.09
30/12/11,140796,4526.69
01/01/12,140636,4521.55
02/01/12,141035,4534.37
03/01/12,144563,4647.80
04/01/12,146583,4712.76
05/01/12,146485,4709.60
06/01/12,146646,4714.76
09/01/12,145039,4663.11
10/01/12,146657,4715.12
11/01/12,147535,4743.35
12/01/12,149023,4791.19
13/01/12,147767,4750.80
16/01/12,148443,4772.56
17/01/12,149553,4808.23
18/01/12,149815,4816.66
19/01/12,148856,4785.84
20/01/12,150468,4837.67
23/01/12,151516,4871.37
24/01/12,149941,4820.71
25/01/12,154300,4960.87
26/01/12,155358,4994.88
27/01/12,156359,5027.07
29/01/12,156319,5025.76
30/01/12,155724,5006.63
31/01/12,156807,5041.47
01/02/12,157589,5066.62
02/02/12,159140,5116.46
03/02/12,156133,5019.79
05/02/12,156394,5028.17
06/02/12,155798,5009.01
07/02/12,157912,5077.00
08/02/12,157494,5063.54
09/02/12,157075,5050.09
10/02/12,155954,5014.03
13/02/12,156041,5016.84
14/02/12,155905,5012.48
15/02/12,156837,5042.41
16/02/12,155721,5006.55
17/02/12,156474,5030.77
19/02/12,155743,5007.24
20/02/12,156430,5029.34
21/02/12,159795,5137.54
22/02/12,161361,5187.87
23/02/12,161121,5180.15
24/02/12,161225,5183.49
26/02/12,160993,5176.06
27/02/12,160780,5169.20
28/02/12,162230,5215.82
29/02/12,154531,4968.29
01/03/12,156241,5023.25
02/03/12,155776,5008.31
04/03/12,155743,5007.24
05/03/12,155379,4995.54
06/03/12,152339,4897.81
07/03/12,153173,4924.64
08/03/12,154528,4968.18
09/03/12,155404,4996.37
11/03/12,155503,4999.53
12/03/12,154191,4957.34
13/03/12,152092,4889.88
14/03/12,148962,4789.23
15/03/12,150823,4849.08
16/03/12,150400,4835.46
18/03/12,150187,4828.62
19/03/12,150863,4850.35
20/03/12,149664,4811.79
21/03/12,149848,4817.74
22/03/12,149452,4805.00
23/03/12,152405,4899.93
25/03/12,152463,4901.79
26/03/12,154800,4976.93
27/03/12,152223,4894.09
28/03/12,150868,4850.52
29/03/12,150552,4840.36
30/03/12,151338,4865.63
02/04/12,152144,4891.55
03/04/12,149823,4816.93
04/04/12,146164,4699.29
05/04/12,146863,4721.76
06/04/12,147021,4726.84
08/04/12,146856,4721.53
09/04/12,147539,4743.49
10/04/12,150307,4832.47
11/04/12,150246,4830.53
12/04/12,152140,4891.42
13/04/12,150501,4838.71
15/04/12,150553,4840.39
16/04/12,150069,4824.84
17/04/12,149969,4821.63
18/04/12,149020,4791.10
19/04/12,148902,4787.32
20/04/12,149008,4790.72
23/04/12,148835,4785.15
24/04/12,149109,4793.96
25/04/12,149105,4793.82
26/04/12,150761,4847.07
27/04/12,151418,4868.21
29/04/12,151446,4869.11
30/04/12,151377,4866.87
01/05/12,151404,4867.74
02/05/12,150394,4835.27
03/05/12,148468,4773.36
04/05/12,149240,4798.18
07/05/12,148661,4779.57
08/05/12,146334,4704.76
09/05/12,144658,4650.86
10/05/12,145343,4672.88
11/05/12,143850,4624.90
13/05/12,144103,4633.03
14/05/12,141657,4554.39
15/05/12,140369,4512.98
16/05/12,139709,4491.75
17/05/12,143278,4606.51
18/05/12,144467,4644.74
21/05/12,145514,4678.37
22/05/12,143264,4606.05
23/05/12,143765,4622.14
24/05/12,143466,4612.53
25/05/12,144831,4656.43
27/05/12,144208,4636.39
28/05/12,144918,4659.23
29/05/12,144449,4644.14
30/05/12,146000,4694.02
31/05/12,146305,4703.81
01/06/12,152389,4899.43
03/06/12,152126,4890.95
04/06/12,152016,4887.41
05/06/12,151710,4877.60
06/06/12,151351,4866.06
07/06/12,149626,4810.60
08/06/12,150356,4834.07
10/06/12,148440,4772.44
11/06/12,150859,4850.24
12/06/12,152201,4893.36
13/06/12,153155,4924.06
14/06/12,152937,4917.04
15/06/12,153300,4928.71
17/06/12,152632,4907.25
18/06/12,153233,4926.56
19/06/12,152020,4887.56
20/06/12,151088,4857.58
21/06/12,147766,4750.80
22/06/12,148574,4776.77
24/06/12,148681,4780.21
25/06/12,149745,4814.40
26/06/12,148555,4776.15
27/06/12,148983,4789.93
28/06/12,146323,4704.38
29/06/12,151095,4857.81
02/07/12,151217,4861.74
03/07/12,153364,4930.77
04/07/12,153948,4949.55
05/07/12,151634,4875.16
06/07/12,148636,4778.76
08/07/12,148765,4782.92
09/07/12,149439,4804.57
10/07/12,147928,4756.00
11/07/12,148936,4788.39
12/07/12,148177,4764.02
13/07/12,149895,4819.23
15/07/12,149698,4812.91
16/07/12,150180,4828.40
17/07/12,149562,4808.54
18/07/12,148460,4773.10
19/07/12,149314,4800.54
20/07/12,149655,4811.51
23/07/12,150899,4851.52
24/07/12,149376,4802.54
25/07/12,151554,4872.57
26/07/12,152687,4908.99
27/07/12,154186,4957.19
29/07/12,153559,4937.04
30/07/12,153323,4929.45
31/07/12,152920,4916.50
01/08/12,151672,4876.35
02/08/12,150347,4833.77
03/08/12,151539,4872.10
06/08/12,152323,4897.31
07/08/12,152307,4896.77
08/08/12,151866,4882.60
09/08/12,151923,4884.44
10/08/12,150999,4854.74
12/08/12,150869,4850.56
13/08/12,150016,4823.12
14/08/12,151121,4858.65
15/08/12,151508,4871.10
16/08/12,152595,4906.05
17/08/12,152573,4905.34
19/08/12,152428,4900.67
20/08/12,153052,4920.72
21/08/12,153131,4923.28
22/08/12,153943,4949.38
23/08/12,154998,4983.30
24/08/12,155605,5002.81
26/08/12,155635,5003.78
27/08/12,155151,4988.23
28/08/12,154648,4972.03
29/08/12,154072,4953.54
30/08/12,154307,4961.09
31/08/12,156735,5039.14
02/09/12,156719,5038.64
03/09/12,156695,5037.86
04/09/12,157315,5057.78
05/09/12,156653,5036.51
06/09/12,156966,5046.58
07/09/12,157864,5075.46
09/09/12,157924,5077.37
10/09/12,157608,5067.21
11/09/12,157107,5051.11
12/09/12,163625,5260.65
13/09/12,165928,5334.71
14/09/12,167189,5375.27
16/09/12,167061,5371.13
17/09/12,166304,5346.79
18/09/12,167348,5380.36
19/09/12,167433,5383.09
20/09/12,166988,5368.79
21/09/12,168062,5403.31
23/09/12,168058,5403.19
24/09/12,166974,5368.35
25/09/12,166688,5359.15
26/09/12,166108,5340.49
27/09/12,168652,5422.29
28/09/12,168015,5401.81
01/10/12,168831,5428.05
02/10/12,168736,5424.98
03/10/12,169307,5443.34
04/10/12,170834,5492.44
05/10/12,169926,5463.26
08/10/12,170306,5475.47
09/10/12,168506,5417.58
10/10/12,168557,5419.22
11/10/12,168972,5432.59
12/10/12,167537,5386.43
14/10/12,167550,5386.87
15/10/12,165688,5326.99
16/10/12,166067,5339.17
17/10/12,167204,5375.72
18/10/12,166636,5357.48
19/10/12,164343,5283.75
21/10/12,164367,5284.53
22/10/12,164959,5303.55
23/10/12,163263,5249.02
24/10/12,162601,5227.73
25/10/12,163841,5267.60
26/10/12,164030,5273.68
29/10/12,164286,5281.90
30/10/12,163538,5257.88
31/10/12,164647,5293.54
01/11/12,163817,5266.83
02/11/12,160618,5163.99
04/11/12,160890,5172.72
05/11/12,161994,5208.22
06/11/12,164934,5302.77
07/11/12,164595,5291.85
08/11/12,166090,5339.91
09/11/12,165905,5333.98
11/11/12,165815,5331.06
12/11/12,165722,5328.10
13/11/12,165685,5326.89
14/11/12,165833,5331.65
15/11/12,164515,5289.29
16/11/12,164409,5285.87
18/11/12,164334,5283.48
19/11/12,166837,5363.93
20/11/12,166577,5355.58
21/11/12,165816,5331.12
22/11/12,165767,5329.52
23/11/12,168314,5411.41
26/11/12,167853,5396.60
27/11/12,167385,5381.55
28/11/12,165613,5324.59
29/11/12,166745,5360.96
30/11/12,165993,5336.80
02/12/12,165875,5333.00
03/12/12,165813,5331.01
04/12/12,163912,5269.90
05/12/12,163797,5266.21
06/12/12,164325,5283.17
07/12/12,164774,5297.61
09/12/12,165241,5312.63
10/12/12,166178,5342.75
11/12/12,166096,5340.12
12/12/12,166374,5349.03
13/12/12,165582,5323.60
14/12/12,165712,5327.77
16/12/12,165404,5317.86
17/12/12,166768,5361.73
18/12/12,163653,5261.57
19/12/12,163352,5251.89
20/12/12,160565,5162.29
21/12/12,161695,5198.62
23/12/12,161891,5204.90
24/12/12,161932,5206.22
25/12/12,161855,5203.76
26/12/12,161714,5199.22
27/12/12,162552,5226.16
28/12/12,161386,5188.68
30/12/12,161180,5182.05
31/12/12,162909,5237.64
01/01/13,162810,5234.45
02/01/13,164405,5285.74
03/01/13,163118,5244.36
04/01/13,161769,5201.00
07/01/13,160478,5159.47
08/01/13,161841,5203.32
09/01/13,161400,5189.12
10/01/13,161221,5183.37
11/01/13,161762,5200.77
14/01/13,162457,5223.10
15/01/13,163532,5257.67
16/01/13,164200,5279.15
17/01/13,164804,5298.57
18/01/13,164699,5295.19
21/01/13,165146,5309.56
22/01/13,165202,5311.36
23/01/13,164645,5293.45
24/01/13,163046,5242.06
25/01/13,162138,5212.86
28/01/13,162106,5211.84
29/01/13,162497,5224.42
30/01/13,163962,5271.51
31/01/13,162576,5226.94
01/02/13,163306,5250.41
04/02/13,164394,5285.39
05/02/13,163582,5259.30
06/02/13,164405,5285.74
07/02/13,163587,5259.45
08/02/13,163310,5250.55
11/02/13,161790,5201.68
12/02/13,162018,5209.00
13/02/13,161079,5178.81
14/02/13,160227,5151.43
15/02/13,157764,5072.22
18/02/13,157814,5073.83
19/02/13,157552,5065.42
20/02/13,153459,4933.82
21/02/13,154642,4971.87
22/02/13,155073,4985.72
25/02/13,156871,5043.51
26/02/13,158491,5095.60
27/02/13,156779,5040.56
28/02/13,155341,4994.34
01/03/13,154839,4978.18
04/03/13,154519,4967.90
05/03/13,154758,4975.58
06/03/13,155740,5007.15
07/03/13,154946,4981.63
08/03/13,154244,4959.06
11/03/13,154635,4971.62
12/03/13,155955,5014.07
13/03/13,155350,4994.62
14/03/13,154956,4981.96
15/03/13,156028,5016.42
18/03/13,158631,5100.10
19/03/13,158312,5089.83
20/03/13,157868,5075.58
21/03/13,158669,5101.34
22/03/13,158039,5081.06
25/03/13,157982,5079.25
26/03/13,157409,5060.80
27/03/13,158011,5080.16
28/03/13,157056,5049.46
29/03/13,156953,5046.17
01/04/13,157433,5061.59
02/04/13,154949,4981.72
03/04/13,153283,4928.18
04/04/13,152727,4910.28
05/04/13,155933,5013.35
08/04/13,154571,4969.58
09/04/13,156179,5021.26
10/04/13,153350,4930.32
11/04/13,153493,4934.90
12/04/13,145177,4667.56
15/04/13,133064,4278.12
16/04/13,134874,4336.29
17/04/13,135590,4359.33
18/04/13,136954,4403.17
19/04/13,138130,4440.99
22/04/13,140450,4515.56
23/04/13,139159,4474.07
24/04/13,141014,4533.70
25/04/13,144470,4644.81
26/04/13,143903,4626.60
29/04/13,145469,4676.93
30/04/13,145383,4674.16
01/05/13,143520,4614.28
02/05/13,144493,4645.54
03/05/13,144682,4651.64
06/05/13,144697,4652.11
07/05/13,143004,4597.67
08/05/13,145276,4670.72
09/05/13,144210,4636.47
10/05/13,142316,4575.58
13/05/13,141057,4535.09
14/05/13,140946,4531.53
15/05/13,137133,4408.93
16/05/13,136716,4395.52
17/05/13,133831,4302.77
20/05/13,136761,4396.96
21/05/13,134963,4339.15
22/05/13,135669,4361.85
23/05/13,136840,4399.50
24/05/13,136290,4381.83
27/05/13,137124,4408.65
28/05/13,136362,4384.16
29/05/13,137029,4405.58
30/05/13,139180,4474.73
31/05/13,136617,4392.34
03/06/13,136160,4377.65
04/06/13,132384,4256.25
05/06/13,138134,4441.12
06/06/13,139344,4480.02
07/06/13,136212,4379.31
10/06/13,136845,4399.68
11/06/13,135815,4366.54
12/06/13,136865,4400.30
13/06/13,136072,4374.83
14/06/13,137038,4405.88
17/06/13,136281,4381.52
18/06/13,134821,4334.60
19/06/13,133142,4280.62
20/06/13,126178,4056.71
21/06/13,128456,4129.95
24/06/13,126978,4082.42
25/06/13,126624,4071.06
26/06/13,121131,3894.45
27/06/13,118778,3818.80
28/06/13,122897,3951.22
01/07/13,124745,4010.65
02/07/13,124107,3990.15
03/07/13,125368,4030.67
04/07/13,126007,4051.23
05/07/13,122249,3930.41
08/07/13,123719,3977.67
09/07/13,125090,4021.73
10/07/13,124905,4015.80
11/07/13,128394,4127.97
12/07/13,128572,4133.68
15/07/13,128677,4137.07
16/07/13,129608,4167.01
17/07/13,127650,4104.03
18/07/13,129499,4163.50
19/07/13,130488,4195.29
22/07/13,134396,4320.92
23/07/13,135676,4362.08
24/07/13,133162,4281.26
25/07/13,135041,4341.65
26/07/13,135102,4343.63
29/07/13,135245,4348.22
30/07/13,134986,4339.89
31/07/13,134556,4326.07
01/08/13,133581,4294.72
02/08/13,133879,4304.30
05/08/13,133076,4278.49
06/08/13,130974,4210.91
07/08/13,131722,4234.96
08/08/13,134406,4321.24
09/08/13,134282,4317.25
12/08/13,137551,4422.37
13/08/13,135579,4358.97
14/08/13,137189,4410.74
15/08/13,140260,4509.46
16/08/13,141692,4555.49
19/08/13,140910,4530.37
20/08/13,141416,4546.62
21/08/13,141629,4553.48
22/08/13,142521,4582.14
23/08/13,144648,4650.53
26/08/13,145627,4682.02
27/08/13,146969,4725.17
28/08/13,147760,4750.60
29/08/13,147083,4728.83
30/08/13,145583,4680.61
02/09/13,145523,4678.67
03/09/13,148032,4759.33
04/09/13,145249,4669.87
05/09/13,143820,4623.92
06/09/13,145717,4684.91
09/09/13,144311,4639.70
10/09/13,141790,4558.65
11/09/13,141561,4551.28
12/09/13,137092,4407.62
13/09/13,137651,4425.57
16/09/13,135899,4369.27
17/09/13,135282,4349.41
18/09/13,139280,4477.95
19/09/13,139196,4475.25
20/09/13,135268,4348.97
23/09/13,139732,4492.49
24/09/13,140602,4520.47
25/09/13,141402,4546.18
26/09/13,140601,4520.43
27/09/13,141223,4540.43
30/09/13,141028,4534.15
01/10/13,136410,4385.67
02/10/13,139456,4483.63
03/10/13,139698,4491.40
04/10/13,139133,4473.22
07/10/13,140483,4516.63
08/10/13,139972,4500.21
09/10/13,138585,4455.60
10/10/13,136713,4395.43
11/10/13,135315,4350.49
14/10/13,134733,4331.77
15/10/13,135666,4361.76
16/10/13,136179,4378.26
17/10/13,139997,4501.01
18/10/13,139286,4478.14
21/10/13,140129,4505.24
22/10/13,142628,4585.61
23/10/13,142064,4567.47
24/10/13,143498,4613.56
25/10/13,143088,4600.40
28/10/13,143527,4614.49
29/10/13,143168,4602.96
30/10/13,142746,4589.38
31/10/13,141175,4538.90
01/11/13,141530,4550.29
04/11/13,140927,4530.90
05/11/13,140812,4527.23
06/11/13,141314,4543.34
07/11/13,139483,4484.47
08/11/13,138276,4445.69
11/11/13,137519,4421.34
12/11/13,136245,4380.39
13/11/13,137492,4420.46
14/11/13,138410,4449.99
15/11/13,137952,4435.25
18/11/13,137072,4406.97
19/11/13,137258,4412.94
20/11/13,133872,4304.08
21/11/13,133514,4292.57
22/11/13,133771,4300.85
25/11/13,134831,4334.91
26/11/13,134692,4330.46
27/11/13,134151,4313.05
28/11/13,134444,4322.46
29/11/13,136080,4375.07
02/12/13,132375,4255.95
03/12/13,132996,4275.91
04/12/13,134975,4339.56
05/12/13,132967,4275.00
06/12/13,133111,4279.62
09/12/13,134246,4316.09
10/12/13,136202,4378.98
11/12/13,134120,4312.06
12/12/13,131489,4227.47
13/12/13,132749,4267.97
16/12/13,132659,4265.09
17/12/13,131306,4221.59
18/12/13,130722,4202.82
19/12/13,126346,4062.13
20/12/13,127834,4109.95
23/12/13,127244,4090.98
24/12/13,127853,4110.58
25/12/13,127822,4109.57
26/12/13,128537,4132.55
27/12/13,128282,4124.35
30/12/13,126521,4067.73
31/12/13,127172,4088.67
02/01/14,129066,4149.58
03/01/14,130105,4182.97
06/01/14,130544,4197.10
07/01/14,130208,4186.28
08/01/14,129371,4159.39
09/01/14,129373,4159.42
10/01/14,131704,4234.38
13/01/14,132444,4258.19
14/01/14,131954,4242.41
15/01/14,130933,4209.58
16/01/14,130959,4210.42
17/01/14,132677,4265.65
20/01/14,131844,4238.89
21/01/14,130826,4206.15
22/01/14,130446,4193.93
23/01/14,133259,4284.38
24/01/14,133978,4307.49
27/01/14,132597,4263.10
28/01/14,132583,4262.63
29/01/14,133560,4294.04
30/01/14,131172,4217.29
31/01/14,131404,4224.75
03/02/14,132670,4265.44
04/02/14,132264,4252.38
05/02/14,132692,4266.14
06/02/14,132690,4266.10
07/02/14,133638,4296.55
10/02/14,134361,4319.79
11/02/14,136243,4380.31
12/02/14,135900,4369.29
13/02/14,137007,4404.86
14/02/14,138217,4443.77
17/02/14,139152,4473.85
18/02/14,138615,4456.57
19/02/14,137928,4434.48
20/02/14,138849,4464.10
21/02/14,138745,4460.74
24/02/14,140282,4510.17
25/02/14,140890,4529.71
26/02/14,139465,4483.91
27/02/14,139503,4485.11
28/02/14,139224,4476.16
03/03/14,141660,4554.46
04/03/14,139954,4499.62
05/03/14,139382,4481.23
06/03/14,140867,4528.99
07/03/14,137833,4431.42
10/03/14,135268,4348.97
11/03/14,135252,4348.46
12/03/14,133762,4300.55
13/03/14,135305,4350.17
14/03/14,137432,4418.55
17/03/14,135570,4358.67
18/03/14,134151,4313.06
19/03/14,132515,4260.45
20/03/14,130311,4189.58
21/03/14,131033,4212.80
24/03/14,128101,4118.54
25/03/14,127370,4095.06
26/03/14,127782,4108.29
27/03/14,126371,4062.93
28/03/14,127016,4083.64
31/03/14,126105,4054.38
01/04/14,125615,4038.62
02/04/14,126952,4081.61
03/04/14,126174,4056.58
04/04/14,127851,4110.52
07/04/14,127272,4091.89
08/04/14,127142,4087.71
09/04/14,127462,4098.00
10/04/14,128068,4117.48
11/04/14,128487,4130.96
14/04/14,127709,4105.95
15/04/14,125218,4025.85
16/04/14,125653,4039.84
17/04/14,125370,4030.73
21/04/14,125800,4044.55
22/04/14,125204,4025.39
23/04/14,125271,4027.54
24/04/14,126744,4074.93
25/04/14,127895,4111.91
28/04/14,127357,4094.62
29/04/14,127524,4100.00
30/04/14,127395,4095.85
01/05/14,126753,4075.19
02/05/14,128451,4129.80
05/05/14,129432,4161.33
06/05/14,129090,4150.34
07/05/14,126681,4072.89
08/05/14,127318,4093.37
09/05/14,126964,4082.00
12/05/14,127616,4102.96
13/05/14,127715,4106.13
14/05/14,128869,4143.24
15/05/14,127881,4111.48
16/05/14,127037,4084.32
19/05/14,127582,4101.85
20/05/14,127938,4113.31
21/05/14,127682,4105.09
22/05/14,127807,4109.10
23/05/14,127689,4105.30
26/05/14,127541,4100.53
27/05/14,124715,4009.69
28/05/14,124237,3994.33
29/05/14,123898,3983.42
30/05/14,123331,3965.17
02/06/14,122538,3939.69
03/06/14,122843,3949.49
04/06/14,122485,3937.97
05/06/14,123476,3969.85
06/06/14,123351,3965.81
09/06/14,123428,3968.30
10/06/14,124262,3995.13
11/06/14,124275,3995.53
12/06/14,125324,4029.26
13/06/14,125884,4047.28
16/06/14,125569,4037.13
17/06/14,125169,4024.26
18/06/14,125731,4042.35
19/06/14,129864,4175.23
20/06/14,129298,4157.04
23/06/14,129891,4176.08
24/06/14,129976,4178.83
25/06/14,130236,4187.20
26/06/14,129912,4176.78
27/06/14,129805,4173.32
30/06/14,131143,4216.33
01/07/14,130914,4208.98
02/07/14,130882,4207.96
03/07/14,130086,4182.35
04/07/14,130379,4191.78
07/07/14,130407,4192.68
08/07/14,130390,4192.13
09/07/14,131058,4213.62
10/07/14,131738,4235.46
11/07/14,131997,4243.81
14/07/14,129074,4149.82
15/07/14,128031,4116.28
16/07/14,128405,4128.32
17/07/14,130207,4186.27
18/07/14,129550,4165.12
21/07/14,129642,4168.08
22/07/14,129201,4153.90
23/07/14,128803,4141.13
24/07/14,127836,4110.02
25/07/14,128989,4147.08
28/07/14,128796,4140.89
29/07/14,128325,4125.75
30/07/14,127899,4112.06
31/07/14,126603,4070.37
01/08/14,127759,4107.55
04/08/14,127322,4093.49
05/08/14,127410,4096.34
06/08/14,129039,4148.71
07/08/14,129849,4174.75
08/08/14,129396,4160.17
11/08/14,129370,4159.33
12/08/14,129465,4162.41
13/08/14,130126,4183.63
14/08/14,130479,4195.01
15/08/14,130237,4187.23
18/08/14,129859,4175.06
19/08/14,130089,4182.45
20/08/14,130310,4189.55
21/08/14,128572,4133.70
22/08/14,129400,4160.32
25/08/14,129454,4162.03
26/08/14,130074,4181.97
27/08/14,130028,4180.50
28/08/14,130811,4205.68
29/08/14,131127,4215.83
01/09/14,131161,4216.91
02/09/14,128979,4146.76
03/09/14,129157,4152.49
04/09/14,130585,4198.40
05/09/14,129610,4167.06
08/09/14,128181,4121.10
09/09/14,127652,4104.12
10/09/14,127889,4111.73
11/09/14,126900,4079.92
12/09/14,125642,4039.48
15/09/14,126958,4081.78
16/09/14,126711,4073.86
17/09/14,126836,4077.86
18/09/14,125472,4034.03
19/09/14,124747,4010.72
22/09/14,124734,4010.29
23/09/14,125893,4047.55
24/09/14,125641,4039.46
25/09/14,125260,4027.19
26/09/14,125748,4042.91
29/09/14,124841,4013.74
30/09/14,123660,3975.75
01/10/14,124225,3993.91
02/10/14,124606,4006.18
03/10/14,122145,3927.07
06/10/14,122687,3944.48
07/10/14,123172,3960.07
08/10/14,124521,4003.43
09/10/14,126439,4065.09
10/10/14,126124,4054.98
13/10/14,126512,4067.45
14/10/14,126730,4074.48
15/10/14,125893,4047.56
16/10/14,126844,4078.13
17/10/14,127451,4097.63
20/10/14,128036,4116.47
21/10/14,128956,4146.02
22/10/14,127779,4108.18
23/10/14,127070,4085.39
24/10/14,126830,4077.67
26/10/14,126479,4066.41
27/10/14,125982,4050.43
28/10/14,126222,4058.15
29/10/14,125845,4046.00
30/10/14,123248,3962.51
31/10/14,121099,3893.43
03/11/14,120745,3882.03
04/11/14,119650,3846.84
05/11/14,117187,3767.66
06/11/14,118306,3803.64
07/11/14,120511,3874.53
10/11/14,117538,3778.92
11/11/14,117811,3787.71
12/11/14,118529,3810.79
13/11/14,118063,3795.82
14/11/14,120835,3884.95
17/11/14,121316,3900.41
18/11/14,121763,3914.79
19/11/14,120124,3862.08
20/11/14,121289,3899.52
21/11/14,122088,3925.22
24/11/14,121521,3906.98
25/11/14,121946,3920.66
26/11/14,121467,3905.26
27/11/14,121537,3907.50
28/11/14,118704,3816.44
01/12/14,123377,3966.65
02/12/14,122312,3932.42
03/12/14,123087,3957.35
04/12/14,122271,3931.10
05/12/14,120988,3889.87
08/12/14,122041,3923.72
09/12/14,124427,4000.43
10/12/14,122790,3947.78
11/12/14,123949,3985.06
12/12/14,123073,3956.90
15/12/14,119781,3851.05
16/12/14,120113,3861.73
17/12/14,120715,3881.09
18/12/14,120364,3869.80
19/12/14,119490,3841.71
22/12/14,118293,3803.22
23/12/14,118829,3820.45
24/12/14,118047,3795.30
25/12/14,117588,3780.54
26/12/14,120485,3873.67
29/12/14,119650,3846.84
30/12/14,120792,3883.56
31/12/14,119280,3834.93
01/01/15,119623,3845.96
02/01/15,119922,3855.59
05/01/15,121510,3906.65
06/01/15,123253,3962.66
07/01/15,122322,3932.73
08/01/15,121772,3915.06
09/01/15,123129,3958.68
11/01/15,122982,3953.97
12/01/15,123740,3978.33
13/01/15,124000,3986.68
14/01/15,123731,3978.03
15/01/15,127181,4088.98
16/01/15,127997,4115.20
19/01/15,128470,4130.41
20/01/15,130257,4187.85
21/01/15,129903,4176.47
22/01/15,131251,4219.82
23/01/15,130683,4201.55
26/01/15,129380,4159.67
27/01/15,130387,4192.03
28/01/15,129688,4169.58
29/01/15,126899,4079.89
30/01/15,129907,4176.60
02/02/15,129171,4152.93
03/02/15,127363,4094.82
04/02/15,128685,4137.30
05/02/15,127811,4109.22
06/02/15,124867,4014.57
09/02/15,125203,4025.36
10/02/15,124639,4007.23
11/02/15,123226,3961.81
12/02/15,123523,3971.34
13/02/15,124617,4006.54
16/02/15,125637,4039.32
17/02/15,122818,3948.68
18/02/15,123025,3955.36
19/02/15,122611,3942.05
20/02/15,122274,3931.21
23/02/15,122175,3928.03
24/02/15,122164,3927.67
25/02/15,122539,3939.73
26/02/15,123266,3963.08
27/02/15,123618,3974.42
02/03/15,122981,3953.93
03/03/15,122778,3947.42
04/03/15,122392,3934.99
05/03/15,121455,3904.88
06/03/15,118993,3825.72
09/03/15,118651,3814.73
10/03/15,118353,3805.14
11/03/15,117422,3775.22
12/03/15,117394,3774.29
13/03/15,117812,3787.74
16/03/15,117433,3775.57
17/03/15,116914,3758.86
18/03/15,118779,3818.83
19/03/15,119595,3845.08
20/03/15,120729,3881.54
23/03/15,121671,3911.83
24/03/15,121463,3905.13
25/03/15,121970,3921.43
26/03/15,122803,3948.21
27/03/15,122179,3928.14
29/03/15,121955,3920.93
30/03/15,120789,3883.45
31/03/15,120643,3878.78
01/04/15,122737,3946.08
02/04/15,122428,3936.16
03/04/15,123366,3966.30
06/04/15,123755,3978.80
07/04/15,123261,3962.92
08/04/15,122653,3943.37
09/04/15,122959,3953.24
10/04/15,122983,3953.99
13/04/15,122216,3929.35
14/04/15,121351,3901.53
15/04/15,122514,3938.93
16/04/15,122277,3931.30
17/04/15,122301,3932.06
20/04/15,121379,3902.43
21/04/15,122251,3930.47
22/04/15,120864,3885.87
23/04/15,121540,3907.59
24/04/15,119813,3852.07
27/04/15,122451,3936.90
28/04/15,123472,3969.73
29/04/15,122952,3952.99
30/04/15,120744,3882.00
01/05/15,119830,3852.64
04/05/15,120900,3887.04
05/05/15,121586,3909.07
06/05/15,121478,3905.60
07/05/15,120890,3886.71
08/05/15,120971,3889.32
11/05/15,120695,3880.45
12/05/15,121510,3906.65
13/05/15,123902,3983.54
14/05/15,124591,4005.70
15/05/15,124653,4007.70
18/05/15,124854,4014.15
19/05/15,123084,3957.24
20/05/15,123569,3972.84
21/05/15,122913,3951.75
22/05/15,122910,3951.65
25/05/15,123065,3956.63
26/05/15,121041,3891.55
27/05/15,121213,3897.08
28/05/15,121064,3892.30
29/05/15,121405,3903.26
01/06/15,121238,3897.88
02/06/15,121596,3909.41
03/06/15,120719,3881.21
04/06/15,120176,3863.74
05/06/15,119435,3839.93
08/06/15,119562,3844.00
09/06/15,119940,3856.15
10/06/15,120941,3888.35
11/06/15,120479,3873.50
12/06/15,120240,3865.81
15/06/15,120850,3885.43
16/06/15,120390,3870.63
17/06/15,120785,3883.32
18/06/15,122612,3942.06
19/06/15,122213,3929.25
22/06/15,120612,3877.76
23/06/15,119911,3855.21
24/06/15,119627,3846.10
25/06/15,119481,3841.40
26/06/15,119492,3841.74
29/06/15,120215,3865.02
30/06/15,119606,3845.43
01/07/15,118900,3822.71
02/07/15,118720,3816.92
03/07/15,118891,3822.45
06/07/15,119208,3832.62
07/07/15,117782,3786.79
08/07/15,117669,3783.14
09/07/15,118082,3796.43
10/07/15,118226,3801.04
13/07/15,117832,3788.39
14/07/15,117713,3784.56
15/07/15,117242,3769.43
16/07/15,116639,3750.04
17/07/15,115461,3712.15
20/07/15,111874,3596.82
21/07/15,112322,3611.22
22/07/15,111575,3587.21
23/07/15,111156,3573.75
24/07/15,111874,3596.84
27/07/15,111477,3584.08
28/07/15,111480,3584.18
29/07/15,112486,3616.50
30/07/15,110662,3557.87
31/07/15,111386,3581.13
03/08/15,110636,3557.03
04/08/15,110659,3557.75
05/08/15,110500,3552.65
06/08/15,111072,3571.06
07/08/15,111406,3581.79
10/08/15,112375,3612.94
11/08/15,112834,3627.70
12/08/15,114701,3687.74
13/08/15,113523,3649.83
14/08/15,113522,3649.80
17/08/15,114013,3665.60
18/08/15,114280,3674.20
19/08/15,114713,3688.11
20/08/15,116938,3759.64
21/08/15,118397,3806.56
24/08/15,118316,3803.96
25/08/15,118516,3810.37
26/08/15,118193,3799.99
27/08/15,117346,3772.76
28/08/15,117846,3788.82
31/08/15,118155,3798.77
01/09/15,118283,3802.89
02/09/15,118603,3813.17
03/09/15,118276,3802.66
04/09/15,116960,3760.35
07/09/15,116640,3750.06
08/09/15,115369,3709.20
09/09/15,115285,3706.51
10/09/15,116145,3734.14
11/09/15,115674,3718.99
14/09/15,115816,3723.57
15/09/15,115525,3714.21
16/09/15,116875,3757.63
17/09/15,117671,3783.21
18/09/15,118871,3821.78
21/09/15,118299,3803.39
22/09/15,117497,3777.63
23/09/15,118121,3797.69
24/09/15,120793,3883.57
25/09/15,119645,3846.68
28/09/15,118297,3803.33
29/09/15,117712,3784.54
30/09/15,116463,3744.37
01/10/15,116478,3744.84
02/10/15,118875,3821.93
05/10/15,118666,3815.19
06/10/15,119954,3856.60
07/10/15,119707,3848.66
08/10/15,118906,3822.90
09/10/15,120818,3884.39
12/10/15,121680,3912.09
13/10/15,122128,3926.50
14/10/15,123730,3978.01
15/10/15,123698,3976.97
16/10/15,122823,3948.86
19/10/15,122271,3931.10
20/10/15,122802,3948.19
21/10/15,121987,3921.97
22/10/15,121883,3918.64
23/10/15,121603,3909.63
26/10/15,121481,3905.70
27/10/15,122711,3945.24
28/10/15,121749,3914.31
29/10/15,120660,3879.31
30/10/15,120560,3876.09
02/11/15,119569,3844.23
03/11/15,117877,3789.84
04/11/15,116679,3751.31
05/11/15,116333,3740.18
06/11/15,114909,3694.40
09/11/15,115468,3712.38
10/11/15,114902,3694.18
11/11/15,114071,3667.48
12/11/15,114379,3677.36
13/11/15,114190,3671.30
16/11/15,114208,3671.88
17/11/15,112988,3632.66
18/11/15,112918,3630.39
19/11/15,113964,3664.04
20/11/15,113765,3657.63
23/11/15,112233,3608.39
24/11/15,113432,3646.94
25/11/15,112641,3621.48
26/11/15,113229,3640.40
27/11/15,111559,3586.70
30/11/15,112366,3612.64
01/12/15,112451,3615.37
02/12/15,110986,3568.27
03/12/15,108128,3476.39
04/12/15,114556,3683.07
07/12/15,111795,3594.31
08/12/15,111101,3571.98
09/12/15,111345,3579.82
10/12/15,111401,3581.63
11/12/15,111917,3598.21
14/12/15,110780,3561.66
15/12/15,110887,3565.10
16/12/15,111361,3580.35
17/12/15,109908,3533.63
18/12/15,111647,3589.54
21/12/15,112596,3620.05
22/12/15,112558,3618.84
23/12/15,112313,3610.94
24/12/15,112763,3625.42
25/12/15,112715,3623.86
28/12/15,111967,3599.83
29/12/15,112525,3617.76
30/12/15,111301,3578.43
31/12/15,111357,3580.22
04/01/16,112544,3618.37
05/01/16,112934,3630.91
06/01/16,114733,3688.75
07/01/16,115967,3728.43
08/01/16,115836,3724.21
11/01/16,115204,3703.90
12/01/16,114123,3669.15
13/01/16,114359,3676.74
14/01/16,113847,3660.27
15/01/16,114248,3673.14
18/01/16,114345,3676.28
19/01/16,113598,3652.24
20/01/16,115299,3706.94
21/01/16,115316,3707.51
22/01/16,115215,3704.24
25/01/16,117968,3792.75
26/01/16,117478,3777.00
27/01/16,117844,3788.78
28/01/16,116740,3753.26
29/01/16,117307,3771.50
01/02/16,118827,3820.36
02/02/16,118453,3808.35
03/02/16,119859,3853.55
04/02/16,121191,3896.38
05/02/16,122281,3931.43
08/02/16,124169,3992.11
09/02/16,124495,4002.62
10/02/16,125310,4028.81
11/02/16,130383,4191.91
12/02/16,129258,4155.75
15/02/16,127132,4087.38
16/02/16,125102,4022.12
17/02/16,126601,4070.32
18/02/16,128996,4147.32
19/02/16,128647,4136.11
22/02/16,126591,4069.99
23/02/16,128578,4133.88
24/02/16,127875,4111.26
25/02/16,129188,4153.50
26/02/16,127864,4110.93
29/02/16,129662,4168.74
01/03/16,129145,4152.10
02/03/16,129845,4174.63
03/03/16,133177,4281.74
04/03/16,131762,4236.24
07/03/16,131930,4241.64
08/03/16,132027,4244.78
09/03/16,130934,4209.62
10/03/16,130955,4210.30
11/03/16,130433,4193.53
13/03/16,130210,4186.36
14/03/16,129523,4164.26
15/03/16,129087,4150.26
16/03/16,130382,4191.88
17/03/16,131946,4242.16
18/03/16,131379,4223.94
21/03/16,130283,4188.70
22/03/16,130731,4203.11
23/03/16,127292,4092.52
24/03/16,127450,4097.62
25/03/16,127396,4095.87
28/03/16,127991,4115.02
29/03/16,130241,4187.36
30/03/16,128231,4122.72
31/03/16,129335,4158.21
01/04/16,128043,4116.68
04/04/16,127220,4090.23
05/04/16,127852,4110.53
06/04/16,128822,4141.73
07/04/16,129932,4177.42
08/04/16,129793,4172.95
11/04/16,131867,4239.61
12/04/16,131438,4225.83
13/04/16,129866,4175.29
14/04/16,128236,4122.87
15/04/16,129515,4164.00
18/04/16,129151,4152.29
19/04/16,131071,4214.02
20/04/16,130657,4200.73
21/04/16,130829,4206.26
22/04/16,128574,4133.74
25/04/16,129286,4156.64
26/04/16,130220,4186.68
27/04/16,130459,4194.35
28/04/16,132788,4269.23
29/04/16,134085,4310.94
02/05/16,134776,4333.16
03/05/16,135737,4364.04
04/05/16,133861,4303.72
05/05/16,133850,4303.39
06/05/16,134921,4337.81
09/05/16,132348,4255.08
10/05/16,132572,4262.30
11/05/16,133789,4301.42
12/05/16,132226,4251.16
13/05/16,133289,4285.33
16/05/16,133397,4288.82
17/05/16,134029,4309.12
18/05/16,131746,4235.72
19/05/16,131400,4224.61
20/05/16,131258,4220.05
23/05/16,130922,4209.23
24/05/16,128619,4135.18
25/05/16,127884,4111.58
26/05/16,128011,4115.65
27/05/16,127054,4084.89
30/05/16,126386,4063.41
31/05/16,127387,4095.60
01/06/16,127111,4086.70
02/06/16,126612,4070.66
03/06/16,130189,4185.66
06/06/16,130274,4188.41
07/06/16,130133,4183.88
08/06/16,132255,4252.09
09/06/16,132349,4255.13
10/06/16,132629,4264.12
13/06/16,135073,4342.69
14/06/16,134378,4320.34
15/06/16,134313,4318.27
16/06/16,133624,4296.11
17/06/16,136217,4379.48
20/06/16,135129,4344.51
21/06/16,132312,4253.93
22/06/16,132539,4261.24
23/06/16,131541,4229.15
24/06/16,139693,4491.23
27/06/16,138834,4463.62
28/06/16,137904,4433.71
29/06/16,138077,4439.28
30/06/16,138446,4451.15
01/07/16,140584,4519.87
04/07/16,141438,4547.33
05/07/16,142006,4565.61
06/07/16,142813,4591.56
07/07/16,142733,4588.96
08/07/16,143085,4600.30
11/07/16,142064,4567.47
12/07/16,139670,4490.50
13/07/16,140759,4525.49
14/07/16,139913,4498.30
15/07/16,140252,4509.19
18/07/16,138994,4468.74
19/07/16,139646,4489.72
20/07/16,137940,4434.89
21/07/16,139526,4485.86
22/07/16,138575,4455.30
25/07/16,137944,4434.99
26/07/16,138403,4449.75
27/07/16,141277,4542.17
28/07/16,140016,4501.62
29/07/16,141622,4553.25
01/08/16,141796,4558.86
02/08/16,142893,4594.13
03/08/16,142144,4570.05
04/08/16,142480,4580.85
05/08/16,139704,4491.59
08/08/16,139733,4492.51
09/08/16,140130,4505.29
10/08/16,140796,4526.69
11/08/16,139945,4499.35
12/08/16,139767,4493.61
15/08/16,141072,4535.57
16/08/16,140897,4529.93
17/08/16,141132,4537.50
18/08/16,141679,4555.10
19/08/16,140387,4513.54
22/08/16,140289,4510.40
23/08/16,140174,4506.70
24/08/16,138682,4458.74
25/08/16,138457,4451.48
26/08/16,138429,4450.61
29/08/16,138675,4458.51
30/08/16,137407,4417.75
31/08/16,137051,4406.29
01/09/16,137613,4424.35
02/09/16,138345,4447.88
05/09/16,138334,4447.54
06/09/16,141161,4538.42
07/09/16,140497,4517.07
08/09/16,139635,4489.36
09/09/16,138584,4455.58
12/09/16,138482,4452.28
13/09/16,137581,4423.33
14/09/16,138011,4437.15
15/09/16,137505,4420.89
16/09/16,137011,4404.99
19/09/16,137258,4412.95
20/09/16,137510,4421.04
21/09/16,140599,4520.36
22/09/16,140746,4525.08
23/09/16,140123,4505.05
26/09/16,140205,4507.71
27/09/16,139020,4469.60
28/09/16,138298,4446.39
29/09/16,138179,4442.56
30/09/16,136990,4404.33
03/10/16,137113,4408.27
04/10/16,132507,4260.21
05/10/16,131951,4242.32
06/10/16,131069,4213.96
07/10/16,131566,4229.93
10/10/16,131013,4212.18
11/10/16,131015,4212.23
12/10/16,131265,4220.26
13/10/16,131948,4242.23
14/10/16,130929,4209.48
17/10/16,131520,4228.48
18/10/16,132445,4258.20
19/10/16,132870,4271.87
20/10/16,132352,4255.21
21/10/16,132745,4267.86
24/10/16,132477,4259.24
25/10/16,133548,4293.65
26/10/16,132578,4262.48
27/10/16,132881,4272.21
28/10/16,134514,4324.72
31/10/16,133140,4280.56
01/11/16,135297,4349.89
02/11/16,136015,4372.99
03/11/16,136454,4387.08
04/11/16,136361,4384.10
07/11/16,134201,4314.66
08/11/16,133474,4291.29
09/11/16,133754,4300.29
10/11/16,131808,4237.71
11/11/16,128340,4126.24
14/11/16,127946,4113.54
15/11/16,128703,4137.91
16/11/16,128244,4123.14
17/11/16,127487,4098.82
18/11/16,126675,4072.69
21/11/16,127154,4088.09
22/11/16,127083,4085.80
23/11/16,124514,4003.23
24/11/16,124034,3987.77
25/11/16,124274,3995.52
28/11/16,125219,4025.88
29/11/16,124562,4004.77
30/11/16,122994,3954.34
01/12/16,122767,3947.05
02/12/16,123367,3966.34
05/12/16,122631,3942.68
06/12/16,122598,3941.63
07/12/16,122977,3953.79
08/12/16,122648,3943.24
09/12/16,121304,3900.00
11/12/16,121239,3897.92
12/12/16,121841,3917.26
13/12/16,121397,3902.99
14/12/16,119809,3851.95
15/12/16,118277,3802.69
16/12/16,118892,3822.46
19/12/16,119316,3836.10
20/12/16,118686,3815.84
21/12/16,118469,3808.88
22/12/16,118344,3804.86
23/12/16,118853,3821.22
26/12/16,118906,3822.92
27/12/16,119382,3838.23
28/12/16,119654,3846.97
29/12/16,121310,3900.20
30/12/16,120219,3865.12
02/01/17,120195,3864.36
03/01/17,121141,3894.79
04/01/17,121438,3904.32
05/01/17,122413,3935.67
06/01/17,122869,3950.33
09/01/17,123212,3961.36
10/01/17,124289,3995.97
11/01/17,124358,3998.19
12/01/17,125768,4043.52
13/01/17,125558,4036.79
16/01/17,126012,4051.38
17/01/17,127353,4094.51
18/01/17,126034,4052.10
19/01/17,126171,4056.49
20/01/17,126105,4054.36
23/01/17,127157,4088.21
24/01/17,126735,4074.64
25/01/17,125862,4046.55
26/01/17,125143,4023.43
27/01/17,124827,4013.29
30/01/17,125022,4019.55
31/01/17,126489,4066.73
01/02/17,126780,4076.07
02/02/17,127355,4094.57
03/02/17,127753,4107.36
06/02/17,129206,4154.07
07/02/17,129144,4152.09
08/02/17,129426,4161.14
09/02/17,128825,4141.81
10/02/17,129266,4156.00
13/02/17,129171,4152.93
14/02/17,129357,4158.92
15/02/17,128748,4139.36
16/02/17,129322,4157.80
17/02/17,129427,4161.19
20/02/17,129775,4172.37
21/02/17,129480,4162.87
22/02/17,129028,4148.36
23/02/17,130919,4209.14
24/02/17,131777,4236.74
27/02/17,131382,4224.04
28/02/17,130589,4198.52
01/03/17,130591,4198.60
02/03/17,129682,4169.37
03/03/17,129397,4160.21
06/03/17,128475,4130.56
07/03/17,127609,4102.73
08/03/17,126560,4069.01
09/03/17,125614,4038.58
10/03/17,125516,4035.43
13/03/17,126001,4051.02
14/03/17,125837,4045.76
15/03/17,126645,4071.73
16/03/17,128027,4116.17
17/03/17,128820,4141.65
20/03/17,129580,4166.10
21/03/17,130585,4198.42
22/03/17,130623,4199.61
23/03/17,130530,4196.63
24/03/17,130607,4199.11
27/03/17,131348,4222.94
28/03/17,131061,4213.70
29/03/17,131266,4220.29
30/03/17,131031,4212.76
31/03/17,130968,4210.70
03/04/17,131602,4231.10
04/04/17,131583,4230.50
05/04/17,131868,4239.66
06/04/17,131441,4225.94
07/04/17,131409,4224.90
10/04/17,131695,4234.08
11/04/17,133713,4298.96
12/04/17,134900,4337.13
13/04/17,134957,4338.96
14/04/17,135065,4342.45
17/04/17,134430,4322.03
18/04/17,134379,4320.37
19/04/17,134344,4319.26
20/04/17,134726,4331.53
21/04/17,134369,4320.08
24/04/17,133811,4302.13
25/04/17,131887,4240.27
26/04/17,132534,4261.06
27/04/17,132776,4268.84
28/04/17,133363,4287.72
01/05/17,132093,4246.89
02/05/17,131652,4232.72
03/05/17,130061,4181.55
04/05/17,128176,4120.95
05/05/17,128573,4133.73
08/05/17,129044,4148.87
09/05/17,128538,4132.61
10/05/17,127626,4103.28
11/05/17,128385,4127.67
12/05/17,128092,4118.27
15/05/17,129071,4149.74
16/05/17,129844,4174.58
17/05/17,131426,4225.44
18/05/17,131330,4222.35
19/05/17,131078,4214.24
22/05/17,132306,4253.74
23/05/17,131843,4238.84
24/05/17,131579,4230.35
25/05/17,131693,4234.04
26/05/17,133249,4284.06
29/05/17,133027,4276.93
30/05/17,132362,4255.55
31/05/17,132717,4266.95
01/06/17,132759,4268.31
02/06/17,133304,4285.81
05/06/17,133951,4306.62
06/06/17,135325,4350.80
07/06/17,134169,4313.62
08/06/17,134643,4328.86
09/06/17,132646,4264.67
12/06/17,132565,4262.07
13/06/17,132878,4272.13
14/06/17,132422,4257.46
15/06/17,131485,4227.35
16/06/17,131331,4222.41
19/06/17,131081,4214.36
20/06/17,130770,4204.34
21/06/17,130951,4210.17
22/06/17,131317,4221.94
23/06/17,131378,4223.91
26/06/17,130322,4189.94
27/06/17,130166,4184.92
28/06/17,130761,4204.07
29/06/17,130278,4188.55
30/06/17,129907,4176.61
03/07/17,128405,4128.31
04/07/17,128629,4135.52
05/07/17,128486,4130.91
06/07/17,129768,4172.15
07/07/17,128403,4128.24
10/07/17,127722,4106.37
11/07/17,128180,4121.07
12/07/17,128703,4137.88
13/07/17,128023,4116.04
14/07/17,128689,4137.45
17/07/17,129635,4167.87
18/07/17,130840,4206.60
19/07/17,130658,4200.77
20/07/17,129563,4165.53
21/07/17,131982,4243.32
24/07/17,132041,4245.21
25/07/17,131361,4223.36
26/07/17,131653,4232.76
27/07/17,133034,4277.15
28/07/17,133279,4285.01
31/07/17,132421,4257.44
01/08/17,133666,4297.48
02/08/17,133074,4278.43
03/08/17,133346,4287.18
04/08/17,132604,4263.32
07/08/17,132558,4261.85
08/08/17,133643,4296.72
09/08/17,134186,4314.18
10/08/17,135037,4341.53
11/08/17,134935,4338.26
14/08/17,134832,4334.97
15/08/17,134286,4317.38
16/08/17,134436,4322.23
17/08/17,135465,4355.31
18/08/17,135311,4350.33
21/08/17,135471,4355.50
22/08/17,135119,4344.17
23/08/17,135333,4351.07
24/08/17,135478,4355.73
25/08/17,134875,4336.32
28/08/17,138446,4451.16
29/08/17,138534,4453.97
30/08/17,138223,4443.96
31/08/17,138366,4448.58
01/09/17,140084,4503.79
04/09/17,140190,4507.22
05/09/17,141282,4542.31
06/09/17,140379,4513.28
07/09/17,141716,4556.28
08/09/17,142248,4573.37
11/09/17,140509,4517.47
12/09/17,139959,4499.79
13/09/17,140519,4517.79
14/09/17,140475,4516.39
15/09/17,139145,4473.63
18/09/17,137933,4434.63
19/09/17,138135,4441.15
20/09/17,136904,4401.56
21/09/17,135733,4363.91
22/09/17,136870,4400.47
25/09/17,137867,4432.54
26/09/17,136292,4381.89
27/09/17,135277,4349.26
28/09/17,135690,4362.52
29/09/17,135583,4359.09
02/10/17,134133,4312.49
03/10/17,134318,4318.42
04/10/17,134427,4321.94
05/10/17,134107,4311.64
06/10/17,134099,4311.38
09/10/17,135115,4344.06
10/10/17,135426,4354.03
11/10/17,135513,4356.84
12/10/17,136225,4379.73
13/10/17,137390,4417.18
16/10/17,136356,4383.96
17/10/17,135414,4353.67
18/10/17,134368,4320.04
19/10/17,135546,4357.92
20/10/17,134922,4337.85
23/10/17,135138,4344.79
24/10/17,134355,4319.61
25/10/17,134356,4319.65
26/10/17,133505,4292.27
27/10/17,134408,4321.31
30/10/17,134481,4323.66
31/10/17,133653,4297.04
01/11/17,134539,4325.52
02/11/17,134334,4318.95
03/11/17,134164,4313.48
06/11/17,134697,4330.62
07/11/17,134323,4318.58
08/11/17,134799,4333.89
09/11/17,135212,4347.17
10/11/17,133901,4305.01
13/11/17,134631,4328.48
14/11/17,134014,4308.66
15/11/17,134887,4336.71
16/11/17,134641,4328.80
17/11/17,136453,4387.08
20/11/17,135205,4346.96
21/11/17,134892,4336.89
22/11/17,135263,4348.82
23/11/17,135958,4371.15
24/11/17,135553,4358.14
27/11/17,136989,4404.29
28/11/17,136859,4400.13
29/11/17,135340,4351.28
30/11/17,134295,4317.69
01/12/17,134979,4339.67
04/12/17,134555,4326.06
05/12/17,133899,4304.96
06/12/17,133430,4289.89
07/12/17,131490,4227.50
08/12/17,132185,4249.85
11/12/17,133756,4300.34
12/12/17,135477,4355.69
13/12/17,136277,4381.42
14/12/17,138242,4444.60
15/12/17,138507,4453.10
18/12/17,138727,4460.18
19/12/17,139232,4476.41
20/12/17,140025,4501.92
21/12/17,140207,4507.77
22/12/17,141075,4535.67
25/12/17,140758,4525.48
26/12/17,141861,4560.95
27/12/17,142484,4580.98
28/12/17,143213,4604.41
29/12/17,143990,4629.39
01/01/18,144297,4639.24
02/01/18,146226,4701.27
03/01/18,145210,4668.61
04/01/18,146163,4699.25
05/01/18,146421,4707.55
08/01/18,146185,4699.95
09/01/18,144999,4661.82
10/01/18,145820,4688.24
11/01/18,146478,4709.36
12/01/18,147885,4754.62
15/01/18,148492,4774.14
16/01/18,147940,4756.38
17/01/18,147403,4739.11
18/01/18,147034,4727.26
19/01/18,147212,4732.96
22/01/18,147655,4747.21
23/01/18,148629,4778.52
24/01/18,149931,4820.39
25/01/18,149006,4790.65
26/01/18,149277,4799.36
29/01/18,148266,4766.86
30/01/18,148248,4766.29
31/01/18,148757,4782.64
01/02/18,149186,4796.44
02/02/18,147372,4738.14
05/02/18,148212,4765.13
06/02/18,146746,4717.99
07/02/18,146126,4698.07
08/02/18,146219,4701.05
09/02/18,145808,4687.83
12/02/18,146459,4708.77
13/02/18,147241,4733.91
14/02/18,149878,4818.69
15/02/18,149836,4817.33
16/02/18,149011,4790.80
19/02/18,148944,4788.65
20/02/18,147096,4729.25
21/02/18,146848,4721.26
22/02/18,147188,4732.20
23/02/18,146973,4725.29
26/02/18,147284,4735.29
27/02/18,145855,4689.34
28/02/18,145778,4686.88
01/03/18,145798,4687.52
02/03/18,146335,4704.79
05/03/18,146173,4699.57
06/03/18,148227,4765.59
07/03/18,146669,4715.52
08/03/18,146238,4701.65
09/03/18,146540,4711.38
12/03/18,146644,4714.71
13/03/18,146483,4709.55
14/03/18,146659,4715.20
15/03/18,145618,4681.74
16/03/18,145355,4673.26
19/03/18,145601,4681.19
20/03/18,144901,4658.67
21/03/18,153376,4931.16
22/03/18,154225,4958.46
23/03/18,155665,5004.74
26/03/18,156269,5024.17
27/03/18,155527,5000.30
28/03/18,153406,4932.12
29/03/18,153252,4927.15
30/03/18,152831,4913.63
02/04/18,155269,4992.01
03/04/18,154246,4959.12
04/04/18,154285,4960.38
05/04/18,154049,4952.78
06/04/18,153986,4950.75
09/04/18,154210,4957.96
10/04/18,155023,4984.11
11/04/18,156262,5023.94
12/04/18,154728,4974.63
13/04/18,155512,4999.83
16/04/18,156075,5017.93
17/04/18,155577,5001.91
18/04/18,156219,5022.54
19/04/18,155589,5002.31
20/04/18,154351,4962.49
23/04/18,153302,4928.79
24/04/18,154156,4956.24
25/04/18,153041,4920.37
26/04/18,152543,4904.37
27/04/18,153019,4919.69
30/04/18,152282,4895.98
01/05/18,151329,4865.33
02/05/18,151121,4858.66
03/05/18,151772,4879.58
04/05/18,152239,4894.61
07/05/18,152207,4893.58
08/05/18,152353,4898.26
09/05/18,151822,4881.20
10/05/18,152964,4917.92
11/05/18,152346,4898.04
14/05/18,151979,4886.25
15/05/18,149663,4811.77
16/05/18,149494,4806.35
17/05/18,149361,4802.07
18/05/18,149737,4814.17
21/05/18,149482,4805.97
22/05/18,149697,4812.87
23/05/18,149714,4813.41
24/05/18,150897,4851.47
25/05/18,150458,4837.34
28/05/18,150335,4833.38
29/05/18,150775,4847.54
30/05/18,150675,4844.30
31/05/18,150365,4834.35
01/06/18,149480,4805.88
04/06/18,149664,4811.81
05/06/18,149925,4820.21
06/06/18,150115,4826.32
07/06/18,150124,4826.60
08/06/18,150262,4831.03
11/06/18,150288,4831.88
12/06/18,149770,4815.22
13/06/18,153372,4931.02
14/06/18,152592,4905.96
15/06/18,153450,4933.53
18/06/18,153551,4936.79
19/06/18,154618,4971.09
20/06/18,154294,4960.68
21/06/18,154179,4956.96
22/06/18,154362,4962.85
25/06/18,153908,4948.26
26/06/18,153059,4920.96
27/06/18,152301,4896.59
28/06/18,152003,4887.02
29/06/18,152516,4903.49
02/07/18,151162,4859.97
03/07/18,152767,4911.58
04/07/18,153043,4920.45
05/07/18,152896,4915.73
06/07/18,152607,4906.42
09/07/18,152966,4917.98
10/07/18,152758,4911.27
11/07/18,151063,4856.80
12/07/18,151455,4869.38
13/07/18,150906,4851.73
16/07/18,150775,4847.54
17/07/18,156311,5025.52
18/07/18,156690,5037.69
19/07/18,157689,5069.83
20/07/18,158292,5089.21
23/07/18,158166,5085.15
24/07/18,158245,5087.70
25/07/18,159216,5118.91
26/07/18,157922,5077.30
27/07/18,157748,5071.72
30/07/18,148626,4778.43
31/07/18,151169,4860.19
01/08/18,150410,4835.79
02/08/18,148823,4784.78
03/08/18,150594,4841.71
06/08/18,150027,4823.49
07/08/18,149752,4814.65
08/08/18,149875,4818.60
09/08/18,149585,4809.27
10/08/18,150135,4826.95
13/08/18,147635,4746.58
14/08/18,148053,4760.00
15/08/18,146643,4714.69
16/08/18,145730,4685.33
17/08/18,146831,4720.74
20/08/18,146657,4715.12
21/08/18,146858,4721.58
22/08/18,146694,4716.32
23/08/18,145855,4689.36
24/08/18,147232,4733.60
27/08/18,149018,4791.05
28/08/18,148046,4759.80
29/08/18,148608,4777.87
30/08/18,147635,4746.57
31/08/18,147725,4749.47
03/09/18,147835,4753.02
04/09/18,146853,4721.44
05/09/18,147466,4741.15
06/09/18,147883,4754.55
07/09/18,147364,4737.87
10/09/18,147511,4742.59
11/09/18,147384,4738.51
12/09/18,148511,4774.73
13/09/18,148510,4774.71
14/09/18,147857,4753.73
17/09/18,148035,4759.44
18/09/18,147920,4755.75
19/09/18,148551,4776.01
20/09/18,149046,4791.94
21/09/18,148436,4772.34
24/09/18,147885,4754.60
25/09/18,148661,4779.57
26/09/18,147680,4748.02
28/09/18,147346,4737.29
01/10/18,146484,4709.56
02/10/18,148733,4781.87
03/10/18,148019,4758.92
04/10/18,148098,4761.47
05/10/18,148631,4778.60
08/10/18,146687,4716.10
09/10/18,146305,4703.80
10/10/18,152844,4914.04
11/10/18,161110,5179.79
12/10/18,162312,5218.45
15/10/18,161943,5206.59
16/10/18,161802,5202.06
17/10/18,162297,5217.96
18/10/18,162948,5238.91
19/10/18,163545,5258.10
22/10/18,162497,5224.41
23/10/18,164494,5288.60
24/10/18,164960,5303.59
25/10/18,162675,5230.11
26/10/18,164711,5295.59
29/10/18,163456,5255.23
30/10/18,162061,5210.39
31/10/18,162395,5221.11
01/11/18,164403,5285.68
02/11/18,164425,5286.37
05/11/18,164504,5288.92
06/11/18,164076,5275.18
07/11/18,163885,5269.03
08/11/18,162918,5237.93
09/11/18,162092,5211.39
12/11/18,161322,5186.62
13/11/18,160015,5144.61
14/11/18,162595,5227.56
15/11/18,162676,5230.14
16/11/18,163654,5261.60
19/11/18,164192,5278.89
20/11/18,164203,5279.24
21/11/18,164688,5294.83
22/11/18,165162,5310.09
23/11/18,164430,5286.56
26/11/18,164386,5285.15
27/11/18,163519,5257.24
28/11/18,164308,5282.63
29/11/18,164446,5287.07
30/11/18,164024,5273.51
03/12/18,171091,5500.71
04/12/18,170457,5480.33
05/12/18,171560,5515.78
06/12/18,171561,5515.83
07/12/18,173251,5570.16
10/12/18,172915,5559.34
11/12/18,173379,5574.26
12/12/18,173284,5571.21
13/12/18,173362,5573.72
14/12/18,172286,5539.11
17/12/18,173884,5590.51
18/12/18,174549,5611.89
19/12/18,173686,5584.14
20/12/18,175419,5639.84
21/12/18,174741,5618.06
24/12/18,177225,5697.91
25/12/18,176878,5686.75
26/12/18,177431,5704.53
27/12/18,177542,5708.10
28/12/18,178196,5729.14
31/12/18,179415,5768.34
02/01/19,179444,5769.26
03/01/19,180105,5790.51
04/01/19,178610,5742.46
07/01/19,179193,5761.18
08/01/19,179148,5759.73
09/01/19,180977,5818.54
10/01/19,180024,5787.90
11/01/19,180093,5790.14
14/01/19,180932,5817.09
15/01/19,179269,5763.64
16/01/19,180630,5807.37
17/01/19,180409,5800.28
18/01/19,178402,5735.76
21/01/19,179076,5757.44
22/01/19,179679,5776.82
23/01/19,179198,5761.34
24/01/19,178878,5751.07
25/01/19,181259,5827.60
28/01/19,181447,5833.66
29/01/19,182978,5882.88
30/01/19,183995,5915.58
31/01/19,184705,5938.41
01/02/19,182447,5865.81
04/02/19,182872,5879.48
05/02/19,182594,5870.54
06/02/19,181922,5848.91
07/02/19,182468,5866.47
08/02/19,182404,5864.41
11/02/19,182486,5867.07
12/02/19,182796,5877.03
13/02/19,182815,5877.64
14/02/19,183146,5888.27
15/02/19,183866,5911.44
18/02/19,185077,5950.36
19/02/19,186385,5992.41
20/02/19,186473,5995.25
21/02/19,185052,5949.55
22/02/19,185537,5965.16
25/02/19,185054,5949.62
26/02/19,185302,5957.59
27/02/19,184060,5917.65
28/02/19,183542,5901.01
01/03/19,179334,5765.71
04/03/19,179711,5777.83
05/03/19,179163,5760.21
06/03/19,178999,5754.95
07/03/19,179631,5775.27
08/03/19,181444,5833.56
11/03/19,180346,5798.26
12/03/19,181968,5850.42
13/03/19,182418,5864.88
14/03/19,181271,5828.01
15/03/19,181325,5829.72
18/03/19,182932,5881.41
19/03/19,182657,5872.56
20/03/19,184265,5924.26
21/03/19,183065,5885.69
22/03/19,183415,5896.91
25/03/19,185317,5958.09
26/03/19,185030,5948.85
27/03/19,184059,5917.62
28/03/19,181553,5837.06
29/03/19,181963,5850.25
01/04/19,181326,5829.76
02/04/19,181302,5829.00
03/04/19,182948,5881.92
04/04/19,182895,5880.21
05/04/19,182666,5872.84
08/04/19,183852,5910.99
09/04/19,184613,5935.44
10/04/19,185270,5956.58
11/04/19,183458,5898.33
12/04/19,182413,5864.71
15/04/19,182610,5871.05
16/04/19,180840,5814.13
17/04/19,180503,5803.32
18/04/19,180699,5809.62
19/04/19,180635,5807.56
22/04/19,180670,5808.66
23/04/19,180064,5789.18
24/04/19,180507,5803.43
25/04/19,181086,5822.03
26/04/19,182030,5852.41
29/04/19,181244,5827.12
30/04/19,181734,5842.89
01/05/19,180868,5815.06
02/05/19,179792,5780.46
03/05/19,180903,5816.17
06/05/19,181563,5837.40
07/05/19,181746,5843.26
08/05/19,181430,5833.11
09/05/19,181687,5841.36
10/05/19,182091,5854.37
13/05/19,184267,5924.33
14/05/19,183785,5908.82
15/05/19,183898,5912.47
16/05/19,182030,5852.39
17/05/19,183870,5911.57
20/05/19,188957,6075.12
21/05/19,192275,6181.79
22/05/19,194074,6239.62
23/05/19,195147,6274.12
24/05/19,195320,6279.68
27/05/19,193996,6237.12
28/05/19,193269,6213.73
29/05/19,191998,6172.86
30/05/19,194876,6265.42
31/05/19,191726,6164.13
03/06/19,194612,6256.91
04/06/19,195439,6283.51
05/06/19,196049,6303.11
06/06/19,196745,6325.50
07/06/19,200472,6445.32
10/06/19,200293,6439.56
11/06/19,200996,6462.19
12/06/19,202065,6496.54
13/06/19,204372,6570.73
14/06/19,205927,6620.70
17/06/19,210181,6757.47
18/06/19,211358,6795.32
19/06/19,213291,6857.45
20/06/19,218504,7025.06
21/06/19,219887,7069.53
24/06/19,224141,7206.30
25/06/19,223106,7173.02
26/06/19,221443,7119.56
27/06/19,227074,7300.59
28/06/19,229791,7387.95
30/06/19,228002,7330.45
01/07/19,224877,7229.97
02/07/19,224042,7203.13
03/07/19,224995,7233.74
04/07/19,224619,7221.66
05/07/19,219527,7057.94
07/07/19,218999,7041.00
08/07/19,220668,7094.62
09/07/19,220972,7104.40
10/07/19,225050,7235.52
11/07/19,222608,7157.02
12/07/19,223625,7189.71
14/07/19,225081,7236.52
15/07/19,225836,7260.79
16/07/19,224382,7214.06
17/07/19,227321,7308.53
18/07/19,230149,7399.46
19/07/19,227945,7328.61
21/07/19,227934,7328.25
22/07/19,227924,7327.94
23/07/19,227443,7312.48
24/07/19,229132,7366.77
25/07/19,227877,7326.43
26/07/19,227998,7330.31
28/07/19,228773,7355.22
29/07/19,229679,7384.36
30/07/19,230375,7406.73
31/07/19,227006,7298.43
01/08/19,231080,7429.38
02/08/19,229856,7390.04
04/08/19,230406,7407.71
05/08/19,235647,7576.23
06/08/19,235206,7562.06
07/08/19,239896,7712.83
08/08/19,239984,7715.67
09/08/19,236515,7604.14
11/08/19,237116,7623.45
12/08/19,242367,7792.27
13/08/19,240559,7734.14
14/08/19,243076,7815.09
15/08/19,244380,7856.99
16/08/19,241819,7774.66
18/08/19,242414,7793.78
19/08/19,236861,7615.26
20/08/19,241353,7759.69
21/08/19,240520,7732.91
22/08/19,240169,7721.62
23/08/19,244332,7855.46
25/08/19,242980,7811.99
26/08/19,242899,7809.38
27/08/19,245570,7895.26
28/08/19,244046,7846.26
29/08/19,241859,7775.95
30/08/19,239482,7699.52
01/09/19,239838,7710.96
02/09/19,239255,7692.21
03/09/19,242818,7806.78
04/09/19,243182,7818.47
05/09/19,238221,7658.98
06/09/19,235314,7565.52
08/09/19,234381,7535.53
09/09/19,234259,7531.59
10/09/19,233087,7493.94
11/09/19,233662,7512.42
12/09/19,234728,7546.68
13/09/19,233190,7497.23
16/09/19,233298,7500.72
17/09/19,234987,7555.01
18/09/19,233912,7520.43
19/09/19,235129,7559.56
20/09/19,237863,7647.46
22/09/19,236839,7614.54
23/09/19,238305,7661.69
24/09/19,239826,7710.59
25/09/19,236008,7587.84
26/09/19,236961,7618.47
27/09/19,234823,7549.73
29/09/19,234561,7541.30
30/09/19,231667,7448.26
01/10/19,231688,7448.94
02/10/19,234512,7539.75
03/10/19,236333,7598.30
04/10/19,235267,7564.01
06/10/19,236631,7607.85
07/10/19,233575,7509.60
08/10/19,236551,7605.28
09/10/19,237650,7640.61
10/10/19,233962,7522.04
11/10/19,233015,7491.61
13/10/19,232787,7484.29
14/10/19,233870,7519.09
15/10/19,231686,7448.87
16/10/19,232565,7477.14
17/10/19,232952,7489.58
18/10/19,232394,7471.63
21/10/19,231540,7444.18
22/10/19,232752,7483.14
23/10/19,232858,7486.57
24/10/19,234401,7536.16
25/10/19,234388,7535.75
28/10/19,232497,7474.97
29/10/19,231564,7444.95
30/10/19,232684,7480.96
31/10/19,235164,7560.68
01/11/19,234596,7542.43
03/11/19,234443,7537.52
04/11/19,234499,7539.31
05/11/19,231722,7450.03
06/11/19,232738,7482.71
07/11/19,229194,7368.75
08/11/19,227588,7317.11
10/11/19,228091,7333.29
11/11/19,226967,7297.16
12/11/19,227430,7312.05
13/11/19,228024,7331.15
14/11/19,229079,7365.05
15/11/19,228039,7331.63
17/11/19,227901,7327.19
18/11/19,229413,7375.80
19/11/19,229832,7389.26
20/11/19,229844,7389.65
21/11/19,227535,7315.43
22/11/19,227396,7310.94
24/11/19,226942,7296.35
25/11/19,226510,7282.46
26/11/19,226988,7297.84
27/11/19,226292,7275.46
28/11/19,226088,7268.89
29/11/19,227462,7313.09
01/12/19,226642,7286.70
02/12/19,227125,7302.25
03/12/19,229218,7369.52
04/12/19,228936,7360.47
05/12/19,228845,7357.55
06/12/19,225996,7265.93
08/12/19,226171,7271.56
09/12/19,226564,7284.21
10/12/19,226920,7295.64
11/12/19,228633,7350.73
12/12/19,227062,7300.21
13/12/19,228651,7351.30
15/12/19,228473,7345.59
16/12/19,228741,7354.21
17/12/19,228780,7355.46
18/12/19,228618,7350.23
19/12/19,228498,7346.37
20/12/19,228929,7360.24
22/12/19,228481,7345.83
23/12/19,230166,7400.00
24/12/19,231929,7456.68
25/12/19,232065,7461.06
26/12/19,233873,7519.18
27/12/19,233990,7522.96
29/12/19,234407,7536.37
30/12/19,234664,7544.63
31/12/19,234989,7555.06
01/01/20,236354,7598.94
02/01/20,236733,7611.14
03/01/20,240442,7730.39
05/01/20,243063,7814.67
06/01/20,242511,7796.91
07/01/20,247284,7950.38
08/01/20,241322,7758.67
09/01/20,240201,7722.64
10/01/20,241920,7777.92
12/01/20,241056,7750.14
13/01/20,239308,7693.93
14/01/20,239993,7715.97
15/01/20,240855,7743.66
16/01/20,240104,7719.54
17/01/20,240757,7740.50
19/01/20,240738,7739.90
20/01/20,241501,7764.45
21/01/20,240654,7737.22
22/01/20,241345,7759.44
23/01/20,241464,7763.26
24/01/20,243003,7812.72
26/01/20,244608,7864.32
27/01/20,244319,7855.04
28/01/20,242345,7791.58
29/01/20,243550,7830.32
30/01/20,243407,7825.73
31/01/20,245482,7892.43
02/02/20,245513,7893.44
03/02/20,243917,7842.10
04/02/20,240082,7718.80
05/02/20,240267,7724.78
06/02/20,241891,7776.99
07/02/20,242725,7803.79
09/02/20,243346,7823.76
10/02/20,243081,7815.23
11/02/20,242149,7785.28
12/02/20,242399,7793.30
13/02/20,243512,7829.09
14/02/20,244472,7859.97
16/02/20,244335,7855.54
17/02/20,244606,7864.27
18/02/20,247098,7944.39
19/02/20,248336,7984.18
20/02/20,250348,8048.88
21/02/20,253612,8153.81
23/02/20,257130,8266.93
24/02/20,255112,8202.03
25/02/20,253006,8134.32
26/02/20,253509,8150.49
27/02/20,253839,8161.11
28/02/20,244789,7870.13
01/03/20,244765,7869.38
02/03/20,245718,7900.00
03/03/20,253700,8156.63
04/03/20,252497,8117.96
05/03/20,258283,8304.00
06/03/20,258377,8307.00
08/03/20,262543,8440.94
09/03/20,261755,8415.62
10/03/20,259507,8343.34
11/03/20,261853,8418.77
12/03/20,250733,8061.26
13/03/20,239965,7715.07
15/03/20,245167,7882.29
16/03/20,239212,7690.85
17/03/20,244770,7869.55
18/03/20,238197,7658.21
19/03/20,233854,7518.59
20/03/20,237829,7646.39
22/03/20,236987,7619.32
23/03/20,247376,7953.32
24/03/20,259615,8346.81
25/03/20,257584,8281.52
26/03/20,264742,8511.67
27/03/20,262135,8427.82
29/03/20,266488,8567.80
30/03/20,268181,8622.21
31/03/20,262626,8443.62
01/04/20,264998,8519.88
02/04/20,268694,8638.71
03/04/20,269466,8663.53
05/04/20,270349,8691.93
06/04/20,277729,8929.18
07/04/20,275991,8873.31
08/04/20,276148,8878.38
09/04/20,282086,9069.29
10/04/20,281184,9040.26
12/04/20,281046,9035.83
13/04/20,285943,9193.29
14/04/20,287755,9251.54
15/04/20,286457,9209.80
16/04/20,287100,9230.48
17/04/20,280764,9026.76
20/04/20,276628,8893.80
21/04/20,272340,8755.95
22/04/20,274560,8827.31
23/04/20,276517,8890.23
24/04/20,278378,8950.07
26/04/20,277768,8930.45
27/04/20,275121,8845.35
28/04/20,274733,8832.86
29/04/20,276844,8900.76
30/04/20,270850,8708.02
01/05/20,272700,8767.52
03/05/20,271529,8729.85
04/05/20,270068,8682.88
05/05/20,272008,8745.25
06/05/20,269006,8648.76
07/05/20,274796,8834.90
08/05/20,271759,8737.24
11/05/20,271582,8731.57
12/05/20,272917,8774.48
13/05/20,276212,8880.41
14/05/20,277919,8935.29
15/05/20,278770,8962.66
17/05/20,281358,9045.88
18/05/20,278477,8953.23
19/05/20,280266,9010.77
20/05/20,280457,9016.91
21/05/20,277078,8908.25
22/05/20,278713,8960.83
24/05/20,277999,8937.87
25/05/20,278450,8952.39
26/05/20,276077,8876.08
27/05/20,275337,8852.28
28/05/20,277233,8913.24
29/05/20,278393,8950.54
31/05/20,283286,9107.87
01/06/20,283989,9130.46
02/06/20,285813,9189.10
03/06/20,280625,9022.29
04/06/20,280147,9006.95
05/06/20,275271,8850.16
07/06/20,274731,8832.82
08/06/20,277362,8917.39
09/06/20,280895,9030.98
10/06/20,285511,9179.39
11/06/20,284144,9135.44
12/06/20,284627,9150.96
14/06/20,285661,9184.23
15/06/20,284335,9141.59
16/06/20,285067,9165.13
17/06/20,286076,9197.56
18/06/20,286718,9218.18
19/06/20,290947,9354.17
21/06/20,292281,9397.06
22/06/20,292644,9408.73
23/06/20,295653,9505.46
24/06/20,295794,9510.00
25/06/20,296579,9535.25
26/06/20,296769,9541.35
28/06/20,296794,9542.16
29/06/20,298144,9585.54
30/06/20,299343,9624.11
01/07/20,296906,9545.76
02/07/20,298226,9588.20
03/07/20,297493,9564.63
05/07/20,296761,9541.08
06/07/20,297018,9549.35
07/07/20,299728,9636.48
08/07/20,302275,9718.36
09/07/20,301472,9692.55
10/07/20,299478,9628.45
12/07/20,299201,9619.53
13/07/20,301007,9677.58
14/07/20,302157,9714.57
15/07/20,302565,9727.69
16/07/20,300402,9658.14
17/07/20,302952,9740.14
20/07/20,304753,9798.04
21/07/20,309873,9962.66
22/07/20,314076,10098
23/07/20,316708,10182
24/07/20,318425,10238
26/07/20,321177,10326
27/07/20,327982,10545
28/07/20,325540,10466
29/07/20,328206,10552
30/07/20,327112,10517
31/07/20,331186,10648
02/08/20,331994,10674
03/08/20,329976,10609
04/08/20,340272,10940
05/08/20,342392,11008
06/08/20,348996,11220
07/08/20,341712,10986
09/08/20,341978,10995
10/08/20,341612,10983
11/08/20,321835,10347
12/08/20,323742,10409
13/08/20,329224,10585
14/08/20,328270,10554
16/08/20,325652,10470
17/08/20,333168,10712
18/08/20,337079,10837
19/08/20,324695,10439
20/08/20,329239,10585
21/08/20,327083,10516
23/08/20,326223,10488
24/08/20,325403,10462
25/08/20,325100,10452
26/08/20,329380,10590
27/08/20,322834,10379
28/08/20,328685,10567
30/08/20,330376,10622
31/08/20,325642,10470
01/09/20,326220,10488
02/09/20,321830,10347
03/09/20,320399,10301
04/09/20,320869,10316
06/09/20,320669,10310
07/09/20,319846,10283
08/09/20,321084,10323
09/09/20,323839,10412
10/09/20,323469,10400
11/09/20,322111,10356
13/09/20,322659,10374
14/09/20,325204,10456
15/09/20,325038,10450
16/09/20,325803,10475
17/09/20,323792,10410
18/09/20,324739,10441
20/09/20,323633,10405
21/09/20,318449,10238
22/09/20,316530,10177
23/09/20,308338,9913.29
24/09/20,309899,9963.49
25/09/20,308329,9913.02
27/09/20,308703,9925.03
28/09/20,312592,10050
29/09/20,314870,10123
30/09/20,312739,10055
01/10/20,314245,10103
02/10/20,313349,10074
05/10/20,314879,10124
06/10/20,308892,9931.12
07/10/20,309130,9938.76
08/10/20,310862,9994.44
09/10/20,316186,10166
12/10/20,315349,10139
13/10/20,310284,9975.88
14/10/20,310952,9997.33
15/10/20,310686,9988.80
16/10/20,309105,9937.96
19/10/20,309237,9942.18
20/10/20,310145,9971.38
21/10/20,311786,10024
22/10/20,308289,9911.71
23/10/20,307651,9891.20
26/10/20,306497,9854.12
27/10/20,306313,9848.19
28/10/20,301856,9704.89
29/10/20,300144,9649.87
30/10/20,301467,9692.40
02/11/20,303472,9756.85
03/11/20,306209,9844.86
04/11/20,304210,9780.57
05/11/20,310410,9979.91
06/11/20,310573,9985.15
09/11/20,297504,9564.96
10/11/20,298302,9590.62
11/11/20,295771,9509.26
12/11/20,297014,9549.21
13/11/20,299173,9618.65
16/11/20,298808,9606.89
17/11/20,297722,9571.99
18/11/20,297322,9559.11
19/11/20,295970,9515.65
20/11/20,300731,9668.74
23/11/20,295700,9506.97
24/11/20,289503,9307.72
25/11/20,288125,9263.44
26/11/20,288033,9260.48
27/11/20,285083,9165.63
30/11/20,283642,9119.31
01/12/20,289055,9293.33
02/12/20,293322,9430.51
03/12/20,295009,9484.76
04/12/20,294377,9464.45
07/12/20,298774,9605.81
08/12/20,299834,9639.89
09/12/20,294312,9462.35
10/12/20,294798,9477.99
11/12/20,294637,9472.80
14/12/20,293067,9422.32
15/12/20,297409,9561.91
16/12/20,299086,9615.82
17/12/20,301729,9700.81
18/12/20,301189,9683.45
21/12/20,301474,9692.63
22/12/20,299541,9630.45
23/12/20,300869,9673.16
24/12/20,300219,9652.28
25/12/20,300238,9652.89
28/12/20,301179,9683.12
29/12/20,301741,9701.21
30/12/20,304130,9778.02
31/12/20,304037,9775.02
01/01/21,305605,9825.44
04/01/21,310909,9995.96
05/01/21,313362,10075
06/01/21,308688,9924.55
07/01/21,307504,9886.48
08/01/21,296326,9527.09
11/01/21,296412,9529.88
12/01/21,297970,9579.96
13/01/21,296718,9539.72
14/01/21,296203,9523.15
15/01/21,292876,9416.18
18/01/21,295154,9489.42
19/01/21,295816,9510.72
20/01/21,300246,9653.13
21/01/21,300365,9656.95
22/01/21,298174,9586.51
25/01/21,298370,9592.83
26/01/21,297612,9568.44
27/01/21,295702,9507.03
28/01/21,296205,9523.23
29/01/21,295517,9501.09
01/02/21,297799,9574.46
02/02/21,294524,9469.15
03/02/21,294357,9463.81
04/02/21,287826,9253.82
05/02/21,290109,9327.21
08/02/21,292804,9413.86
09/02/21,293518,9436.83
10/02/21,294502,9468.44
11/02/21,291286,9365.06
12/02/21,289867,9319.44
15/02/21,289830,9318.25
16/02/21,285889,9191.55
17/02/21,284154,9135.76
18/02/21,281777,9059.34
19/02/21,283668,9120.15
22/02/21,288068,9261.60
23/02/21,286912,9224.44
24/02/21,286547,9212.70
25/02/21,280470,9017.32
26/02/21,274782,8834.45
01/03/21,272470,8760.10
02/03/21,274066,8811.41
03/03/21,268774,8641.28
04/03/21,266411,8565.32
05/03/21,267066,8586.37
08/03/21,264852,8515.18
09/03/21,269465,8663.49
10/03/21,271182,8718.70
11/03/21,270689,8702.87
12/03/21,271244,8720.68
15/03/21,271774,8737.73
16/03/21,271328,8723.39
17/03/21,272872,8773.04
18/03/21,270070,8682.94
19/03/21,272270,8753.69
22/03/21,270791,8706.14
23/03/21,269617,8668.38
24/03/21,269559,8666.51
25/03/21,267518,8600.90
26/03/21,268574,8634.85
29/03/21,263559,8473.63
30/03/21,257990,8294.56
31/03/21,260634,8379.58
01/04/21,264400,8500.65
02/04/21,265731,8543.45
05/04/21,263881,8483.96
06/04/21,267064,8586.32
07/04/21,266008,8552.34
08/04/21,268045,8617.84
09/04/21,266372,8564.07
12/04/21,264235,8495.37
13/04/21,267101,8587.48
14/04/21,265450,8534.42
15/04/21,269347,8659.71
16/04/21,271567,8731.09
19/04/21,271608,8732.39
20/04/21,271653,8733.85
21/04/21,274929,8839.18
22/04/21,273829,8803.82
23/04/21,272693,8767.29
26/04/21,274150,8814.13
27/04/21,274049,8810.89
28/04/21,274161,8814.48
29/04/21,272276,8753.89
30/04/21,272103,8748.30
03/05/21,274672,8830.90
04/05/21,272748,8769.06
05/05/21,272949,8775.52
06/05/21,278216,8944.86
07/05/21,279614,8989.81
10/05/21,279507,8986.34
11/05/21,279857,8997.61
12/05/21,276444,8887.89
13/05/21,277910,8935.00
14/05/21,280733,9025.78
17/05/21,285207,9169.63
18/05/21,285906,9192.09
19/05/21,285816,9189.19
20/05/21,287458,9242.00
21/05/21,288787,9284.73
24/05/21,288796,9285.01
25/05/21,292906,9417.15
26/05/21,294039,9453.57
27/05/21,294676,9474.04
28/05/21,294403,9465.29
31/05/21,294168,9457.72
01/06/21,293191,9426.29
02/06/21,295722,9507.68
03/06/21,289555,9309.42
04/06/21,292199,9394.40
07/06/21,294516,9468.90
08/06/21,294551,9470.03
09/06/21,294174,9457.90
10/06/21,295645,9505.19
11/06/21,294107,9455.75
14/06/21,290934,9353.75
15/06/21,289374,9303.59
16/06/21,284563,9148.92
17/06/21,279177,8975.75
18/06/21,276749,8897.67
21/06/21,281043,9035.73
22/06/21,280588,9021.12
23/06/21,281305,9044.16
24/06/21,280208,9008.88
25/06/21,280732,9025.74
28/06/21,280745,9026.18
29/06/21,278041,8939.23
30/06/21,278786,8963.17
01/07/21,280682,9024.12
02/07/21,282475,9081.78
05/07/21,283111,9102.23
06/07/21,285159,9168.07
07/07/21,286603,9214.49
08/07/21,287136,9231.63
09/07/21,288282,9268.50
12/07/21,288418,9272.84
13/07/21,288308,9269.32
14/07/21,291213,9362.72
15/07/21,291734,9379.46
16/07/21,289097,9294.67
19/07/21,290858,9351.31
20/07/21,291198,9362.24
21/07/21,289919,9321.12
22/07/21,290728,9347.13
23/07/21,289843,9318.66
26/07/21,291230,9363.26
27/07/21,291213,9362.73
28/07/21,293242,9427.96
29/07/21,296997,9548.66
30/07/21,294877,9480.50
02/08/21,296264,9525.12
03/08/21,297767,9573.42
04/08/21,295694,9506.78
05/08/21,295604,9503.88
06/08/21,289546,9309.11
09/08/21,284569,9149.11
10/08/21,283929,9128.52
11/08/21,286671,9216.70
12/08/21,288258,9267.72
13/08/21,292561,9406.04
16/08/21,294147,9457.03
17/08/21,293884,9448.60
18/08/21,293697,9442.58
19/08/21,292197,9394.35
20/08/21,293267,9428.76
23/08/21,296639,9537.15
24/08/21,297696,9571.16
25/08/21,297309,9558.71
26/08/21,298617,9600.76
27/08/21,302846,9736.72
30/08/21,301757,9701.72
31/08/21,302549,9727.18
01/09/21,303054,9743.42
02/09/21,302736,9733.18
03/09/21,305579,9824.58
06/09/21,304724,9797.10
07/09/21,301668,9698.85
08/09/21,300416,9658.59
09/09/21,301596,9696.55
10/09/21,300687,9667.32
13/09/21,301645,9698.12
14/09/21,303853,9769.11
15/09/21,304479,9789.21
16/09/21,295049,9486.06
17/09/21,294876,9480.49
20/09/21,297783,9573.94
21/09/21,299905,9642.17
22/09/21,297745,9572.73
23/09/21,294949,9482.82
24/09/21,295893,9513.19
27/09/21,297115,9552.47
28/09/21,295314,9494.56
29/09/21,294743,9476.19
30/09/21,299581,9631.76
01/10/21,300696,9667.59
04/10/21,302131,9713.75
05/10/21,300683,9667.17
06/10/21,301388,9689.86
07/10/21,300189,9651.29
08/10/21,299559,9631.05
11/10/21,299983,9644.66
12/10/21,301359,9688.92
13/10/21,306365,9849.87
14/10/21,306055,9839.89
15/10/21,302618,9729.39
18/10/21,303330,9752.30
19/10/21,305258,9814.28
20/10/21,308881,9930.74
21/10/21,309237,9942.20
22/10/21,310545,9984.26
25/10/21,315460,10142
26/10/21,314106,10099
27/10/21,312803,10057
28/10/21,309799,9960.28
29/10/21,307032,9871.32
01/11/21,307716,9893.31
02/11/21,304698,9796.28
03/11/21,301344,9688.44
04/11/21,304607,9793.35
05/11/21,309302,9944.28
08/11/21,310816,9992.98
09/11/21,313564,10081
10/11/21,316793,10185
11/11/21,319135,10260
12/11/21,322009,10353
15/11/21,325741,10473
16/11/21,322978,10384
17/11/21,326798,10507
18/11/21,323868,10413
19/11/21,323168,10390
22/11/21,316868,10188
23/11/21,313140,10068
24/11/21,313430,10077
25/11/21,314126,10099
26/11/21,313436,10077
29/11/21,315110,10131
30/11/21,312572,10049
01/12/21,312361,10043
02/12/21,311648,10020
03/12/21,313085,10066
06/12/21,314134,10100
07/12/21,315564,10146
08/12/21,316341,10171
09/12/21,315989,10159
10/12/21,315258,10136
13/12/21,317993,10224
14/12/21,315817,10154
15/12/21,316960,10191
16/12/21,320295,10298
17/12/21,320345,10299
20/12/21,319131,10260
21/12/21,318754,10248
22/12/21,321779,10345
23/12/21,322682,10374
24/12/21,322073,10355
27/12/21,317783,10217
28/12/21,322348,10364
29/12/21,322038,10354
30/12/21,324078,10419
31/12/21,326029,10482
03/01/22,318462,10239
04/01/22,320498,10304
05/01/22,319786,10281
06/01/22,316740,10183
07/01/22,317962,10223
10/01/22,318417,10237
11/01/22,321652,10341
12/01/22,321548,10338
13/01/22,321261,10329
14/01/22,320139,10293
17/01/22,320154,10293
18/01/22,319374,10268
19/01/22,324009,10417
20/01/22,324562,10435
21/01/22,323714,10408
24/01/22,325295,10458
25/01/22,326420,10495
26/01/22,322274,10361
27/01/22,318032,10225
28/01/22,317115,10195
31/01/22,317704,10214
01/02/22,317816,10218
02/02/22,318632,10244
03/02/22,317780,10217
04/02/22,317252,10200
07/02/22,318129,10228
08/02/22,318363,10236
09/02/22,320325,10299
10/02/22,319436,10270
11/02/22,324994,10449
14/02/22,328384,10558
15/02/22,325701,10472
16/02/22,329320,10588
17/02/22,334036,10740
18/02/22,332701,10697
21/02/22,336784,10828
22/02/22,334187,10744
23/02/22,337229,10842
24/02/22,336342,10814
25/02/22,331079,10644
28/02/22,338290,10876
01/03/22,344987,11092
02/03/22,342734,11019
03/03/22,345787,11117
04/03/22,352910,11346
07/03/22,355710,11436
08/03/22,365475,11750
09/03/22,356332,11456
10/03/22,357158,11483
11/03/22,355254,11422
14/03/22,349716,11244
15/03/22,343848,11055
16/03/22,346283,11133
17/03/22,349251,11229
18/03/22,344295,11069
21/03/22,351259,11293
22/03/22,348361,11200
23/03/22,353878,11377
24/03/22,356609,11465
25/03/22,355346,11425
28/03/22,350840,11280
29/03/22,349610,11240
30/03/22,353062,11351
31/03/22,353172,11355
01/04/22,353871,11377
04/04/22,355522,11430
05/04/22,354336,11392
06/04/22,357981,11509
07/04/22,359649,11563
08/04/22,362784,11664
11/04/22,357335,11489
12/04/22,357852,11505
13/04/22,359085,11545
14/04/22,357712,11501
15/04/22,358955,11541
18/04/22,360874,11602
19/04/22,358847,11537
20/04/22,363443,11685
21/04/22,366573,11786
22/04/22,362097,11642
25/04/22,354077,11384
26/04/22,354222,11389
27/04/22,350330,11263
28/04/22,352003,11317
29/04/22,352318,11327
02/05/22,346010,11124
03/05/22,346936,11154
04/05/22,351659,11306
05/05/22,348437,11203
06/05/22,349782,11246
09/05/22,348870,11216
10/05/22,346115,11128
11/05/22,352509,11333
12/05/22,349317,11231
13/05/22,347279,11165
16/05/22,353215,11356
17/05/22,355961,11444
18/05/22,360189,11580
19/05/22,369794,11889
20/05/22,370162,11901
23/05/22,372022,11961
24/05/22,375208,12063
25/05/22,375108,12060
26/05/22,374830,12051
27/05/22,370920,11925
30/05/22,368819,11858
31/05/22,365299,11745
01/06/22,365045,11736
02/06/22,369392,11876
03/06/22,365777,11760
06/06/22,368157,11837
07/06/22,373553,12010
08/06/22,371166,11933
09/06/22,371531,11945
10/06/22,378022,12154
13/06/22,371280,11937
14/06/22,372910,11989
15/06/22,378586,12172
16/06/22,385931,12408
17/06/22,385001,12378
20/06/22,386657,12431
21/06/22,388463,12489
22/06/22,388398,12487
23/06/22,383059,12316
24/06/22,380855,12245
27/06/22,377905,12150
28/06/22,374509,12041
29/06/22,372428,11974
30/06/22,368701,11854
01/07/22,370091,11899
04/07/22,369982,11895
05/07/22,364221,11710
06/07/22,361325,11617
07/07/22,360917,11604
08/07/22,359929,11572
11/07/22,360461,11589
12/07/22,357819,11504
13/07/22,365965,11766
14/07/22,358340,11521
15/07/22,359956,11573
18/07/22,368528,11848
19/07/22,378789,12178
20/07/22,381781,12275
21/07/22,389546,12524
22/07/22,394586,12686
25/07/22,395194,12706
26/07/22,399901,12857
27/07/22,409303,13159
28/07/22,420085,13506
29/07/22,422302,13577
01/08/22,423483,13615
02/08/22,419233,13479
03/08/22,406046,13055
04/08/22,404082,12992
05/08/22,398303,12806
08/08/22,401147,12897
09/08/22,402510,12941
10/08/22,396906,12761
11/08/22,393083,12638
12/08/22,393715,12658
15/08/22,380030,12218
16/08/22,379538,12202
17/08/22,378608,12173
18/08/22,377933,12151
19/08/22,375369,12068
22/08/22,374309,12034
23/08/22,379591,12204
24/08/22,382400,12294
25/08/22,385679,12400
26/08/22,381447,12264
29/08/22,386268,12419
30/08/22,378902,12182
31/08/22,373302,12002
01/09/22,369771,11888
02/09/22,375552,12074
05/09/22,375593,12076
06/09/22,377652,12142
07/09/22,385124,12382
08/09/22,382631,12302
09/09/22,387343,12453
12/09/22,398000,12796
13/09/22,394237,12675
14/09/22,398346,12807
15/09/22,394053,12669
16/09/22,396948,12762
19/09/22,399222,12835
20/09/22,398251,12804
21/09/22,401683,12914
22/09/22,400277,12869
23/09/22,394207,12674
26/09/22,384671,12367
27/09/22,382776,12307
28/09/22,386754,12434
29/09/22,382341,12293
30/09/22,378853,12180
03/10/22,387727,12466
04/10/22,388869,12502
05/10/22,384992,12378
06/10/22,379974,12216
07/10/22,377940,12151
10/10/22,365260,11743
11/10/22,361732,11630
12/10/22,364510,11719
13/10/22,363977,11702
14/10/22,358834,11537
17/10/22,361919,11636
18/10/22,362849,11666
19/10/22,359875,11570
20/10/22,359271,11551
21/10/22,366579,11786
24/10/22,362196,11645
25/10/22,363355,11682
26/10/22,363508,11687
27/10/22,368216,11838
28/10/22,364098,11706
31/10/22,360362,11586
01/11/22,363466,11686
02/11/22,362087,11641
03/11/22,360919,11604
04/11/22,372388,11973
07/11/22,371112,11932
08/11/22,379571,12203
09/11/22,378051,12155
10/11/22,388603,12494
11/11/22,392336,12614
14/11/22,392481,12619
15/11/22,394783,12693
16/11/22,394226,12675
17/11/22,391654,12592
18/11/22,389518,12523
21/11/22,389678,12528
22/11/22,390102,12542
23/11/22,392194,12609
24/11/22,394299,12677
25/11/22,392153,12608
28/11/22,390803,12565
29/11/22,392613,12623
30/11/22,396772,12757
01/12/22,404277,12998
02/12/22,402201,12931
05/12/22,396705,12754
06/12/22,397366,12776
07/12/22,401038,12894
08/12/22,401959,12923
09/12/22,403771,12982
12/12/22,400306,12870
13/12/22,407357,13097
14/12/22,406403,13066
15/12/22,399808,12854
16/12/22,403540,12974
19/12/22,402417,12938
20/12/22,409275,13159
21/12/22,409855,13177
22/12/22,404806,13015
23/12/22,405583,13040
26/12/22,408671,13139
27/12/22,410604,13201
28/12/22,408997,13150
29/12/22,410411,13195
30/12/22,413011,13279
02/01/23,414021,13311
03/01/23,416845,13402
04/01/23,421063,13537
05/01/23,416254,13383
06/01/23,424077,13634
09/01/23,426705,13719
10/01/23,429055,13794
11/01/23,428787,13786
12/01/23,433455,13936
13/01/23,439776,14139
16/01/23,438457,14097
17/01/23,437683,14072
18/01/23,435668,14007
19/01/23,443724,14266
20/01/23,442704,14233
23/01/23,446174,14345
24/01/23,448525,14420
25/01/23,449921,14465
26/01/23,467906,15044
27/01/23,483079,15531
30/01/23,510632,16417
31/01/23,516663,16611
01/02/23,522923,16812
02/02/23,516855,16617
03/02/23,504250,16212
06/02/23,513919,16523
07/02/23,515720,16581
08/02/23,514893,16554
09/02/23,503128,16176
10/02/23,506483,16284
13/02/23,495011,15915
14/02/23,495697,15937
15/02/23,488227,15697
16/02/23,485299,15603
17/02/23,485814,15619
20/02/23,481816,15491
21/02/23,481749,15489
22/02/23,477656,15357
23/02/23,475552,15289
24/02/23,471240,15151
27/02/23,470052,15113
28/02/23,477695,15358
01/03/23,481390,15477
02/03/23,511361,16441
03/03/23,517459,16637
06/03/23,507169,16306
07/03/23,502573,16158
08/03/23,505465,16251
09/03/23,505891,16265
10/03/23,521390,16763
13/03/23,539624,17349
14/03/23,536738,17257
15/03/23,542749,17450
16/03/23,541831,17420
17/03/23,560349,18016
20/03/23,557801,17934
21/03/23,546477,17570
22/03/23,557498,17924
23/03/23,563304,18111
24/03/23,560227,18012
27/03/23,554538,17829
28/03/23,559097,17975
29/03/23,556730,17899
30/03/23,561846,18064
31/03/23,558936,17970
03/04/23,565805,18191
04/04/23,580584,18666
05/04/23,583139,18748
06/04/23,577988,18583
07/04/23,570178,18332
10/04/23,566046,18199
11/04/23,578203,18590
12/04/23,581115,18683
13/04/23,576825,18545
14/04/23,570154,18331
17/04/23,563182,18107
18/04/23,569386,18306
19/04/23,559676,17994
20/04/23,568177,18267
21/04/23,562232,18076
24/04/23,557051,17910
25/04/23,566203,18204
26/04/23,560108,18008
27/04/23,564174,18139
28/04/23,564498,18149
01/05/23,561739,18060
02/05/23,571957,18389
03/05/23,578447,18597
04/05/23,581646,18700
05/05/23,572486,18406
08/05/23,573597,18442
09/05/23,579738,18639
10/05/23,577559,18569
11/05/23,595792,19155
12/05/23,594570,19116
15/05/23,574510,18471
16/05/23,567621,18249
17/05/23,565013,18166
18/05/23,559004,17972
19/05/23,565170,18171
22/05/23,565270,18174
23/05/23,566890,18226
24/05/23,561165,18042
25/05/23,554438,17826
26/05/23,555577,17862
29/05/23,554341,17822
30/05/23,560046,18006
31/05/23,560142,18009
01/06/23,563976,18132
02/06/23,556416,17889
05/06/23,560246,18012
06/06/23,562478,18084
07/06/23,556268,17884
08/06/23,564412,18146
09/06/23,562636,18089
12/06/23,562917,18098
13/06/23,558795,17966
14/06/23,553317,17790
15/06/23,562765,18093
16/06/23,562729,18092
19/06/23,560287,18014
20/06/23,556116,17880
21/06/23,554327,17822
22/06/23,548703,17641
23/06/23,550401,17696
26/06/23,550783,17708
27/06/23,546405,17567
28/06/23,546772,17579
29/06/23,546598,17574
30/06/23,549946,17681
03/07/23,550190,17689
04/07/23,550883,17711
05/07/23,530644,17061
06/07/23,529403,17021
07/07/23,535311,17211
10/07/23,534389,17181
11/07/23,534792,17194
12/07/23,543610,17477
13/07/23,536340,17244
14/07/23,542713,17449
17/07/23,539322,17340
18/07/23,558218,17947
19/07/23,561308,18046
20/07/23,560852,18032
21/07/23,561223,18044
24/07/23,562391,18081
25/07/23,562649,18090
26/07/23,566240,18205
27/07/23,558008,17940
28/07/23,561129,18041
31/07/23,563478,18116
01/08/23,558916,17970
02/08/23,552190,17753
03/08/23,553180,17785
04/08/23,550849,17710
07/08/23,549167,17656
08/08/23,554334,17822
09/08/23,550476,17698
10/08/23,550001,17683
11/08/23,551901,17744
14/08/23,545954,17553
15/08/23,553717,17802
16/08/23,555619,17864
17/08/23,559021,17973
18/08/23,557414,17921
21/08/23,560735,18028
22/08/23,564602,18152
23/08/23,572552,18408
24/08/23,575027,18488
25/08/23,578354,18595
28/08/23,582849,18739
29/08/23,589324,18947
30/08/23,591886,19030
31/08/23,588454,18919
01/09/23,594172,19103
04/09/23,594415,19111
05/09/23,593422,19079
06/09/23,589307,18947
07/09/23,587101,18876
08/09/23,585334,18819
11/09/23,574913,18484
12/09/23,573413,18436
13/09/23,563577,18119
14/09/23,569035,18295
15/09/23,571411,18371
18/09/23,568128,18266
19/09/23,569319,18304
20/09/23,563127,18105
21/09/23,558558,17958
22/09/23,564049,18135
25/09/23,556567,17894
26/09/23,547208,17593
27/09/23,542773,17451
28/09/23,536381,17245
29/09/23,531895,17101
02/10/23,524544,16864
03/10/23,520864,16746
04/10/23,518180,16660
05/10/23,516510,16606
06/10/23,519993,16718
09/10/23,523799,16841
10/10/23,522093,16786
11/10/23,523578,16833
12/10/23,520528,16735
13/10/23,535662,17222
16/10/23,531583,17091
17/10/23,531531,17089
18/10/23,538344,17308
19/10/23,547301,17596
20/10/23,551868,17743
23/10/23,549651,17672
24/10/23,551090,17718
25/10/23,550277,17692
26/10/23,556115,17880
27/10/23,557320,17918
30/10/23,557648,17929
31/10/23,557632,17928
01/11/23,555608,17863
02/11/23,561054,18038
03/11/23,562419,18082
06/11/23,564197,18139
07/11/23,558749,17964
08/11/23,560204,18011
09/11/23,559326,17983
10/11/23,549419,17664
13/11/23,552667,17769
14/11/23,564894,18162
15/11/23,564820,18159
16/11/23,570243,18334
17/11/23,571160,18363
20/11/23,565683,18187
21/11/23,570578,18344
22/11/23,566696,18220
23/11/23,562343,18080
24/11/23,572187,18396
27/11/23,572073,18393
28/11/23,583148,18749
29/11/23,584078,18779
30/11/23,580341,18658
01/12/23,591017,19002
04/12/23,570516,18343
05/12/23,574427,18468
06/12/23,576635,18539
07/12/23,576400,18532
08/12/23,569487,18309
11/12/23,562934,18099
12/12/23,561499,18053
13/12/23,575040,18488
14/12/23,577311,18561
15/12/23,572588,18409
18/12/23,567056,18231
19/12/23,572789,18416
20/12/23,574358,18466
21/12/23,578686,18605
22/12/23,573375,18434
25/12/23,574557,18472
26/12/23,584197,18782
27/12/23,585769,18833
28/12/23,582476,18727
29/12/23,573929,18452
01/01/24,576443,18533
02/01/24,580526,18664
03/01/24,575351,18498
04/01/24,575651,18508
05/01/24,575829,18513
08/01/24,570286,18335
09/01/24,570929,18356
10/01/24,569374,18306
11/01/24,570344,18337
12/01/24,574826,18481
15/01/24,575269,18495
16/01/24,568748,18286
17/01/24,561646,18057
18/01/24,561810,18063
19/01/24,568500,18278
22/01/24,565445,18179
23/01/24,567560,18247
24/01/24,563802,18127
25/01/24,565991,18197
26/01/24,564695,18155
29/01/24,563695,18123
30/01/24,569275,18303
31/01/24,569537,18311
01/02/24,574505,18471
02/02/24,570319,18336
05/02/24,562479,18084
06/02/24,569245,18302
07/02/24,568403,18275
08/02/24,568491,18277
09/02/24,565644,18186
12/02/24,564567,18151
13/02/24,556573,17894
14/02/24,556417,17889
15/02/24,559814,17998
16/02/24,562635,18089
19/02/24,558579,17959
20/02/24,566175,18203
21/02/24,566268,18206
22/02/24,565992,18197
23/02/24,569403,18307
26/02/24,567144,18234
27/02/24,567536,18247
28/02/24,566729,18221
29/02/24,567765,18254
01/03/24,582073,18714
04/03/24,590886,18997
05/03/24,594537,19115
06/03/24,600185,19296
07/03/24,601142,19327
08/03/24,609065,19582
11/03/24,609403,19593
12/03/24,602386,19367
13/03/24,606571,19502
14/03/24,603153,19392
15/03/24,601283,19332
18/03/24,602074,19357
19/03/24,601269,19331
20/03/24,608701,19570
21/03/24,607098,19519
22/03/24,602586,19374
25/03/24,604165,19424
26/03/24,605430,19465
27/03/24,610266,19621
28/03/24,619816,19928
29/03/24,619718,19924
01/04/24,625389,20107
02/04/24,633627,20372
03/04/24,638876,20540
04/04/24,636425,20462
05/04/24,647717,20825
08/04/24,649644,20887
09/04/24,653959,21025
10/04/24,648835,20861
11/04/24,659754,21212
12/04/24,651669,20952
15/04/24,662464,21299
16/04/24,663466,21331
17/04/24,657220,21130
18/04/24,662406,21297
19/04/24,666212,21419
22/04/24,648063,20836
23/04/24,646584,20788
24/04/24,645064,20739
25/04/24,649728,20889
26/04/24,650516,20915
29/04/24,650165,20903
30/04/24,636470,20463
01/05/24,645624,20757
02/05/24,641586,20627
03/05/24,641262,20617
06/05/24,646848,20797
07/05/24,643663,20694
08/05/24,642315,20651
09/05/24,653457,21009
10/05/24,656301,21101
13/05/24,649886,20894
14/05/24,655911,21088
15/05/24,663823,21342
16/05/24,662150,21289
17/05/24,672283,21614
20/05/24,675405,21715
21/05/24,674271,21678
22/05/24,662459,21299
23/05/24,648237,20841
24/05/24,648864,20861
27/05/24,654502,21043
28/05/24,658362,21167
29/05/24,651548,20948
30/05/24,652462,20977
31/05/24,647997,20834
03/06/24,655026,21060
04/06/24,647629,20822
05/06/24,655807,21085
06/06/24,661496,21268
07/06/24,638749,20536
10/06/24,642421,20654
11/06/24,645777,20762
12/06/24,647500,20818
13/06/24,641904,20638
14/06/24,649745,20890
17/06/24,645890,20766
18/06/24,648860,20861
19/06/24,648697,20856
20/06/24,657308,21133
21/06/24,646382,20782
24/06/24,650221,20905
25/06/24,646225,20777
26/06/24,640068,20579
27/06/24,648285,20843
28/06/24,648059,20836
01/07/24,649333,20877
02/07/24,648505,20850
03/07/24,656011,21091
04/07/24,656621,21111
05/07/24,664970,21379
08/07/24,657168,21128
09/07/24,658360,21167
10/07/24,660344,21231
11/07/24,672682,21627
12/07/24,670280,21550
15/07/24,673513,21654
16/07/24,687958,22118
17/07/24,684653,22012
18/07/24,680344,21874
19/07/24,668331,21487
22/07/24,667052,21446
23/07/24,670425,21555
24/07/24,667915,21474
25/07/24,658444,21169
26/07/24,664093,21351
29/07/24,664106,21351
30/07/24,672300,21615
31/07/24,682245,21935
01/08/24,681557,21913
02/08/24,681302,21904
05/08/24,671578,21592
06/08/24,666590,21431
07/08/24,664098,21351
08/08/24,676270,21743
09/08/24,677663,21787
12/08/24,689004,22152
13/08/24,686930,22085
14/08/24,682138,21931
15/08/24,684345,22002
16/08/24,698834,22468
19/08/24,697270,22418
20/08/24,698867,22469
21/08/24,699975,22505
22/08/24,692502,22264
23/08/24,699957,22504
26/08/24,701207,22544
27/08/24,702831,22597
28/08/24,697518,22426
29/08/24,703561,22620
30/08/24,697147,22414
02/09/24,696365,22389
03/09/24,694637,22333
04/09/24,693795,22306
05/09/24,701045,22539
06/09/24,695707,22367
09/09/24,698481,22457
10/09/24,701507,22554
11/09/24,699622,22493
12/09/24,712675,22913
13/09/24,718624,23104
16/09/24,718663,23106
17/09/24,716337,23031
18/09/24,711918,22889
19/09/24,720057,23150
20/09/24,728840,23433
23/09/24,730533,23487
24/09/24,738301,23737
25/09/24,738298,23737
26/09/24,742230,23863
27/09/24,738230,23735
30/09/24,731826,23529
01/10/24,739257,23768
02/10/24,738073,23730
03/10/24,737552,23713
04/10/24,736500,23679
07/10/24,733496,23582
08/10/24,728144,23410
09/10/24,724180,23283
10/10/24,730443,23484
11/10/24,737646,23716
14/10/24,735907,23660
15/10/24,739753,23784
16/10/24,742495,23872
17/10/24,747852,24044
18/10/24,755592,24293
21/10/24,755176,24279
22/10/24,763388,24543
23/10/24,754121,24246
24/10/24,760042,24436
25/10/24,764398,24576
28/10/24,763017,24532
29/10/24,770644,24777
30/10/24,774552,24902
31/10/24,762239,24507
01/11/24,760011,24435
04/11/24,760544,24452
05/11/24,762562,24517
06/11/24,738950,23758
07/11/24,752267,24186
08/11/24,746463,23999
11/11/24,728007,23406
12/11/24,722508,23229
13/11/24,715409,23001
14/11/24,713424,22937
15/11/24,711705,22882
18/11/24,725573,23328
19/11/24,731764,23527
20/11/24,736803,23689
21/11/24,741985,23855
22/11/24,754297,24251
25/11/24,729777,23463
26/11/24,730118,23474
27/11/24,732747,23558
28/11/24,733138,23571
29/11/24,736923,23693
02/12/24,733132,23571
03/12/24,734827,23625
04/12/24,736526,23680
05/12/24,731625,23522
06/12/24,732299,23544
09/12/24,739937,23790
10/12/24,749449,24095
11/12/24,755172,24279
12/12/24,746048,23986
13/12/24,736206,23670
16/12/24,737335,23706
17/12/24,736098,23666
18/12/24,719401,23129
19/12/24,721966,23212
20/12/24,729950,23468
23/12/24,729014,23438
24/12/24,727954,23404
25/12/24,727251,23382
26/12/24,731982,23534
27/12/24,729882,23466
30/12/24,725332,23320
31/12/24,731074,23505
01/01/25,731074,23505
02/01/25,740607,23811
03/01/25,735575,23649
06/01/25,734553,23616
07/01/25,737991,23727
08/01/25,741857,23851
09/01/25,744410,23933
10/01/25,748911,24078
13/01/25,742384,23868
14/01/25,746496,24000
15/01/25,751341,24156
16/01/25,757100,24341
17/01/25,753301,24219
20/01/25,754989,24273
21/01/25,764987,24595
22/01/25,768510,24708
23/01/25,768098,24695
24/01/25,771917,24818
27/01/25,764217,24570
28/01/25,771005,24788
29/01/25,769437,24738
30/01/25,778535,25030
31/01/25,780279,25087
03/02/25,784933,25236
04/02/25,792633,25484
05/02/25,799615,25708
06/02/25,797306,25634
07/02/25,798569,25675
10/02/25,811473,26089
11/02/25,808757,26002
12/02/25,810706,26065
13/02/25,818513,26316
14/02/25,805010,25882
17/02/25,809339,26021
18/02/25,820689,26386
19/02/25,819894,26360
20/02/25,821420,26409
21/02/25,820611,26383
24/02/25,825999,26556
25/02/25,814780,26196
26/02/25,816066,26237
27/02/25,804285,25858
28/02/25,799514,25705
03/03/25,808791,26003
04/03/25,815955,26234
05/03/25,816232,26242
06/03/25,814564,26189
07/03/25,814847,26198
10/03/25,847489,27247
11/03/25,816070,26237
12/03/25,821829,26422
13/03/25,836903,26907
14/03/25,836049,26880
17/03/25,840892,27035
18/03/25,850320,27338
19/03/25,853595,27444
20/03/25,852972,27424
21/03/25,847189,27238
24/03/25,844630,27155
25/03/25,846404,27213
26/03/25,846740,27223
27/03/25,856129,27525
28/03/25,864019,27779
31/03/25,875514,28148
01/04/25,874575,28118
02/04/25,876590,28183
03/04/25,873391,28080
04/04/25,851801,27386
07/04/25,836458,26893
08/04/25,837160,26915
09/04/25,864570,27797
10/04/25,890242,28622
11/04/25,907248,29169
14/04/25,900741,28960
15/04/25,907130,29165
16/04/25,936626,30113
17/04/25,930733,29924
18/04/25,930733,29924
21/04/25,960584,30883
22/04/25,949436,30525
23/04/25,923604,29695
24/04/25,940667,30243
25/04/25,932336,29975
28/04/25,940039,30223
29/04/25,932524,29981
30/04/25,924641,29728
01/05/25,912384,29334
02/05/25,913507,29370
05/05/25,939570,30208
06/05/25,966600,31077
07/05/25,948709,30502
08/05/25,932854,29992
09/05/25,938226,30165
12/05/25,908910,29222
13/05/25,913282,29363
14/05/25,893732,28734
15/05/25,913027,29354
16/05/25,901060,28970
19/05/25,912882,29350
20/05/25,929933,29898
21/05/25,934204,30035
22/05/25,927969,29835
23/05/25,946609,30434
26/05/25,942592,30305
27/05/25,934020,30029
28/05/25,930202,29907
29/05/25,935923,30091
30/05/25,926882,29800
02/06/25,952792,30633
03/06/25,949589,30530
04/06/25,951261,30584
05/06/25,945971,30414
06/06/25,934561,30047
09/06/25,938418,30171
10/06/25,937178,30131
11/06/25,947271,30455
12/06/25,955280,30713
13/06/25,971502,31235
16/06/25,957988,30800
17/06/25,959826,30859
18/06/25,954865,30700
19/06/25,955254,30712
20/06/25,956082,30739
23/06/25,955308,30714
24/06/25,946357,30426
25/06/25,947424,30460
26/06/25,943099,30321
27/06/25,928803,29862
30/06/25,937273,30134
01/07/25,947566,30465
02/07/25,955803,30730
03/07/25,944357,30362
04/07/25,946934,30445
07/07/25,948328,30489
08/07/25,938251,30165
09/07/25,942119,30290
10/07/25,946108,30418
11/07/25,954343,30683
14/07/25,951485,30591
15/07/25,946820,30441
16/07/25,953980,30671
17/07/25,951427,30589
18/07/25,954651,30693
21/07/25,969331,31165
22/07/25,977817,31438
23/07/25,966242,31065
24/07/25,959464,30847
25/07/25,946298,30424
28/07/25,938781,30183
29/07/25,941804,30280
30/07/25,929116,29872
31/07/25,933014,29997
01/08/25,952581,30626
04/08/25,955179,30710
05/08/25,957550,30786
06/08/25,954692,30694
07/08/25,963523,30978
08/08/25,963489,30977
11/08/25,949346,30522
12/08/25,950564,30561
13/08/25,952961,30638
14/08/25,944531,30367
15/08/25,940637,30242
18/08/25,939906,30219
19/08/25,938525,30174
20/08/25,948631,30499
21/08/25,944697,30373
22/08/25,956440,30750
25/08/25,952066,30610
26/08/25,959712,30855
27/08/25,961126,30901
28/08/25,969573,31172
29/08/25,971451,31233
01/09/25,984995,31668
02/09/25,999921,32148
03/09/25,1006672,32365
04/09/25,1006602,32363
05/09/25,1018228,32737
08/09/25,1028436,33065
09/09/25,1023927,32920
10/09/25,1030036,33116
11/09/25,1028013,33051
12/09/25,1025720,32978
15/09/25,1037547,33358
16/09/25,1038669,33394
17/09/25,1035178,33282
18/09/25,1031148,33152
19/09/25,1046306,33640
22/09/25,1062925,34174
23/09/25,1064286,34218
24/09/25,1056580,33970
25/09/25,1060198,34086
26/09/25,1058014,34016
29/09/25,1083900,34848
30/09/25,1090584,35063
01/10/25,1090987,35076
02/10/25,1089331,35023
03/10/25,1093319,35151
06/10/25,1118726,35968
07/10/25,1125823,36196
08/10/25,1141616,36704
09/10/25,1126879,36230
10/10/25,1133984,36458
13/10/25,1164617,37443
14/10/25,1173034,37714
15/10/25,1182858,38030
16/10/25,1213154,39004
17/10/25,1206490,38790
20/10/25,1233411,39655
21/10/25,1163729,37415
22/10/25,1157465,37213
23/10/25,1163362,37403
24/10/25,1155903,37163
27/10/25,1124110,36141
28/10/25,1116371,35892
29/10/25,1109630,35675
30/10/25,1135716,36514
31/10/25,1124365,36149
03/11/25,1130624,36350
04/11/25,1111735,35743
05/11/25,1124691,36160
06/11/25,1124244,36145
07/11/25,1130987,36362
10/11/25,1164342,37434
11/11/25,1166504,37504
12/11/25,1186306,38141
13/11/25,1175385,37789
14/11/25,1152915,37067
17/11/25,1140240,36660
18/11/25,1146180,36851
19/11/25,1149322,36952
20/11/25,1152364,37049
21/11/25,1140941,36682
24/11/25,1163681,37413
25/11/25,1162115,37363
26/11/25,1173214,37720
27/11/25,1174581,37764
28/11/25,1183537,38052
01/12/25,1192556,38342
02/12/25,1184881,38095
03/12/25,1184101,38070
04/12/25,1185806,38125
05/12/25,1176958,37840
08/12/25,1184465,38081
09/12/25,1180244,37946
10/12/25,1189238,38235
11/12/25,1201705,38636
12/12/25,1205061,38744
15/12/25,1206493,38790
16/12/25,1205692,38764
17/12/25,1215278,39072
18/12/25,1214538,39048
19/12/25,1216527,39112
22/12/25,1244482,40011
23/12/25,1256068,40384
24/12/25,1254977,40348
25/12/25,1254921,40347
26/12/25,1270226,40839
29/12/25,1213794,39024
30/12/25,1215404,39076
31/12/25,1212129,38971
01/01/26,1212129,38971
02/01/26,1213283,39008
05/01/26,1246236,40067
06/01/26,1257891,40442
07/01/26,1248106,40128
08/01/26,1261308,40552
09/01/26,1262569,40593
12/01/26,1287816,41404
13/01/26,1284100,41285
14/01/26,1294818,41629
15/01/26,1291691,41529
16/01/26,1286657,41367
19/01/26,1306597,42008
20/01/26,1332042,42826
21/01/26,1351626,43456
22/01/26,1380944,44398
23/01/26,1395314,44860
26/01/26,1399634,44999
27/01/26,1449016,46587
28/01/26,1509956,48546
29/01/26,1509144,48520
30/01/26,1361416,43771
02/02/26,1304852,41952
03/02/26,1382575,44451
04/02/26,1387921,44623
05/02/26,1338305,43028
06/02/26,1385498,44545
09/02/26,1414117,45465
10/02/26,1405364,45184
11/02/26,1421585,45705
12/02/26,1375313,44217
13/02/26,1409860,45328
16/02/26,1396400,44895
17/02/26,1363101,43825
18/02/26,1390989,44721
19/02/26,1397615,44934
20/02/26,1427484,45895
23/02/26,1457401,46857
24/02/26,1438454,46247
25/02/26,1439614,46285
26/02/26,1448718,46577
27/02/26,1474481,47406
02/03/26,1488608,47860
03/03/26,1421624,45706
04/03/26,1436136,46173
05/03/26,1420204,45661
06/03/26,1444785,46451
