Date,Price_per_oz_PKR,Price_per_gram_PKR
02/01/07,795.45,25.574
03/01/07,784.20,25.213
04/01/07,769.29,24.733
05/01/07,758.97,24.401
08/01/07,744.85,23.948
09/01/07,755.95,24.304
10/01/07,755.10,24.277
11/01/07,756.64,24.326
12/01/07,768.28,24.701
15/01/07,787.95,25.333
16/01/07,778.12,25.017
17/01/07,771.87,24.816
18/01/07,779.42,25.059
19/01/07,776.16,24.954
22/01/07,788.53,25.352
23/01/07,799.03,25.689
24/01/07,801.63,25.773
25/01/07,813.72,26.162
26/01/07,808.85,26.005
29/01/07,805.43,25.895
30/01/07,804.06,25.851
31/01/07,814.22,26.178
01/02/07,830.76,26.710
02/02/07,820.21,26.370
05/02/07,815.67,26.225
06/02/07,830.46,26.700
07/02/07,831.49,26.733
08/02/07,832.91,26.779
09/02/07,842.51,27.087
12/02/07,834.42,26.827
13/02/07,840.49,27.023
14/02/07,850.40,27.341
15/02/07,849.17,27.301
16/02/07,846.57,27.218
19/02/07,853.41,27.438
20/02/07,846.21,27.206
21/02/07,846.66,27.221
22/02/07,864.57,27.797
23/02/07,879.82,28.287
26/02/07,886.94,28.516
27/02/07,876.20,28.170
28/02/07,866.07,27.845
01/03/07,853.39,27.437
02/03/07,807.11,25.949
05/03/07,768.23,24.699
06/03/07,780.71,25.101
07/03/07,788.05,25.336
08/03/07,790.68,25.421
09/03/07,789.11,25.371
12/03/07,790.24,25.407
13/03/07,784.34,25.217
14/03/07,771.61,24.808
15/03/07,789.29,25.376
16/03/07,794.30,25.537
19/03/07,798.62,25.676
20/03/07,804.68,25.871
21/03/07,805.66,25.903
22/03/07,813.35,26.150
23/03/07,806.55,25.931
26/03/07,807.95,25.976
27/03/07,808.04,25.979
28/03/07,810.25,26.050
29/03/07,808.71,26.001
30/03/07,813.17,26.144
02/04/07,805.98,25.913
03/04/07,810.70,26.065
04/04/07,824.25,26.500
05/04/07,828.01,26.621
09/04/07,834.96,26.844
10/04/07,847.47,27.247
11/04/07,843.60,27.123
12/04/07,842.05,27.073
13/04/07,855.22,27.496
16/04/07,845.20,27.174
17/04/07,853.41,27.438
18/04/07,846.11,27.203
19/04/07,835.03,26.847
20/04/07,845.82,27.194
23/04/07,850.06,27.330
24/04/07,839.29,26.984
25/04/07,837.24,26.918
26/04/07,809.34,26.021
27/04/07,824.46,26.507
30/04/07,814.84,26.198
01/05/07,807.99,25.978
02/05/07,801.50,25.769
03/05/07,812.51,26.123
04/05/07,815.16,26.208
07/05/07,819.22,26.339
08/05/07,821.15,26.401
09/05/07,811.02,26.075
10/05/07,789.59,25.386
11/05/07,800.59,25.740
14/05/07,797.17,25.630
16/05/07,785.14,25.243
17/05/07,782.29,25.151
18/05/07,787.72,25.326
22/05/07,785.42,25.252
23/05/07,792.06,25.465
24/05/07,781.21,25.116
25/05/07,786.32,25.281
28/05/07,785.94,25.269
29/05/07,799.37,25.700
30/05/07,800.47,25.736
31/05/07,816.85,26.262
01/06/07,831.13,26.722
04/06/07,835.20,26.852
05/06/07,834.41,26.827
06/06/07,831.76,26.742
07/06/07,817.11,26.271
08/06/07,794.98,25.559
11/06/07,801.97,25.784
12/06/07,791.08,25.434
13/06/07,794.57,25.546
14/06/07,801.00,25.753
15/06/07,803.20,25.823
18/06/07,801.20,25.759
19/06/07,807.92,25.975
20/06/07,798.90,25.685
21/06/07,798.65,25.677
22/06/07,791.75,25.455
25/06/07,780.15,25.082
26/06/07,742.15,23.861
27/06/07,745.16,23.957
28/06/07,755.40,24.287
29/06/07,750.55,24.131
03/07/07,760.44,24.449
04/07/07,764.53,24.580
05/07/07,754.41,24.255
06/07/07,767.59,24.679
09/07/07,768.26,24.700
10/07/07,781.67,25.131
11/07/07,779.63,25.066
12/07/07,792.13,25.467
13/07/07,789.10,25.370
16/07/07,783.76,25.199
17/07/07,781.34,25.121
18/07/07,797.75,25.648
19/07/07,802.21,25.792
20/07/07,801.15,25.757
23/07/07,801.22,25.760
24/07/07,802.24,25.793
25/07/07,795.34,25.571
26/07/07,777.89,25.010
27/07/07,764.60,24.582
30/07/07,780.60,25.097
31/07/07,778.27,25.022
01/08/07,777.70,25.004
02/08/07,783.19,25.180
03/08/07,790.36,25.411
07/08/07,790.57,25.417
08/08/07,793.93,25.525
09/08/07,767.07,24.662
10/08/07,775.40,24.930
13/08/07,773.22,24.860
14/08/07,767.62,24.679
15/08/07,755.36,24.285
16/08/07,715.49,23.003
17/08/07,711.12,22.863
20/08/07,713.13,22.928
21/08/07,701.18,22.543
22/08/07,707.56,22.749
23/08/07,709.89,22.823
24/08/07,726.74,23.365
27/08/07,714.15,22.960
28/08/07,714.76,22.980
29/08/07,723.26,23.253
30/08/07,715.29,22.997
31/08/07,733.11,23.570
04/09/07,746.81,24.010
05/09/07,743.33,23.899
06/09/07,753.09,24.213
07/09/07,760.07,24.437
10/09/07,759.07,24.405
11/09/07,769.29,24.733
12/09/07,766.14,24.632
13/09/07,758.84,24.397
14/09/07,759.85,24.430
17/09/07,775.22,24.924
18/09/07,790.58,25.418
19/09/07,784.53,25.223
20/09/07,810.69,26.064
21/09/07,820.93,26.394
24/09/07,816.93,26.265
25/09/07,815.78,26.228
26/09/07,810.45,26.057
27/09/07,820.75,26.388
28/09/07,836.62,26.898
01/10/07,834.26,26.822
02/10/07,810.21,26.049
03/10/07,807.13,25.950
04/10/07,812.79,26.132
05/10/07,815.03,26.204
09/10/07,818.68,26.321
10/10/07,823.81,26.486
11/10/07,835.07,26.848
12/10/07,837.15,26.915
15/10/07,837.74,26.934
16/10/07,827.45,26.603
17/10/07,828.22,26.628
18/10/07,837.08,26.913
19/10/07,820.05,26.365
22/10/07,816.47,26.250
23/10/07,823.74,26.484
24/10/07,825.73,26.548
25/10/07,844.96,27.166
26/10/07,865.35,27.822
29/10/07,883.22,28.396
30/10/07,859.67,27.639
31/10/07,880.05,28.294
01/11/07,860.07,27.652
02/11/07,890.90,28.643
05/11/07,894.30,28.752
06/11/07,949.17,30.516
07/11/07,904.52,29.081
08/11/07,942.49,30.302
09/11/07,940.62,30.242
13/11/07,897.08,28.842
14/11/07,918.20,29.521
15/11/07,881.56,28.343
16/11/07,884.79,28.447
19/11/07,868.92,27.937
20/11/07,900.20,28.942
21/11/07,882.06,28.359
22/11/07,887.09,28.520
23/11/07,903.52,29.049
26/11/07,899.93,28.934
27/11/07,890.53,28.631
28/11/07,883.65,28.410
29/11/07,867.27,27.883
30/11/07,857.50,27.569
03/12/07,864.76,27.803
04/12/07,881.59,28.344
05/12/07,874.14,28.104
06/12/07,887.40,28.531
07/12/07,879.75,28.285
10/12/07,897.80,28.865
11/12/07,889.85,28.609
12/12/07,898.95,28.902
13/12/07,867.68,27.896
14/12/07,843.98,27.135
17/12/07,845.15,27.172
18/12/07,858.79,27.611
19/12/07,866.76,27.867
20/12/07,870.13,27.975
21/12/07,881.48,28.340
24/12/07,890.46,28.629
26/12/07,900.79,28.961
27/12/07,899.56,28.922
28/12/07,905.70,29.119
31/12/07,918.06,29.516
02/01/08,942.75,30.310
03/01/08,951.24,30.583
04/01/08,948.58,30.497
07/01/08,944.47,30.365
08/01/08,976.52,31.396
09/01/08,977.14,31.416
10/01/08,1004.78,32.304
11/01/08,1009.13,32.444
14/01/08,1018.13,32.734
15/01/08,991.43,31.875
16/01/08,988.76,31.790
17/01/08,993.77,31.950
18/01/08,1012.23,32.544
21/01/08,968.45,31.137
22/01/08,1000.46,32.166
23/01/08,1006.25,32.352
24/01/08,1025.62,32.975
25/01/08,1028.40,33.064
28/01/08,1047.07,33.664
29/01/08,1048.19,33.700
30/01/08,1057.51,34.000
31/01/08,1057.53,34.000
01/02/08,1051.25,33.798
04/02/08,1053.13,33.859
05/02/08,1027.87,33.047
06/02/08,1035.90,33.305
07/02/08,1054.48,33.902
08/02/08,1078.13,34.663
11/02/08,1098.79,35.327
12/02/08,1082.25,34.795
13/02/08,1089.98,35.044
14/02/08,1088.15,34.985
15/02/08,1077.04,34.628
18/02/08,1082.08,34.790
19/02/08,1105.40,35.540
20/02/08,1125.86,36.197
21/02/08,1121.77,36.066
22/02/08,1134.83,36.486
25/02/08,1140.97,36.683
26/02/08,1181.63,37.990
27/02/08,1203.75,38.701
28/02/08,1236.56,39.756
29/02/08,1237.45,39.785
03/03/08,1270.00,40.831
04/03/08,1236.25,39.746
05/03/08,1306.44,42.003
06/03/08,1261.25,40.550
07/03/08,1259.69,40.500
10/03/08,1236.53,39.755
11/03/08,1232.19,39.616
12/03/08,1265.77,40.696
13/03/08,1289.40,41.455
14/03/08,1297.87,41.727
17/03/08,1269.26,40.808
18/03/08,1244.51,40.012
19/03/08,1153.04,37.071
20/03/08,1054.73,33.910
24/03/08,1057.77,34.008
25/03/08,1122.28,36.082
26/03/08,1163.32,37.401
27/03/08,1167.09,37.523
28/03/08,1127.12,36.238
31/03/08,1082.36,34.799
01/04/08,1060.04,34.081
02/04/08,1089.58,35.031
03/04/08,1092.75,35.133
04/04/08,1117.24,35.920
07/04/08,1134.09,36.462
08/04/08,1118.25,35.953
09/04/08,1145.18,36.819
10/04/08,1134.83,36.486
11/04/08,1122.75,36.097
14/04/08,1121.37,36.053
15/04/08,1135.55,36.509
16/04/08,1164.19,37.429
17/04/08,1164.84,37.451
18/04/08,1141.93,36.714
21/04/08,1120.08,36.012
22/04/08,1134.26,36.467
23/04/08,1102.27,35.439
24/04/08,1082.53,34.804
25/04/08,1092.29,35.118
28/04/08,1097.74,35.293
29/04/08,1071.20,34.440
30/04/08,1088.85,35.007
01/05/08,1050.88,33.787
02/05/08,1064.37,34.220
05/05/08,1102.32,35.441
06/05/08,1096.84,35.264
07/05/08,1110.56,35.705
08/05/08,1133.83,36.453
09/05/08,1153.50,37.086
12/05/08,1175.11,37.781
13/05/08,1145.66,36.834
14/05/08,1142.22,36.723
15/05/08,1157.43,37.212
16/05/08,1168.91,37.581
19/05/08,1184.10,38.070
20/05/08,1234.58,39.693
21/05/08,1251.48,40.236
22/05/08,1243.36,39.975
23/05/08,1267.98,40.766
26/05/08,1245.89,40.056
27/05/08,1193.84,38.383
28/05/08,1185.77,38.123
29/05/08,1124.21,36.144
30/05/08,1129.61,36.318
02/06/08,1127.95,36.264
03/06/08,1132.15,36.400
04/06/08,1136.69,36.546
05/06/08,1156.94,37.197
06/06/08,1182.09,38.005
09/06/08,1162.07,37.362
10/06/08,1127.38,36.246
11/06/08,1139.57,36.638
12/06/08,1103.52,35.479
13/06/08,1105.22,35.534
16/06/08,1149.05,36.943
17/06/08,1142.17,36.722
18/06/08,1165.14,37.460
19/06/08,1173.14,37.717
20/06/08,1171.08,37.651
23/06/08,1133.33,36.437
24/06/08,1131.76,36.387
25/06/08,1138.53,36.604
26/06/08,1166.01,37.488
27/06/08,1193.94,38.386
30/06/08,1192.40,38.337
01/07/08,1239.63,39.855
02/07/08,1251.72,40.244
03/07/08,1274.75,40.984
04/07/08,1259.61,40.497
07/07/08,1263.45,40.621
08/07/08,1294.34,41.614
09/07/08,1294.51,41.619
10/07/08,1305.29,41.966
11/07/08,1317.91,42.372
14/07/08,1329.65,42.749
15/07/08,1333.46,42.872
16/07/08,1339.95,43.080
17/07/08,1339.83,43.076
18/07/08,1289.75,41.467
22/07/08,1275.87,41.020
23/07/08,1234.88,39.702
24/07/08,1237.19,39.777
25/07/08,1234.36,39.686
28/07/08,1252.93,40.283
29/07/08,1240.89,39.896
30/07/08,1256.23,40.389
31/07/08,1269.12,40.803
01/08/08,1250.34,40.200
04/08/08,1222.07,39.290
05/08/08,1191.60,38.311
06/08/08,1201.43,38.627
07/08/08,1177.04,37.843
08/08/08,1111.20,35.726
11/08/08,1077.59,34.645
12/08/08,1078.22,34.666
13/08/08,1119.45,35.991
14/08/08,1062.80,34.170
15/08/08,973.97,31.314
18/08/08,984.14,31.641
19/08/08,992.61,31.913
20/08/08,994.86,31.985
21/08/08,1051.99,33.822
22/08/08,1022.71,32.881
25/08/08,1034.30,33.254
26/08/08,1042.06,33.503
27/08/08,1027.64,33.040
28/08/08,1040.86,33.465
29/08/08,1038.61,33.392
01/09/08,1030.84,33.142
02/09/08,1009.70,32.463
03/09/08,985.97,31.700
04/09/08,971.81,31.244
05/09/08,933.18,30.002
08/09/08,925.41,29.753
09/09/08,870.45,27.986
10/09/08,818.92,26.329
11/09/08,811.04,26.075
12/09/08,830.02,26.686
15/09/08,844.85,27.163
16/09/08,807.15,25.951
17/09/08,936.56,30.111
18/09/08,922.70,29.665
19/09/08,976.19,31.385
22/09/08,1055.33,33.930
23/09/08,1031.60,33.167
24/09/08,1029.07,33.085
25/09/08,1037.75,33.364
26/09/08,1040.06,33.439
29/09/08,1026.25,32.995
30/09/08,937.65,30.146
01/10/08,981.42,31.554
02/10/08,849.71,27.319
03/10/08,871.99,28.035
06/10/08,867.00,27.875
07/10/08,909.59,29.244
08/10/08,930.06,29.902
09/10/08,967.03,31.091
10/10/08,806.15,25.918
13/10/08,866.71,27.865
14/10/08,880.75,28.317
15/10/08,833.43,26.796
16/10/08,782.69,25.164
17/10/08,790.34,25.410
20/10/08,800.80,25.746
21/10/08,828.24,26.629
22/10/08,779.88,25.074
23/10/08,794.14,25.532
24/10/08,762.02,24.500
27/10/08,733.10,23.570
28/10/08,756.62,24.326
29/10/08,799.60,25.708
30/10/08,802.38,25.797
31/10/08,799.37,25.700
03/11/08,796.52,25.609
04/11/08,834.56,26.832
05/11/08,836.54,26.895
06/11/08,812.12,26.110
07/11/08,817.37,26.279
10/11/08,827.60,26.608
11/11/08,788.68,25.357
12/11/08,753.61,24.229
13/11/08,755.83,24.300
14/11/08,763.98,24.563
17/11/08,744.99,23.952
18/11/08,762.39,24.511
19/11/08,736.50,23.679
20/11/08,713.75,22.948
21/11/08,766.83,24.654
24/11/08,830.16,26.690
25/11/08,810.85,26.069
26/11/08,813.46,26.153
27/11/08,816.89,26.263
28/11/08,815.55,26.221
01/12/08,733.23,23.574
02/12/08,750.07,24.115
03/12/08,763.89,24.559
04/12/08,748.13,24.053
05/12/08,749.82,24.107
08/12/08,785.62,25.258
09/12/08,775.78,24.942
10/12/08,799.78,25.714
11/12/08,816.11,26.238
12/12/08,809.55,26.028
15/12/08,850.56,27.346
16/12/08,921.94,29.641
17/12/08,899.32,28.914
18/12/08,874.68,28.122
19/12/08,860.11,27.653
22/12/08,856.24,27.529
23/12/08,813.69,26.161
24/12/08,816.73,26.258
26/12/08,842.63,27.091
29/12/08,860.28,27.659
30/12/08,868.36,27.918
31/12/08,898.72,28.895
02/01/09,913.15,29.358
05/01/09,882.52,28.374
06/01/09,898.15,28.876
07/01/09,858.27,27.594
08/01/09,846.32,27.210
09/01/09,891.66,28.667
12/01/09,841.25,27.047
13/01/09,847.59,27.251
14/01/09,842.14,27.075
15/01/09,841.14,27.043
16/01/09,892.75,28.702
19/01/09,887.83,28.544
20/01/09,890.56,28.632
21/01/09,898.94,28.902
22/01/09,909.55,29.243
23/01/09,946.87,30.443
26/01/09,953.94,30.670
27/01/09,954.69,30.694
28/01/09,944.24,30.358
29/01/09,968.06,31.124
30/01/09,1001.61,32.203
02/02/09,979.18,31.481
03/02/09,981.19,31.546
04/02/09,990.53,31.846
05/02/09,1004.22,32.287
06/02/09,1040.07,33.439
09/02/09,1018.51,32.746
10/02/09,1043.02,33.534
11/02/09,1069.60,34.389
12/02/09,1069.23,34.377
13/02/09,1088.98,35.012
16/02/09,1084.55,34.869
17/02/09,1127.23,36.241
18/02/09,1149.24,36.949
19/02/09,1123.19,36.111
20/02/09,1155.60,37.153
23/02/09,1150.32,36.984
24/02/09,1099.21,35.341
25/02/09,1095.46,35.220
26/02/09,1052.10,33.826
27/02/09,1046.55,33.647
02/03/09,1030.24,33.123
03/03/09,1025.43,32.968
04/03/09,1042.81,33.527
05/03/09,1061.21,34.119
06/03/09,1074.73,34.553
09/03/09,1045.88,33.626
10/03/09,1004.57,32.298
11/03/09,1029.38,33.095
12/03/09,1039.55,33.422
13/03/09,1059.21,34.054
16/03/09,1041.05,33.471
17/03/09,1021.52,32.843
18/03/09,1040.69,33.459
19/03/09,1094.84,35.200
20/03/09,1105.13,35.531
23/03/09,1098.63,35.322
24/03/09,1084.19,34.857
25/03/09,1081.17,34.761
26/03/09,1087.73,34.971
27/03/09,1073.73,34.521
30/03/09,1048.10,33.697
31/03/09,1043.33,33.544
01/04/09,1051.17,33.796
02/04/09,1047.57,33.680
03/04/09,1027.41,33.032
06/04/09,976.91,31.408
07/04/09,985.92,31.698
08/04/09,988.24,31.773
09/04/09,992.04,31.895
13/04/09,1032.20,33.186
14/04/09,1022.52,32.875
15/04/09,1030.56,33.133
16/04/09,985.98,31.700
17/04/09,955.82,30.730
20/04/09,974.00,31.315
21/04/09,971.79,31.244
22/04/09,992.42,31.907
23/04/09,1033.44,33.226
24/04/09,1037.00,33.340
27/04/09,1038.20,33.379
28/04/09,1004.00,32.279
29/04/09,1026.72,33.010
30/04/09,991.39,31.874
01/05/09,1002.43,32.229
04/05/09,1049.07,33.728
05/05/09,1073.91,34.527
06/05/09,1107.03,35.592
07/05/09,1112.27,35.760
08/05/09,1130.68,36.352
11/05/09,1123.63,36.126
12/05/09,1148.78,36.934
13/05/09,1131.21,36.369
14/05/09,1133.99,36.459
15/05/09,1131.50,36.379
18/05/09,1117.59,35.931
19/05/09,1145.98,36.844
20/05/09,1154.84,37.129
21/05/09,1172.70,37.703
22/05/09,1176.18,37.815
25/05/09,1180.22,37.945
26/05/09,1173.73,37.736
27/05/09,1186.99,38.163
28/05/09,1232.15,39.614
29/05/09,1279.32,41.131
01/06/09,1261.51,40.558
02/06/09,1296.81,41.693
03/06/09,1239.88,39.863
04/06/09,1284.78,41.307
05/06/09,1230.65,39.566
08/06/09,1209.04,38.872
09/06/09,1232.16,39.615
10/06/09,1231.29,39.587
11/06/09,1245.38,40.040
12/06/09,1197.65,38.505
15/06/09,1139.76,36.644
16/06/09,1151.78,37.031
17/06/09,1165.32,37.466
19/06/09,1147.74,36.901
22/06/09,1113.51,35.800
23/06/09,1127.53,36.251
24/06/09,1129.33,36.309
25/06/09,1139.79,36.645
26/06/09,1145.27,36.821
29/06/09,1128.70,36.288
30/06/09,1109.63,35.675
01/07/09,1106.35,35.570
06/07/09,1078.73,34.682
07/07/09,1067.60,34.324
08/07/09,1048.59,33.713
09/07/09,1040.79,33.462
10/07/09,1035.04,33.277
13/07/09,1050.34,33.769
14/07/09,1066.61,34.292
15/07/09,1083.05,34.821
16/07/09,1088.02,34.981
17/07/09,1099.70,35.356
20/07/09,1121.71,36.064
21/07/09,1110.31,35.697
22/07/09,1125.24,36.177
23/07/09,1129.80,36.324
24/07/09,1143.76,36.773
27/07/09,1162.78,37.384
28/07/09,1136.94,36.554
29/07/09,1112.59,35.771
30/07/09,1116.95,35.911
31/07/09,1153.40,37.083
03/08/09,1184.74,38.090
04/08/09,1217.24,39.135
05/08/09,1221.25,39.264
06/08/09,1211.99,38.966
07/08/09,1203.46,38.692
10/08/09,1187.21,38.170
11/08/09,1188.04,38.196
12/08/09,1204.14,38.714
13/08/09,1244.87,40.023
14/08/09,1208.24,38.846
17/08/09,1159.40,37.276
18/08/09,1155.30,37.144
19/08/09,1150.56,36.991
20/08/09,1149.20,36.948
21/08/09,1169.95,37.615
24/08/09,1170.80,37.642
25/08/09,1181.87,37.998
26/08/09,1181.97,38.001
27/08/09,1170.74,37.640
28/08/09,1230.92,39.575
31/08/09,1233.00,39.642
01/09/09,1244.10,39.999
02/09/09,1272.38,40.908
03/09/09,1346.88,43.303
04/09/09,1342.43,43.160
07/09/09,1354.14,43.537
08/09/09,1369.11,44.018
09/09/09,1352.91,43.497
10/09/09,1377.24,44.279
11/09/09,1384.51,44.513
14/09/09,1365.51,43.902
15/09/09,1404.45,45.154
16/09/09,1440.18,46.303
17/09/09,1433.21,46.079
18/09/09,1411.43,45.378
21/09/09,1392.04,44.755
22/09/09,1417.37,45.570
23/09/09,1390.81,44.716
24/09/09,1348.89,43.368
25/09/09,1333.13,42.861
28/09/09,1347.23,43.314
29/09/09,1346.91,43.304
30/09/09,1393.82,44.812
01/10/09,1363.63,43.842
02/10/09,1346.63,43.295
05/10/09,1380.30,44.378
06/10/09,1445.35,46.469
07/10/09,1469.50,47.246
08/10/09,1473.14,47.363
09/10/09,1475.28,47.431
12/10/09,1479.02,47.552
13/10/09,1481.12,47.619
14/10/09,1490.47,47.920
15/10/09,1443.17,46.399
16/10/09,1451.08,46.653
19/10/09,1485.59,47.763
20/10/09,1458.57,46.894
21/10/09,1474.93,47.420
22/10/09,1473.27,47.367
23/10/09,1471.64,47.314
26/10/09,1415.43,45.507
27/10/09,1394.92,44.848
28/10/09,1352.98,43.499
29/10/09,1384.65,44.518
30/10/09,1366.22,43.925
02/11/09,1383.62,44.485
03/11/09,1438.07,46.235
04/11/09,1462.29,47.014
05/11/09,1456.55,46.829
06/11/09,1453.72,46.738
09/11/09,1466.48,47.148
10/11/09,1439.94,46.295
11/11/09,1466.91,47.162
12/11/09,1446.14,46.495
13/11/09,1452.82,46.709
16/11/09,1531.22,49.230
17/11/09,1544.52,49.658
18/11/09,1543.03,49.610
19/11/09,1546.68,49.727
20/11/09,1546.40,49.718
23/11/09,1555.18,50.000
24/11/09,1542.97,49.608
25/11/09,1569.18,50.450
26/11/09,1551.56,49.884
27/11/09,1526.83,49.089
30/11/09,1531.37,49.235
01/12/09,1594.30,51.258
02/12/09,1623.24,52.188
03/12/09,1568.87,50.440
04/12/09,1547.48,49.753
07/12/09,1532.49,49.271
08/12/09,1490.37,47.916
09/12/09,1471.58,47.312
10/12/09,1464.82,47.095
11/12/09,1456.67,46.833
14/12/09,1466.73,47.156
15/12/09,1467.22,47.172
16/12/09,1502.29,48.300
17/12/09,1452.01,46.683
18/12/09,1458.00,46.876
21/12/09,1443.52,46.410
22/12/09,1434.39,46.117
23/12/09,1448.60,46.573
24/12/09,1475.23,47.430
25/12/09,1472.45,47.340
28/12/09,1478.29,47.528
29/12/09,1443.70,46.416
30/12/09,1412.76,45.421
31/12/09,1427.09,45.882
01/01/10,1421.17,45.692
04/01/10,1488.41,47.853
05/01/10,1505.95,48.418
06/01/10,1546.54,49.723
07/01/10,1538.78,49.473
08/01/10,1557.19,50.065
11/01/10,1575.83,50.664
12/01/10,1548.62,49.789
13/01/10,1584.82,50.953
14/01/10,1573.26,50.581
15/01/10,1549.96,49.832
18/01/10,1575.91,50.667
19/01/10,1588.98,51.087
20/01/10,1522.96,48.964
21/01/10,1469.43,47.243
22/01/10,1435.19,46.143
25/01/10,1454.92,46.777
26/01/10,1429.59,45.963
27/01/10,1408.82,45.295
28/01/10,1377.21,44.278
29/01/10,1385.86,44.557
01/02/10,1409.29,45.310
02/02/10,1419.83,45.648
03/02/10,1395.77,44.875
04/02/10,1305.83,41.983
05/02/10,1280.34,41.164
08/02/10,1276.20,41.031
09/02/10,1316.55,42.328
10/02/10,1297.86,41.727
11/02/10,1329.55,42.746
12/02/10,1314.97,42.277
15/02/10,1320.99,42.471
16/02/10,1365.65,43.907
17/02/10,1351.98,43.467
18/02/10,1348.14,43.344
19/02/10,1386.35,44.572
22/02/10,1383.95,44.495
23/02/10,1355.75,43.588
24/02/10,1365.93,43.916
25/02/10,1364.24,43.861
26/02/10,1402.47,45.090
01/03/10,1400.77,45.036
02/03/10,1442.37,46.373
03/03/10,1465.22,47.108
04/03/10,1454.88,46.775
05/03/10,1469.22,47.237
08/03/10,1459.44,46.922
09/03/10,1464.60,47.088
10/03/10,1436.16,46.173
11/03/10,1452.53,46.700
12/03/10,1440.17,46.302
15/03/10,1448.71,46.577
16/03/10,1470.93,47.291
17/03/10,1474.27,47.399
18/03/10,1468.37,47.209
19/03/10,1429.15,45.948
22/03/10,1426.36,45.859
23/03/10,1429.32,45.954
24/03/10,1394.61,44.838
25/03/10,1392.69,44.776
26/03/10,1418.29,45.599
29/03/10,1455.22,46.786
30/03/10,1447.04,46.523
31/03/10,1468.62,47.217
01/04/10,1509.96,48.546
02/04/10,1514.37,48.688
05/04/10,1518.53,48.822
06/04/10,1506.83,48.446
07/04/10,1518.75,48.829
08/04/10,1510.38,48.560
09/04/10,1543.76,49.633
12/04/10,1526.95,49.093
13/04/10,1523.57,48.984
14/04/10,1543.78,49.634
15/04/10,1543.76,49.633
16/04/10,1491.00,47.937
19/04/10,1492.00,47.969
20/04/10,1505.14,48.391
21/04/10,1515.02,48.709
22/04/10,1513.11,48.648
23/04/10,1540.84,49.539
26/04/10,1531.72,49.246
27/04/10,1545.23,49.680
28/04/10,1517.41,48.786
29/04/10,1555.94,50.025
30/04/10,1567.80,50.406
03/05/10,1582.60,50.882
04/05/10,1511.36,48.591
05/05/10,1487.69,47.830
06/05/10,1481.65,47.636
07/05/10,1547.92,49.767
10/05/10,1585.92,50.988
11/05/10,1633.19,52.508
12/05/10,1639.75,52.719
13/05/10,1645.85,52.915
14/05/10,1633.21,52.509
17/05/10,1592.09,51.187
18/05/10,1626.37,52.289
19/05/10,1508.51,48.500
20/05/10,1500.36,48.238
21/05/10,1489.91,47.902
24/05/10,1520.91,48.899
25/05/10,1512.46,48.627
26/05/10,1538.41,49.461
27/05/10,1567.22,50.387
28/05/10,1572.29,50.550
31/05/10,1585.92,50.988
01/06/10,1585.48,50.974
02/06/10,1569.56,50.462
03/06/10,1535.23,49.359
04/06/10,1487.93,47.838
07/06/10,1556.27,50.035
08/06/10,1555.82,50.021
09/06/10,1554.58,49.981
10/06/10,1551.54,49.883
11/06/10,1554.79,49.988
14/06/10,1562.92,50.249
15/06/10,1587.18,51.029
16/06/10,1574.84,50.632
17/06/10,1603.47,51.553
18/06/10,1634.95,52.565
21/06/10,1598.84,51.404
22/06/10,1610.69,51.785
23/06/10,1580.93,50.828
24/06/10,1597.20,51.351
25/06/10,1632.04,52.471
28/06/10,1609.27,51.739
29/06/10,1579.91,50.795
30/06/10,1596.80,51.338
01/07/10,1527.21,49.101
02/07/10,1531.79,49.248
05/07/10,1522.19,48.940
06/07/10,1529.90,49.188
07/07/10,1546.86,49.733
08/07/10,1533.59,49.306
09/07/10,1558.21,50.098
12/07/10,1533.37,49.299
13/07/10,1563.85,50.279
14/07/10,1563.45,50.266
15/07/10,1568.01,50.413
16/07/10,1530.21,49.197
19/07/10,1503.73,48.346
20/07/10,1513.91,48.673
21/07/10,1516.80,48.766
22/07/10,1554.18,49.968
23/07/10,1540.98,49.544
26/07/10,1550.36,49.845
27/07/10,1509.85,48.543
28/07/10,1501.48,48.274
29/07/10,1503.97,48.354
30/07/10,1528.93,49.156
02/08/10,1563.42,50.265
03/08/10,1579.99,50.798
04/08/10,1577.73,50.725
05/08/10,1577.37,50.713
06/08/10,1573.09,50.576
09/08/10,1578.48,50.749
10/08/10,1559.53,50.140
11/08/10,1545.21,49.680
12/08/10,1559.58,50.142
13/08/10,1553.92,49.960
16/08/10,1574.10,50.608
17/08/10,1582.11,50.866
18/08/10,1584.89,50.955
19/08/10,1569.51,50.461
20/08/10,1537.09,49.419
23/08/10,1545.85,49.700
24/08/10,1569.93,50.474
25/08/10,1618.41,52.033
26/08/10,1613.42,51.873
27/08/10,1633.06,52.504
30/08/10,1630.93,52.435
31/08/10,1653.39,53.158
01/09/10,1655.29,53.219
02/09/10,1677.33,53.927
03/09/10,1696.96,54.559
06/09/10,1711.70,55.032
07/09/10,1714.51,55.123
08/09/10,1709.37,54.957
09/09/10,1695.15,54.500
10/09/10,1702.23,54.728
13/09/10,1717.87,55.231
14/09/10,1764.42,56.727
15/09/10,1769.62,56.895
16/09/10,1779.74,57.220
17/09/10,1777.73,57.155
20/09/10,1779.37,57.208
21/09/10,1785.44,57.403
22/09/10,1813.44,58.304
23/09/10,1823.04,58.612
24/09/10,1842.30,59.231
27/09/10,1849.08,59.449
28/09/10,1874.23,60.258
29/09/10,1889.67,60.754
30/09/10,1879.64,60.432
01/10/10,1909.15,61.380
04/10/10,1886.81,60.662
05/10/10,1970.56,63.355
06/10/10,1989.09,63.951
07/10/10,1944.58,62.520
08/10/10,1997.64,64.226
11/10/10,2016.31,64.826
12/10/10,2003.23,64.405
13/10/10,2070.50,66.568
14/10/10,2127.08,68.387
15/10/10,2091.49,67.243
18/10/10,2087.19,67.105
19/10/10,2022.84,65.036
20/10/10,2065.33,66.402
21/10/10,1988.88,63.944
22/10/10,1996.98,64.205
25/10/10,2035.36,65.438
26/10/10,2067.84,66.483
27/10/10,2035.92,65.456
28/10/10,2057.66,66.155
29/10/10,2100.42,67.530
01/11/10,2130.64,68.502
02/11/10,2132.87,68.573
03/11/10,2116.71,68.054
04/11/10,2250.39,72.352
05/11/10,2290.28,73.634
08/11/10,2354.58,75.701
09/11/10,2352.16,75.624
10/11/10,2314.70,74.419
11/11/10,2356.10,75.750
12/11/10,2236.06,71.891
15/11/10,2182.48,70.168
16/11/10,2184.07,70.219
17/11/10,2198.67,70.689
18/11/10,2334.95,75.071
19/11/10,2332.14,74.980
22/11/10,2375.37,76.370
23/11/10,2346.84,75.453
24/11/10,2360.22,75.883
25/11/10,2351.56,75.604
26/11/10,2290.13,73.629
29/11/10,2328.15,74.852
30/11/10,2410.84,77.510
01/12/10,2434.99,78.287
02/12/10,2460.76,79.115
03/12/10,2510.94,80.729
06/12/10,2576.61,82.840
07/12/10,2483.42,79.844
08/12/10,2426.68,78.019
09/12/10,2465.84,79.279
10/12/10,2457.74,79.018
13/12/10,2541.54,81.713
14/12/10,2536.65,81.555
15/12/10,2492.29,80.129
16/12/10,2470.24,79.420
17/12/10,2493.67,80.173
20/12/10,2517.57,80.942
21/12/10,2516.10,80.894
22/12/10,2512.88,80.791
23/12/10,2515.90,80.888
24/12/10,2506.62,80.590
27/12/10,2524.37,81.160
28/12/10,2591.16,83.308
29/12/10,2629.41,84.538
30/12/10,2622.01,84.300
31/12/10,2654.04,85.330
03/01/11,2624.56,84.381
04/01/11,2563.15,82.407
05/01/11,2515.72,80.882
06/01/11,2493.27,80.160
07/01/11,2467.42,79.329
10/01/11,2495.47,80.231
11/01/11,2527.37,81.257
12/01/11,2545.83,81.850
13/01/11,2468.35,79.359
14/01/11,2429.01,78.095
17/01/11,2428.14,78.066
18/01/11,2477.12,79.641
19/01/11,2477.30,79.647
20/01/11,2363.31,75.982
21/01/11,2342.39,75.309
24/01/11,2325.08,74.753
25/01/11,2304.85,74.103
26/01/11,2370.51,76.214
27/01/11,2323.35,74.697
28/01/11,2410.99,77.515
31/01/11,2410.91,77.513
01/02/11,2448.65,78.726
02/02/11,2425.53,77.983
03/02/11,2469.43,79.394
04/02/11,2489.89,80.052
07/02/11,2520.68,81.042
08/02/11,2590.61,83.290
09/02/11,2569.75,82.620
10/02/11,2568.84,82.590
11/02/11,2537.16,81.572
14/02/11,2601.18,83.630
15/02/11,2623.46,84.346
16/02/11,2615.51,84.091
17/02/11,2704.77,86.960
18/02/11,2782.91,89.472
21/02/11,2916.36,93.763
22/02/11,2832.12,91.055
23/02/11,2870.78,92.298
24/02/11,2766.84,88.956
25/02/11,2852.13,91.698
28/02/11,2902.77,93.326
01/03/11,2979.34,95.788
02/03/11,2964.17,95.300
03/03/11,2933.01,94.298
04/03/11,3037.47,97.657
07/03/11,3062.08,98.448
08/03/11,3072.59,98.786
09/03/11,3076.74,98.919
10/03/11,3024.29,97.233
11/03/11,3049.52,98.044
14/03/11,3068.14,98.643
15/03/11,2922.05,93.946
16/03/11,2889.24,92.891
17/03/11,2944.27,94.660
18/03/11,3012.22,96.845
21/03/11,3085.04,99.186
22/03/11,3107.38,99.905
23/03/11,3192.58,102.64
24/03/11,3190.38,102.57
25/03/11,3174.89,102.07
28/03/11,3176.36,102.12
29/03/11,3155.91,101.46
30/03/11,3186.11,102.44
31/03/11,3210.82,103.23
01/04/11,3223.21,103.63
04/04/11,3303.01,106.19
05/04/11,3343.32,107.49
06/04/11,3368.47,108.30
07/04/11,3379.65,108.66
08/04/11,3464.53,111.39
11/04/11,3408.13,109.57
12/04/11,3387.52,108.91
13/04/11,3435.46,110.45
14/04/11,3556.72,114.35
15/04/11,3619.86,116.38
18/04/11,3647.12,117.26
19/04/11,3713.81,119.40
20/04/11,3816.31,122.70
21/04/11,3933.21,126.46
22/04/11,4027.77,129.50
25/04/11,3952.85,127.09
26/04/11,3854.00,123.91
27/04/11,4085.71,131.36
28/04/11,4097.59,131.74
29/04/11,4070.75,130.88
02/05/11,3769.54,121.19
03/05/11,3482.85,111.98
04/05/11,3330.71,107.08
05/05/11,3011.04,96.807
06/05/11,3053.77,98.181
09/05/11,3197.02,102.79
10/05/11,3272.22,105.20
11/05/11,3014.40,96.915
12/05/11,2974.02,95.617
13/05/11,3014.72,96.926
16/05/11,2882.50,92.674
17/05/11,2902.05,93.303
18/05/11,3016.20,96.973
19/05/11,3022.52,97.176
20/05/11,3030.08,97.419
23/05/11,3001.18,96.490
24/05/11,3139.85,100.95
25/05/11,3243.01,104.27
26/05/11,3200.48,102.90
27/05/11,3257.30,104.72
30/05/11,3287.07,105.68
31/05/11,3309.32,106.40
01/06/11,3207.38,103.12
02/06/11,3122.08,100.38
03/06/11,3114.12,100.12
06/06/11,3176.75,102.14
07/06/11,3197.14,102.79
08/06/11,3169.85,101.91
09/06/11,3227.57,103.77
10/06/11,3106.65,99.881
13/06/11,2983.89,95.934
14/06/11,3039.98,97.738
15/06/11,3088.43,99.295
16/06/11,3047.89,97.992
17/06/11,3081.07,99.059
20/06/11,3085.86,99.213
21/06/11,3126.10,100.51
22/06/11,3123.12,100.41
23/06/11,2994.93,96.289
24/06/11,2951.50,94.893
27/06/11,2902.63,93.322
28/06/11,2919.21,93.855
29/06/11,3004.41,96.594
30/06/11,2993.89,96.256
01/07/11,2915.81,93.745
04/07/11,2927.75,94.129
05/07/11,3057.26,98.293
06/07/11,3087.46,99.264
07/07/11,3128.45,100.58
08/07/11,3156.88,101.50
11/07/11,3073.08,98.802
12/07/11,3102.66,99.753
13/07/11,3278.79,105.42
14/07/11,3288.81,105.74
15/07/11,3387.18,108.90
18/07/11,3490.31,112.22
19/07/11,3362.51,108.11
20/07/11,3459.86,111.24
21/07/11,3379.83,108.66
22/07/11,3455.14,111.09
25/07/11,3485.94,112.08
26/07/11,3526.61,113.38
27/07/11,3490.30,112.22
28/07/11,3433.21,110.38
29/07/11,3452.36,111.00
01/08/11,3445.33,110.77
02/08/11,3545.42,113.99
03/08/11,3610.00,116.06
04/08/11,3371.61,108.40
05/08/11,3282.57,105.54
08/08/11,3393.54,109.10
09/08/11,3223.83,103.65
10/08/11,3443.38,110.71
11/08/11,3328.86,107.03
12/08/11,3374.35,108.49
15/08/11,3419.72,109.95
16/08/11,3448.99,110.89
17/08/11,3492.61,112.29
18/08/11,3518.21,113.11
19/08/11,3726.31,119.80
22/08/11,3809.91,122.49
23/08/11,3639.58,117.02
24/08/11,3448.28,110.86
25/08/11,3575.19,114.95
26/08/11,3593.82,115.54
29/08/11,3571.25,114.82
30/08/11,3599.42,115.72
31/08/11,3621.57,116.44
01/09/11,3626.69,116.60
02/09/11,3770.25,121.22
04/09/11,3800.35,122.18
05/09/11,3769.60,121.20
06/09/11,3721.90,119.66
07/09/11,3643.20,117.13
08/09/11,3711.53,119.33
09/09/11,3669.95,117.99
12/09/11,3507.92,112.78
13/09/11,3591.13,115.46
14/09/11,3571.31,114.82
15/09/11,3500.79,112.55
16/09/11,3573.32,114.88
19/09/11,3471.95,111.63
20/09/11,3482.98,111.98
21/09/11,3505.94,112.72
22/09/11,3134.47,100.78
23/09/11,2719.57,87.436
26/09/11,2678.62,86.119
27/09/11,2793.25,89.805
28/09/11,2542.14,81.732
29/09/11,2685.02,86.325
30/09/11,2625.81,84.422
03/10/11,2661.65,85.574
04/10/11,2595.63,83.451
05/10/11,2662.60,85.604
06/10/11,2793.42,89.811
07/10/11,2729.28,87.748
10/10/11,2795.19,89.868
11/10/11,2796.52,89.910
12/10/11,2849.16,91.603
13/10/11,2758.01,88.672
14/10/11,2785.10,89.543
17/10/11,2764.89,88.893
18/10/11,2780.66,89.400
19/10/11,2713.83,87.252
20/10/11,2641.22,84.917
21/10/11,2725.18,87.617
24/10/11,2752.61,88.498
25/10/11,2891.67,92.969
26/10/11,2904.03,93.367
27/10/11,3054.20,98.195
28/10/11,3066.78,98.599
31/10/11,2992.00,96.195
01/11/11,2870.66,92.294
02/11/11,2957.56,95.088
03/11/11,2972.03,95.553
04/11/11,2940.72,94.546
07/11/11,3022.96,97.190
08/11/11,3005.05,96.615
09/11/11,2963.67,95.284
10/11/11,2810.75,90.368
11/11/11,3000.79,96.477
14/11/11,2975.30,95.658
15/11/11,3005.58,96.632
16/11/11,2940.30,94.533
17/11/11,2760.40,88.749
18/11/11,2835.42,91.161
21/11/11,2751.24,88.454
22/11/11,2867.60,92.195
23/11/11,2785.00,89.540
24/11/11,2802.66,90.107
25/11/11,2741.60,88.144
28/11/11,2807.21,90.254
29/11/11,2789.68,89.690
30/11/11,2897.21,93.147
01/12/11,2907.77,93.487
02/12/11,2915.17,93.725
04/12/11,2934.93,94.360
05/12/11,2868.94,92.239
06/12/11,2937.58,94.445
07/12/11,2906.02,93.431
08/12/11,2820.63,90.685
09/12/11,2862.57,92.034
12/12/11,2763.90,88.861
13/12/11,2754.07,88.546
14/12/11,2589.01,83.239
15/12/11,2623.93,84.361
16/12/11,2664.07,85.652
18/12/11,2665.66,85.703
19/12/11,2585.01,83.110
20/12/11,2658.63,85.477
21/12/11,2651.74,85.255
22/12/11,2608.13,83.853
23/12/11,2599.28,83.569
26/12/11,2597.30,83.505
27/12/11,2578.74,82.908
28/12/11,2436.80,78.345
29/12/11,2495.28,80.225
30/12/11,2504.67,80.527
01/01/12,2492.15,80.125
02/01/12,2510.48,80.714
03/01/12,2676.73,86.059
04/01/12,2667.33,85.757
05/01/12,2649.21,85.174
06/01/12,2607.49,83.833
09/01/12,2612.44,83.992
10/01/12,2691.38,86.530
11/01/12,2694.42,86.627
12/01/12,2733.57,87.886
13/01/12,2682.28,86.237
16/01/12,2709.39,87.109
17/01/12,2722.83,87.541
18/01/12,2758.00,88.672
19/01/12,2749.31,88.392
20/01/12,2904.09,93.369
23/01/12,2922.10,93.948
24/01/12,2884.70,92.745
25/01/12,2993.01,96.227
26/01/12,3020.52,97.112
27/01/12,3049.96,98.059
30/01/12,3017.44,97.013
31/01/12,2997.97,96.387
01/02/12,3045.79,97.924
02/02/12,3102.03,99.732
03/02/12,3043.15,97.840
05/02/12,3048.96,98.026
06/02/12,3048.23,98.003
07/02/12,3091.26,99.386
08/02/12,3084.35,99.164
09/02/12,3093.73,99.466
10/02/12,3041.62,97.790
12/02/12,3032.46,97.496
13/02/12,3056.62,98.273
14/02/12,3043.70,97.857
15/02/12,3036.26,97.618
16/02/12,3020.66,97.116
17/02/12,3021.16,97.133
19/02/12,3009.50,96.758
20/02/12,3026.68,97.310
21/02/12,3117.91,100.24
22/02/12,3115.33,100.16
23/02/12,3203.20,102.99
24/02/12,3219.17,103.50
26/02/12,3212.18,103.27
27/02/12,3216.25,103.40
28/02/12,3358.02,107.96
29/02/12,3160.77,101.62
01/03/12,3225.58,103.70
02/03/12,3163.42,101.71
04/03/12,3156.84,101.49
05/03/12,3093.03,99.443
06/03/12,2998.19,96.394
07/03/12,3040.14,97.743
08/03/12,3079.96,99.023
09/03/12,3109.04,99.958
11/03/12,3108.45,99.939
12/03/12,3050.54,98.077
13/03/12,3037.26,97.650
14/03/12,2914.57,93.706
15/03/12,2963.48,95.278
16/03/12,2948.34,94.791
18/03/12,2942.97,94.619
19/03/12,2985.94,96.000
20/03/12,2916.16,93.757
21/03/12,2918.82,93.842
22/03/12,2866.06,92.146
23/03/12,2953.43,94.955
26/03/12,3007.26,96.686
27/03/12,2953.02,94.942
28/03/12,2906.86,93.458
29/03/12,2923.87,94.005
30/03/12,2924.38,94.021
01/04/12,2920.46,93.895
02/04/12,2993.01,96.228
03/04/12,2972.56,95.570
04/04/12,2830.70,91.009
05/04/12,2860.18,91.957
06/04/12,2861.76,92.008
08/04/12,2859.37,91.931
09/04/12,2839.37,91.288
10/04/12,2879.83,92.589
11/04/12,2869.15,92.245
12/04/12,2938.54,94.476
13/04/12,2860.60,91.970
15/04/12,2861.35,91.995
16/04/12,2860.92,91.981
17/04/12,2868.49,92.224
18/04/12,2870.98,92.304
19/04/12,2882.59,92.677
20/04/12,2875.38,92.446
22/04/12,2883.19,92.697
23/04/12,2802.64,90.107
24/04/12,2800.68,90.044
25/04/12,2787.57,89.623
26/04/12,2830.21,90.993
27/04/12,2848.07,91.567
29/04/12,2854.14,91.763
30/04/12,2819.31,90.643
01/05/12,2818.40,90.614
02/05/12,2787.72,89.627
03/05/12,2732.18,87.842
04/05/12,2760.50,88.752
06/05/12,2773.40,89.167
07/05/12,2727.56,87.693
08/05/12,2686.53,86.374
09/05/12,2657.39,85.437
10/05/12,2648.22,85.142
11/05/12,2633.52,84.670
13/05/12,2636.52,84.766
14/05/12,2560.84,82.333
15/05/12,2518.59,80.975
16/05/12,2479.91,79.731
17/05/12,2552.63,82.069
18/05/12,2606.15,83.790
20/05/12,2601.03,83.625
21/05/12,2602.43,83.670
22/05/12,2579.19,82.923
23/05/12,2559.81,82.300
24/05/12,2608.20,83.856
25/05/12,2626.33,84.438
27/05/12,2613.28,84.019
28/05/12,2611.23,83.953
29/05/12,2598.48,83.543
30/05/12,2608.10,83.852
31/05/12,2599.17,83.565
01/06/12,2671.12,85.879
03/06/12,2673.02,85.940
04/06/12,2654.00,85.328
05/06/12,2673.18,85.945
06/06/12,2747.17,88.324
07/06/12,2693.14,86.586
08/06/12,2686.01,86.357
10/06/12,2653.73,85.320
11/06/12,2703.49,86.919
12/06/12,2737.46,88.012
13/06/12,2739.17,88.066
14/06/12,2700.27,86.816
15/06/12,2706.35,87.011
17/06/12,2691.04,86.519
18/06/12,2713.89,87.253
19/06/12,2666.44,85.728
20/06/12,2644.50,85.023
21/06/12,2540.56,81.681
22/06/12,2543.12,81.763
24/06/12,2542.48,81.743
25/06/12,2600.81,83.618
26/06/12,2560.78,82.331
27/06/12,2555.47,82.160
28/06/12,2483.96,79.861
29/06/12,2601.85,83.652
02/07/12,2603.98,83.720
03/07/12,2679.35,86.143
04/07/12,2683.66,86.282
05/07/12,2599.69,83.582
06/07/12,2545.89,81.852
08/07/12,2548.19,81.926
09/07/12,2574.49,82.772
10/07/12,2528.41,81.290
11/07/12,2564.99,82.466
12/07/12,2535.86,81.530
13/07/12,2578.02,82.885
15/07/12,2571.46,82.674
16/07/12,2578.07,82.887
17/07/12,2577.65,82.873
18/07/12,2564.88,82.463
19/07/12,2574.93,82.786
20/07/12,2581.08,82.984
22/07/12,2585.12,83.114
23/07/12,2589.79,83.264
24/07/12,2547.89,81.917
25/07/12,2582.96,83.044
26/07/12,2601.31,83.634
27/07/12,2636.32,84.760
29/07/12,2627.71,84.483
30/07/12,2665.67,85.703
31/07/12,2653.15,85.301
01/08/12,2597.30,83.505
02/08/12,2567.91,82.560
03/08/12,2628.28,84.501
05/08/12,2623.70,84.354
06/08/12,2633.81,84.679
07/08/12,2655.47,85.375
08/08/12,2640.88,84.906
09/08/12,2643.47,84.989
10/08/12,2621.05,84.269
12/08/12,2621.37,84.279
13/08/12,2592.18,83.341
14/08/12,2629.96,84.555
15/08/12,2630.18,84.562
16/08/12,2666.62,85.734
17/08/12,2652.75,85.288
19/08/12,2651.03,85.233
20/08/12,2719.78,87.443
21/08/12,2740.01,88.093
22/08/12,2776.86,89.278
23/08/12,2835.98,91.179
24/08/12,2868.31,92.218
26/08/12,2863.95,92.078
27/08/12,2866.39,92.156
28/08/12,2864.35,92.091
29/08/12,2859.59,91.938
30/08/12,2838.37,91.256
31/08/12,2941.93,94.585
02/09/12,2936.74,94.418
03/09/12,2975.87,95.677
04/09/12,3000.33,96.463
05/09/12,2983.70,95.928
06/09/12,3015.02,96.935
07/09/12,3062.51,98.462
09/09/12,3066.91,98.603
10/09/12,3042.50,97.819
11/09/12,3035.79,97.603
12/09/12,3147.12,101.18
13/09/12,3256.24,104.69
14/09/12,3272.23,105.20
16/09/12,3273.61,105.25
17/09/12,3229.70,103.84
18/09/12,3286.81,105.67
19/09/12,3271.55,105.18
20/09/12,3271.89,105.19
21/09/12,3273.13,105.23
23/09/12,3270.74,105.16
24/09/12,3215.11,103.37
25/09/12,3195.33,102.73
26/09/12,3219.56,103.51
27/09/12,3287.95,105.71
28/09/12,3271.02,105.17
30/09/12,3270.44,105.15
01/10/12,3296.00,105.97
02/10/12,3292.41,105.85
03/10/12,3295.53,105.95
04/10/12,3337.40,107.30
05/10/12,3294.00,105.90
07/10/12,3296.78,105.99
08/10/12,3260.37,104.82
09/10/12,3238.56,104.12
10/10/12,3250.06,104.49
11/10/12,3250.88,104.52
12/10/12,3195.03,102.72
14/10/12,3196.84,102.78
15/10/12,3118.44,100.26
16/10/12,3132.19,100.70
17/10/12,3172.53,102.00
18/10/12,3138.01,100.89
19/10/12,3061.50,98.429
21/10/12,3062.97,98.477
22/10/12,3094.77,99.499
23/10/12,3029.57,97.403
24/10/12,3032.26,97.489
25/10/12,3077.12,98.932
26/10/12,3077.12,98.932
29/10/12,3054.66,98.210
30/10/12,3039.65,97.727
31/10/12,3087.56,99.267
01/11/12,3083.23,99.128
02/11/12,2958.41,95.115
04/11/12,2961.71,95.221
05/11/12,2997.05,96.357
06/11/12,3074.40,98.844
07/11/12,3049.63,98.048
08/11/12,3101.23,99.707
09/11/12,3125.10,100.47
11/11/12,3118.07,100.25
12/11/12,3105.56,99.846
13/11/12,3121.42,100.36
14/11/12,3140.02,100.95
15/11/12,3127.35,100.55
16/11/12,3099.40,99.648
18/11/12,3095.54,99.524
19/11/12,3188.86,102.52
20/11/12,3192.12,102.63
21/11/12,3200.44,102.90
22/11/12,3197.23,102.79
23/11/12,3276.50,105.34
25/11/12,3262.66,104.90
26/11/12,3279.26,105.43
27/11/12,3272.54,105.21
28/11/12,3253.78,104.61
29/11/12,3309.08,106.39
30/11/12,3237.00,104.07
02/12/12,3233.98,103.97
03/12/12,3250.86,104.52
04/12/12,3179.94,102.24
05/12/12,3179.89,102.24
06/12/12,3191.73,102.62
07/12/12,3198.46,102.83
09/12/12,3204.65,103.03
10/12/12,3228.12,103.79
11/12/12,3204.80,103.04
12/12/12,3251.46,104.54
13/12/12,3173.87,102.04
14/12/12,3153.33,101.38
16/12/12,3145.53,101.13
17/12/12,3169.75,101.91
18/12/12,3096.60,99.558
19/12/12,3039.40,97.719
20/12/12,2917.05,93.785
21/12/12,2929.87,94.198
23/12/12,2928.77,94.162
24/12/12,2922.58,93.963
25/12/12,2930.53,94.219
26/12/12,2926.78,94.098
27/12/12,2944.88,94.680
28/12/12,2925.68,94.063
30/12/12,2926.63,94.093
31/12/12,2949.49,94.828
01/01/13,2947.29,94.758
02/01/13,3020.79,97.121
03/01/13,2952.55,94.927
04/01/13,2951.09,94.880
07/01/13,2938.20,94.465
08/01/13,2964.44,95.309
09/01/13,2955.08,95.008
10/01/13,2970.33,95.498
11/01/13,2964.03,95.296
14/01/13,3024.51,97.240
15/01/13,3053.55,98.174
16/01/13,3078.19,98.966
17/01/13,3097.38,99.583
18/01/13,3114.25,100.13
21/01/13,3129.29,100.61
22/01/13,3144.48,101.10
23/01/13,3148.55,101.23
24/01/13,3092.41,99.423
25/01/13,3048.82,98.022
28/01/13,3022.17,97.165
29/01/13,3064.66,98.531
30/01/13,3130.46,100.65
31/01/13,3074.00,98.831
01/02/13,3117.92,100.24
04/02/13,3117.06,100.22
05/02/13,3111.17,100.03
06/02/13,3121.46,100.36
07/02/13,3080.11,99.028
08/02/13,3077.25,98.936
11/02/13,3037.19,97.648
12/02/13,3052.40,98.137
13/02/13,3016.73,96.990
14/02/13,2980.25,95.817
15/02/13,2920.41,93.893
18/02/13,2930.29,94.211
19/02/13,2892.79,93.005
20/02/13,2800.60,90.041
21/02/13,2811.41,90.389
22/02/13,2817.10,90.572
25/02/13,2854.48,91.774
26/02/13,2887.80,92.845
27/02/13,2846.75,91.525
28/02/13,2804.74,90.174
01/03/13,2808.91,90.309
04/03/13,2804.91,90.180
05/03/13,2819.52,90.650
06/03/13,2856.63,91.843
07/03/13,2836.96,91.210
08/03/13,2831.23,91.026
11/03/13,2833.30,91.093
12/03/13,2853.36,91.738
13/03/13,2829.40,90.967
14/03/13,2808.45,90.294
15/03/13,2821.20,90.704
18/03/13,2854.36,91.770
19/03/13,2838.65,91.265
20/03/13,2831.99,91.050
21/03/13,2864.84,92.107
22/03/13,2823.63,90.782
25/03/13,2838.77,91.268
26/03/13,2829.50,90.970
27/03/13,2822.06,90.731
28/03/13,2789.25,89.677
29/03/13,2790.28,89.710
01/04/13,2760.23,88.744
02/04/13,2681.06,86.198
03/04/13,2653.78,85.321
04/04/13,2645.35,85.050
05/04/13,2693.72,86.605
08/04/13,2682.35,86.240
09/04/13,2754.77,88.568
10/04/13,2716.63,87.342
11/04/13,2719.60,87.437
12/04/13,2555.11,82.149
15/04/13,2232.11,71.764
16/04/13,2305.45,74.122
17/04/13,2295.67,73.808
18/04/13,2289.71,73.616
19/04/13,2288.81,73.587
22/04/13,2306.44,74.154
23/04/13,2260.29,72.670
24/04/13,2283.19,73.406
25/04/13,2402.53,77.243
26/04/13,2363.65,75.993
29/04/13,2421.71,77.860
30/04/13,2396.19,77.039
01/05/13,2327.94,74.845
02/05/13,2346.71,75.448
03/05/13,2372.67,76.283
06/05/13,2364.05,76.006
07/05/13,2360.07,75.878
08/05/13,2359.79,75.869
09/05/13,2347.13,75.462
10/05/13,2345.69,75.416
13/05/13,2331.73,74.967
14/05/13,2315.61,74.449
15/05/13,2225.48,71.551
16/05/13,2238.16,71.958
17/05/13,2191.27,70.451
20/05/13,2247.66,72.264
21/05/13,2201.35,70.775
22/05/13,2207.61,70.976
23/05/13,2223.52,71.488
24/05/13,2201.67,70.785
27/05/13,2229.88,71.692
28/05/13,2203.82,70.855
29/05/13,2209.53,71.038
30/05/13,2242.09,72.085
31/05/13,2191.13,70.446
03/06/13,2194.28,70.548
04/06/13,2132.02,68.546
05/06/13,2221.29,71.416
06/06/13,2227.93,71.630
07/06/13,2133.90,68.606
10/06/13,2165.87,69.634
11/06/13,2133.46,68.592
12/06/13,2145.33,68.974
13/06/13,2143.71,68.922
14/06/13,2175.00,69.928
17/06/13,2151.51,69.173
18/06/13,2137.77,68.731
19/06/13,2108.74,67.798
20/06/13,1944.94,62.531
21/06/13,1993.08,64.079
24/06/13,1949.66,62.683
25/06/13,1946.36,62.577
26/06/13,1829.40,58.816
27/06/13,1829.42,58.817
28/06/13,1959.82,63.010
01/07/13,1954.95,62.853
02/07/13,1935.50,62.228
03/07/13,1980.48,63.674
04/07/13,1976.06,63.532
05/07/13,1890.58,60.783
08/07/13,1910.80,61.433
09/07/13,1930.85,62.078
10/07/13,1916.11,61.604
11/07/13,2013.61,64.739
12/07/13,1994.28,64.118
15/07/13,1999.11,64.273
16/07/13,2008.68,64.581
17/07/13,1937.48,62.292
18/07/13,1956.55,62.905
19/07/13,1964.45,63.158
22/07/13,2066.09,66.426
23/07/13,2064.29,66.369
24/07/13,2033.51,65.379
25/07/13,2049.32,65.887
26/07/13,2026.89,65.166
29/07/13,2023.17,65.046
30/07/13,2009.01,64.591
31/07/13,2011.90,64.684
01/08/13,2001.76,64.358
02/08/13,2029.67,65.256
05/08/13,2010.77,64.648
06/08/13,1993.84,64.104
07/08/13,2006.69,64.517
08/08/13,2073.87,66.677
09/08/13,2099.30,67.494
12/08/13,2201.45,70.778
13/08/13,2200.79,70.757
14/08/13,2244.00,72.146
15/08/13,2360.28,75.885
16/08/13,2392.63,76.925
19/08/13,2390.93,76.870
20/08/13,2374.24,76.333
21/08/13,2369.47,76.180
22/08/13,2394.48,76.984
23/08/13,2489.96,80.054
26/08/13,2520.54,81.037
27/08/13,2543.60,81.779
28/08/13,2537.99,81.598
29/08/13,2495.05,80.218
30/08/13,2454.96,78.929
02/09/13,2530.26,81.350
03/09/13,2543.89,81.788
04/09/13,2455.01,78.930
05/09/13,2437.83,78.378
06/09/13,2497.24,80.288
09/09/13,2465.11,79.255
10/09/13,2386.48,76.727
11/09/13,2404.53,77.308
12/09/13,2254.70,72.490
13/09/13,2305.82,74.134
16/09/13,2255.51,72.516
17/09/13,2245.52,72.195
18/09/13,2339.60,75.220
19/09/13,2349.92,75.552
20/09/13,2221.47,71.422
23/09/13,2289.92,73.623
24/09/13,2304.85,74.103
25/09/13,2308.62,74.224
26/09/13,2304.94,74.105
27/09/13,2302.29,74.020
30/09/13,2302.67,74.033
01/10/13,2241.07,72.052
02/10/13,2302.40,74.024
03/10/13,2298.35,73.894
04/10/13,2306.37,74.152
07/10/13,2375.17,76.363
08/10/13,2361.83,75.934
09/10/13,2321.54,74.639
10/10/13,2301.13,73.983
11/10/13,2269.90,72.979
14/10/13,2255.58,72.518
15/10/13,2254.39,72.480
16/10/13,2272.25,73.055
17/10/13,2321.97,74.653
18/10/13,2321.11,74.626
21/10/13,2367.71,76.124
22/10/13,2413.50,77.596
23/10/13,2402.01,77.227
24/10/13,2418.59,77.759
25/10/13,2388.13,76.780
28/10/13,2387.77,76.769
29/10/13,2397.31,77.075
30/10/13,2417.02,77.709
31/10/13,2338.96,75.199
01/11/13,2354.95,75.713
04/11/13,2322.69,74.676
05/11/13,2330.27,74.920
06/11/13,2338.49,75.184
07/11/13,2314.43,74.411
08/11/13,2307.74,74.195
11/11/13,2290.59,73.644
12/11/13,2228.63,71.652
13/11/13,2211.77,71.110
14/11/13,2231.85,71.756
15/11/13,2224.66,71.525
18/11/13,2193.76,70.531
19/11/13,2191.54,70.460
20/11/13,2139.30,68.780
21/11/13,2146.66,69.017
22/11/13,2136.57,68.692
25/11/13,2176.08,69.963
26/11/13,2152.25,69.196
27/11/13,2130.64,68.502
28/11/13,2134.24,68.617
29/11/13,2171.20,69.806
02/12/13,2080.02,66.874
03/12/13,2077.50,66.793
04/12/13,2136.63,68.694
05/12/13,2105.05,67.679
06/12/13,2112.65,67.923
09/12/13,2149.44,69.106
10/12/13,2203.51,70.844
11/12/13,2173.21,69.870
12/12/13,2091.41,67.240
13/12/13,2112.06,67.904
16/12/13,2137.56,68.724
17/12/13,2126.79,68.378
18/12/13,2114.66,67.988
19/12/13,2047.89,65.841
20/12/13,2061.75,66.287
23/12/13,2064.81,66.385
24/12/13,2070.76,66.576
25/12/13,2058.77,66.191
26/12/13,2100.44,67.531
27/12/13,2123.31,68.266
30/12/13,2068.86,66.515
31/12/13,2053.27,66.014
01/01/14,2053.87,66.034
02/01/14,2110.82,67.864
03/01/14,2120.02,68.160
06/01/14,2126.84,68.379
07/01/14,2099.14,67.489
08/01/14,2060.70,66.253
09/01/14,2060.13,66.235
10/01/14,2125.61,68.340
13/01/14,2157.60,69.369
14/01/14,2145.88,68.992
15/01/14,2126.60,68.372
16/01/14,2119.66,68.149
17/01/14,2138.12,68.742
20/01/14,2137.58,68.725
21/01/14,2095.91,67.385
22/01/14,2089.21,67.170
23/01/14,2110.09,67.841
24/01/14,2100.21,67.523
27/01/14,2076.16,66.750
28/01/14,2067.14,66.460
29/01/14,2078.28,66.818
30/01/14,2020.07,64.947
31/01/14,2024.79,65.099
03/02/14,2040.74,65.611
04/02/14,2057.43,66.148
05/02/14,2099.91,67.514
06/02/14,2105.41,67.691
07/02/14,2111.93,67.900
10/02/14,2116.56,68.049
11/02/14,2134.87,68.638
12/02/14,2130.52,68.498
13/02/14,2153.50,69.237
14/02/14,2251.10,72.375
17/02/14,2285.00,73.464
18/02/14,2303.68,74.065
19/02/14,2267.14,72.890
20/02/14,2290.08,73.628
21/02/14,2289.42,73.607
24/02/14,2304.73,74.099
25/02/14,2298.78,73.908
26/02/14,2227.27,71.608
27/02/14,2229.92,71.693
28/02/14,2227.08,71.602
03/03/14,2247.22,72.250
04/03/14,2220.10,71.378
05/03/14,2208.23,70.996
06/03/14,2239.25,71.994
07/03/14,2150.48,69.139
10/03/14,2103.35,67.624
11/03/14,2092.98,67.291
12/03/14,2085.32,67.044
13/03/14,2090.91,67.224
14/03/14,2131.28,68.522
17/03/14,2101.75,67.573
18/03/14,2061.64,66.283
19/03/14,2054.87,66.066
20/03/14,1990.40,63.993
21/03/14,1995.27,64.149
24/03/14,1951.09,62.729
25/03/14,1941.54,62.422
26/03/14,1932.80,62.141
27/03/14,1929.27,62.028
28/03/14,1944.60,62.520
31/03/14,1941.41,62.418
01/04/14,1939.35,62.352
02/04/14,1967.76,63.265
03/04/14,1945.30,62.543
04/04/14,1958.20,62.958
07/04/14,1951.05,62.728
08/04/14,1950.03,62.695
09/04/14,1929.23,62.026
10/04/14,1948.07,62.632
11/04/14,1948.89,62.658
14/04/14,1922.87,61.822
15/04/14,1882.69,60.530
16/04/14,1897.43,61.004
17/04/14,1904.12,61.219
18/04/14,1904.93,61.245
21/04/14,1898.23,61.030
22/04/14,1892.89,60.858
23/04/14,1899.60,61.073
24/04/14,1925.50,61.906
25/04/14,1936.25,62.252
28/04/14,1925.67,61.912
29/04/14,1915.85,61.596
30/04/14,1891.69,60.819
01/05/14,1878.24,60.387
02/05/14,1926.63,61.943
05/05/14,1938.10,62.311
06/05/14,1933.76,62.172
07/05/14,1897.77,61.015
08/05/14,1895.27,60.934
09/05/14,1887.65,60.689
12/05/14,1924.36,61.870
13/05/14,1929.74,62.043
14/05/14,1951.46,62.741
15/05/14,1924.00,61.858
16/05/14,1903.23,61.190
19/05/14,1910.61,61.427
20/05/14,1918.75,61.689
21/05/14,1918.52,61.682
22/05/14,1925.41,61.903
23/05/14,1921.90,61.790
26/05/14,1920.94,61.760
27/05/14,1881.54,60.493
28/05/14,1879.22,60.418
29/05/14,1880.49,60.459
30/05/14,1857.99,59.736
02/06/14,1850.20,59.485
03/06/14,1856.16,59.677
04/06/14,1852.12,59.547
05/06/14,1877.29,60.356
06/06/14,1873.05,60.220
09/06/14,1878.98,60.411
10/06/14,1894.63,60.914
11/06/14,1892.66,60.850
12/06/14,1921.98,61.793
13/06/14,1941.35,62.416
16/06/14,1943.68,62.491
17/06/14,1945.35,62.544
18/06/14,1958.06,62.953
19/06/14,2042.62,65.672
20/06/14,2051.86,65.969
23/06/14,2058.74,66.190
24/06/14,2063.22,66.334
25/06/14,2076.90,66.774
26/06/14,2084.11,67.006
27/06/14,2068.18,66.493
30/06/14,2077.02,66.778
01/07/14,2076.55,66.763
02/07/14,2087.94,67.129
03/07/14,2083.48,66.985
04/07/14,2087.82,67.125
07/07/14,2081.21,66.912
08/07/14,2078.65,66.830
09/07/14,2085.93,67.064
10/07/14,2112.83,67.929
11/07/14,2114.17,67.972
14/07/14,2065.91,66.421
15/07/14,2047.42,65.826
16/07/14,2052.86,66.001
17/07/14,2089.58,67.182
18/07/14,2062.34,66.306
21/07/14,2066.92,66.453
22/07/14,2071.45,66.599
23/07/14,2064.78,66.384
24/07/14,2014.58,64.770
25/07/14,2046.52,65.797
28/07/14,2032.23,65.338
29/07/14,2032.71,65.353
30/07/14,2036.05,65.460
31/07/14,2013.02,64.720
01/08/14,2009.90,64.620
04/08/14,1991.88,64.040
05/08/14,1955.50,62.871
06/08/14,1980.52,63.675
07/08/14,1975.27,63.506
08/08/14,1965.76,63.201
11/08/14,1978.68,63.616
12/08/14,1970.52,63.354
13/08/14,1965.22,63.183
14/08/14,1974.08,63.468
15/08/14,1953.51,62.807
18/08/14,1962.96,63.110
19/08/14,1951.29,62.735
20/08/14,1964.76,63.168
21/08/14,1958.92,62.981
22/08/14,1962.53,63.097
25/08/14,1963.12,63.116
26/08/14,1967.98,63.272
27/08/14,1972.09,63.404
28/08/14,1979.57,63.645
29/08/14,1982.10,63.726
01/09/14,1985.65,63.840
02/09/14,1953.88,62.819
03/09/14,1952.47,62.773
04/09/14,1973.38,63.446
05/09/14,1961.36,63.059
08/09/14,1942.94,62.467
09/09/14,1939.03,62.341
10/09/14,1941.71,62.428
11/09/14,1912.79,61.498
12/09/14,1904.85,61.242
15/09/14,1921.82,61.788
16/09/14,1919.39,61.710
17/09/14,1923.64,61.846
18/09/14,1898.26,61.030
19/09/14,1829.69,58.826
22/09/14,1821.28,58.555
23/09/14,1831.93,58.898
24/09/14,1825.26,58.683
25/09/14,1794.36,57.690
26/09/14,1820.74,58.538
29/09/14,1795.38,57.723
30/09/14,1737.39,55.858
01/10/14,1759.12,56.557
02/10/14,1754.94,56.422
03/10/14,1725.84,55.487
06/10/14,1763.85,56.709
07/10/14,1751.09,56.299
08/10/14,1770.99,56.939
09/10/14,1790.81,57.576
10/10/14,1793.10,57.650
13/10/14,1790.52,57.566
14/10/14,1787.85,57.481
15/10/14,1769.60,56.894
16/10/14,1779.20,57.203
17/10/14,1777.51,57.148
20/10/14,1789.84,57.545
21/10/14,1807.23,58.104
22/10/14,1766.82,56.805
23/10/14,1772.78,56.996
24/10/14,1773.41,57.016
26/10/14,1767.65,56.831
27/10/14,1759.75,56.577
28/10/14,1769.60,56.894
29/10/14,1775.12,57.072
30/10/14,1693.16,54.436
31/10/14,1668.93,53.657
03/11/14,1671.78,53.749
04/11/14,1641.31,52.769
05/11/14,1574.80,50.631
06/11/14,1598.64,51.397
07/11/14,1615.09,51.926
10/11/14,1592.80,51.210
11/11/14,1590.05,51.121
12/11/14,1599.50,51.425
13/11/14,1590.31,51.130
14/11/14,1657.86,53.301
17/11/14,1649.20,53.023
18/11/14,1647.84,52.979
19/11/14,1637.89,52.659
20/11/14,1653.32,53.156
21/11/14,1670.83,53.718
24/11/14,1671.53,53.741
25/11/14,1695.61,54.515
26/11/14,1674.85,53.848
27/11/14,1654.36,53.189
28/11/14,1572.37,50.553
01/12/14,1674.82,53.847
02/12/14,1680.87,54.041
03/12/14,1671.82,53.750
04/12/14,1671.65,53.745
05/12/14,1652.60,53.132
08/12/14,1660.75,53.394
09/12/14,1726.72,55.515
10/12/14,1708.80,54.939
11/12/14,1725.13,55.464
12/12/14,1714.88,55.135
15/12/14,1624.05,52.214
16/12/14,1579.16,50.771
17/12/14,1599.39,51.422
18/12/14,1594.93,51.278
19/12/14,1606.65,51.655
22/12/14,1575.45,50.652
23/12/14,1591.28,51.161
24/12/14,1584.00,50.927
25/12/14,1580.72,50.821
26/12/14,1619.08,52.055
29/12/14,1598.62,51.397
30/12/14,1637.80,52.657
31/12/14,1584.01,50.927
01/01/15,1585.04,50.960
02/01/15,1591.98,51.183
05/01/15,1632.70,52.493
06/01/15,1673.31,53.798
07/01/15,1668.89,53.656
08/01/15,1648.76,53.009
09/01/15,1660.68,53.392
12/01/15,1666.19,53.569
13/01/15,1717.83,55.229
14/01/15,1695.94,54.526
15/01/15,1704.56,54.803
16/01/15,1777.43,57.146
19/01/15,1780.57,57.247
20/01/15,1810.65,58.214
21/01/15,1821.27,58.555
22/01/15,1849.29,59.456
23/01/15,1847.60,59.402
26/01/15,1808.88,58.157
27/01/15,1822.15,58.584
28/01/15,1817.76,58.442
29/01/15,1709.89,54.974
30/01/15,1746.21,56.142
02/02/15,1744.97,56.102
03/02/15,1748.89,56.228
04/02/15,1759.97,56.584
05/02/15,1745.05,56.105
06/02/15,1692.96,54.430
09/02/15,1719.07,55.269
10/02/15,1709.54,54.963
11/02/15,1701.75,54.713
12/02/15,1710.16,54.983
13/02/15,1760.43,56.599
16/02/15,1766.60,56.798
17/02/15,1676.91,53.914
18/02/15,1673.31,53.798
19/02/15,1665.77,53.556
20/02/15,1651.20,53.087
23/02/15,1660.17,53.376
24/02/15,1659.80,53.364
25/02/15,1684.52,54.159
26/02/15,1690.17,54.340
27/02/15,1690.61,54.354
02/03/15,1674.49,53.836
03/03/15,1662.03,53.436
04/03/15,1654.04,53.179
05/03/15,1652.32,53.123
06/03/15,1622.45,52.163
08/03/15,1595.68,51.302
09/03/15,1602.96,51.536
10/03/15,1593.57,51.234
11/03/15,1576.68,50.692
12/03/15,1587.36,51.035
13/03/15,1593.25,51.224
16/03/15,1592.78,51.209
17/03/15,1582.77,50.887
18/03/15,1621.03,52.117
19/03/15,1647.58,52.971
20/03/15,1709.86,54.973
23/03/15,1733.77,55.742
24/03/15,1728.49,55.572
25/03/15,1731.43,55.667
26/03/15,1743.36,56.050
27/03/15,1727.80,55.550
29/03/15,1726.78,55.517
30/03/15,1705.65,54.838
31/03/15,1696.32,54.538
01/04/15,1729.65,55.610
02/04/15,1706.41,54.862
03/04/15,1745.12,56.107
06/04/15,1774.90,57.064
07/04/15,1718.47,55.250
08/04/15,1681.53,54.062
09/04/15,1667.90,53.624
10/04/15,1677.92,53.946
13/04/15,1660.68,53.392
14/04/15,1643.40,52.837
15/04/15,1664.66,53.520
16/04/15,1662.80,53.460
17/04/15,1653.06,53.147
20/04/15,1628.44,52.356
21/04/15,1629.43,52.387
22/04/15,1610.59,51.782
23/04/15,1617.41,52.001
24/04/15,1599.02,51.410
27/04/15,1671.56,53.742
28/04/15,1694.04,54.465
29/04/15,1691.12,54.371
30/04/15,1646.55,52.938
01/05/15,1643.16,52.829
04/05/15,1669.73,53.683
05/05/15,1687.47,54.253
06/05/15,1683.85,54.137
07/05/15,1667.80,53.621
08/05/15,1675.99,53.884
11/05/15,1663.07,53.469
12/05/15,1682.85,54.105
13/05/15,1745.31,56.113
14/05/15,1782.10,57.296
15/05/15,1782.77,57.317
18/05/15,1804.84,58.027
19/05/15,1741.56,55.993
20/05/15,1748.00,56.200
21/05/15,1747.24,56.175
22/05/15,1742.52,56.023
25/05/15,1748.34,56.210
26/05/15,1708.62,54.933
27/05/15,1703.70,54.775
28/05/15,1702.07,54.723
29/05/15,1707.90,54.910
01/06/15,1705.46,54.832
02/06/15,1709.69,54.968
03/06/15,1682.17,54.083
04/06/15,1646.31,52.930
05/06/15,1642.53,52.809
08/06/15,1627.09,52.312
09/06/15,1628.82,52.368
10/06/15,1634.85,52.562
11/06/15,1635.53,52.584
12/06/15,1626.17,52.283
15/06/15,1638.98,52.694
16/06/15,1632.89,52.499
17/06/15,1644.50,52.872
18/06/15,1649.73,53.040
19/06/15,1640.08,52.730
22/06/15,1648.24,52.992
23/06/15,1613.04,51.860
24/06/15,1620.41,52.097
25/06/15,1616.01,51.956
26/06/15,1607.33,51.677
29/06/15,1606.12,51.638
30/06/15,1605.50,51.618
01/07/15,1584.11,50.930
02/07/15,1600.37,51.453
03/07/15,1597.45,51.359
06/07/15,1604.51,51.586
07/07/15,1537.99,49.448
08/07/15,1538.17,49.453
09/07/15,1569.13,50.449
10/07/15,1586.83,51.018
13/07/15,1580.25,50.806
14/07/15,1566.78,50.373
15/07/15,1540.93,49.542
16/07/15,1529.82,49.185
17/07/15,1513.62,48.664
20/07/15,1499.20,48.200
21/07/15,1514.35,48.687
22/07/15,1511.12,48.583
23/07/15,1495.94,48.096
24/07/15,1495.39,48.078
27/07/15,1483.98,47.711
28/07/15,1496.11,48.101
29/07/15,1510.96,48.578
30/07/15,1501.60,48.277
31/07/15,1506.13,48.423
03/08/15,1478.54,47.536
04/08/15,1485.69,47.766
05/08/15,1487.64,47.829
06/08/15,1478.38,47.531
07/08/15,1508.89,48.512
10/08/15,1550.56,49.852
11/08/15,1563.79,50.277
12/08/15,1584.92,50.956
13/08/15,1571.94,50.539
14/08/15,1554.00,49.962
17/08/15,1564.84,50.311
18/08/15,1522.02,48.934
19/08/15,1549.11,49.805
20/08/15,1579.23,50.773
21/08/15,1564.83,50.310
24/08/15,1516.02,48.741
25/08/15,1529.30,49.168
26/08/15,1483.96,47.710
27/08/15,1512.55,48.630
28/08/15,1519.77,48.862
31/08/15,1523.67,48.987
01/09/15,1514.86,48.704
02/09/15,1545.74,49.697
03/09/15,1548.28,49.778
04/09/15,1521.17,48.907
07/09/15,1510.77,48.572
08/09/15,1523.10,48.969
09/09/15,1523.80,48.991
10/09/15,1537.31,49.426
11/09/15,1528.53,49.143
14/09/15,1508.28,48.492
15/09/15,1522.84,48.960
16/09/15,1557.57,50.077
17/09/15,1592.19,51.190
18/09/15,1584.73,50.950
21/09/15,1586.50,51.007
22/09/15,1543.08,49.611
23/09/15,1545.49,49.689
24/09/15,1585.66,50.980
25/09/15,1576.13,50.674
28/09/15,1524.62,49.018
29/09/15,1529.82,49.185
30/09/15,1518.72,48.828
01/10/15,1514.94,48.706
02/10/15,1594.91,51.277
05/10/15,1634.10,52.538
06/10/15,1662.83,53.461
07/10/15,1682.63,54.098
08/10/15,1639.07,52.697
09/10/15,1654.36,53.189
12/10/15,1655.85,53.237
13/10/15,1664.52,53.516
14/10/15,1685.99,54.206
15/10/15,1684.15,54.147
16/10/15,1682.92,54.107
19/10/15,1655.34,53.221
20/10/15,1661.03,53.403
21/10/15,1642.03,52.792
22/10/15,1656.75,53.266
23/10/15,1653.12,53.149
26/10/15,1656.37,53.253
27/10/15,1669.93,53.690
28/10/15,1678.64,53.969
29/10/15,1641.54,52.777
30/10/15,1641.05,52.761
02/11/15,1626.53,52.294
03/11/15,1611.71,51.818
04/11/15,1587.24,51.031
05/11/15,1578.57,50.752
06/11/15,1558.33,50.102
09/11/15,1541.50,49.560
10/11/15,1521.27,48.910
11/11/15,1504.86,48.382
12/11/15,1506.99,48.451
13/11/15,1503.64,48.343
16/11/15,1501.63,48.279
17/11/15,1498.07,48.164
18/11/15,1496.36,48.109
19/11/15,1501.28,48.267
20/11/15,1474.79,47.416
23/11/15,1490.12,47.909
24/11/15,1497.26,48.138
25/11/15,1492.97,48.000
26/11/15,1506.77,48.444
27/11/15,1486.78,47.801
30/11/15,1485.90,47.773
01/12/15,1491.91,47.966
02/12/15,1476.93,47.484
03/12/15,1437.49,46.217
04/12/15,1533.42,49.300
07/12/15,1490.19,47.911
08/12/15,1465.67,47.122
09/12/15,1469.73,47.253
10/12/15,1467.76,47.190
11/12/15,1451.45,46.665
14/12/15,1429.11,45.947
15/12/15,1443.07,46.396
16/12/15,1486.04,47.777
17/12/15,1439.51,46.281
18/12/15,1476.23,47.462
21/12/15,1488.75,47.865
22/12/15,1496.79,48.123
23/12/15,1502.47,48.306
24/12/15,1507.17,48.457
25/12/15,1505.47,48.402
28/12/15,1467.27,47.174
29/12/15,1469.25,47.237
30/12/15,1456.07,46.814
31/12/15,1453.83,46.742
01/01/16,1447.51,46.538
04/01/16,1453.16,46.720
05/01/16,1465.46,47.116
06/01/16,1469.76,47.254
07/01/16,1496.45,48.112
08/01/16,1462.50,47.021
11/01/16,1460.05,46.942
12/01/16,1447.53,46.539
13/01/16,1478.67,47.540
14/01/16,1461.23,46.980
15/01/16,1460.76,46.964
18/01/16,1462.98,47.036
19/01/16,1464.36,47.080
20/01/16,1485.33,47.754
21/01/16,1480.78,47.608
22/01/16,1473.17,47.363
25/01/16,1515.98,48.740
26/01/16,1521.76,48.926
27/01/16,1517.87,48.801
28/01/16,1490.78,47.930
29/01/16,1497.06,48.132
01/02/16,1507.66,48.472
02/02/16,1500.33,48.237
03/02/16,1541.12,49.548
04/02/16,1554.07,49.964
05/02/16,1562.64,50.240
08/02/16,1597.49,51.360
09/02/16,1595.92,51.310
10/02/16,1597.50,51.361
11/02/16,1646.65,52.941
12/02/16,1646.68,52.942
15/02/16,1608.96,51.729
16/02/16,1594.19,51.255
17/02/16,1601.75,51.497
18/02/16,1613.10,51.862
19/02/16,1604.62,51.590
22/02/16,1592.09,51.187
23/02/16,1602.94,51.536
24/02/16,1584.98,50.958
25/02/16,1586.90,51.020
26/02/16,1536.15,49.388
29/02/16,1560.71,50.178
01/03/16,1555.29,50.004
02/03/16,1565.54,50.333
03/03/16,1597.14,51.349
04/03/16,1624.44,52.227
07/03/16,1627.92,52.339
08/03/16,1607.38,51.679
09/03/16,1599.05,51.411
10/03/16,1604.37,51.582
11/03/16,1622.37,52.160
13/03/16,1612.96,51.858
14/03/16,1610.77,51.787
15/03/16,1599.69,51.431
16/03/16,1613.41,51.872
17/03/16,1669.40,53.672
18/03/16,1654.67,53.199
21/03/16,1659.24,53.346
22/03/16,1664.01,53.499
23/03/16,1597.30,51.354
24/03/16,1590.77,51.145
25/03/16,1588.68,51.077
28/03/16,1597.47,51.360
29/03/16,1608.13,51.702
30/03/16,1593.40,51.229
31/03/16,1619.96,52.083
01/04/16,1576.32,50.680
04/04/16,1561.56,50.205
05/04/16,1584.54,50.944
06/04/16,1578.78,50.759
07/04/16,1596.01,51.313
08/04/16,1607.24,51.674
11/04/16,1669.89,53.688
12/04/16,1699.09,54.627
13/04/16,1698.73,54.615
14/04/16,1694.61,54.483
15/04/16,1699.86,54.652
18/04/16,1702.01,54.721
19/04/16,1775.56,57.086
20/04/16,1780.88,57.257
21/04/16,1780.92,57.258
22/04/16,1776.46,57.115
25/04/16,1781.16,57.266
26/04/16,1799.36,57.851
27/04/16,1804.25,58.008
28/04/16,1841.13,59.194
29/04/16,1870.59,60.141
02/05/16,1830.27,58.845
03/05/16,1839.73,59.149
04/05/16,1817.24,58.426
05/05/16,1816.02,58.386
06/05/16,1829.03,58.805
09/05/16,1783.35,57.336
10/05/16,1792.20,57.620
11/05/16,1823.02,58.611
12/05/16,1776.96,57.131
13/05/16,1790.65,57.571
16/05/16,1794.88,57.707
17/05/16,1806.25,58.072
18/05/16,1768.41,56.856
19/05/16,1727.21,55.531
20/05/16,1732.57,55.703
23/05/16,1716.63,55.191
24/05/16,1699.55,54.642
25/05/16,1707.92,54.911
26/05/16,1710.03,54.979
27/05/16,1700.83,54.683
30/05/16,1677.35,53.928
31/05/16,1676.14,53.889
01/06/16,1671.97,53.755
02/06/16,1673.99,53.820
03/06/16,1716.67,55.192
06/06/16,1724.08,55.431
07/06/16,1714.74,55.130
08/06/16,1780.81,57.255
09/06/16,1805.12,58.036
10/06/16,1805.10,58.035
13/06/16,1820.80,58.540
14/06/16,1820.67,58.536
15/06/16,1832.40,58.913
16/06/16,1788.77,57.510
17/06/16,1830.74,58.860
20/06/16,1832.94,58.930
21/06/16,1808.96,58.160
22/06/16,1806.53,58.081
23/06/16,1811.29,58.234
24/06/16,1858.03,59.737
27/06/16,1859.08,59.771
28/06/16,1860.00,59.800
29/06/16,1915.85,61.596
30/06/16,1959.13,62.988
01/07/16,2069.53,66.537
04/07/16,2129.76,68.474
05/07/16,2087.97,67.130
06/07/16,2093.14,67.296
07/07/16,2061.93,66.292
08/07/16,2123.04,68.257
11/07/16,2126.90,68.381
12/07/16,2113.13,67.939
13/07/16,2134.15,68.615
14/07/16,2127.51,68.401
15/07/16,2120.78,68.185
18/07/16,2100.63,67.537
19/07/16,2087.13,67.103
20/07/16,2034.59,65.414
21/07/16,2081.74,66.929
22/07/16,2057.06,66.136
25/07/16,2049.93,65.907
26/07/16,2058.76,66.191
27/07/16,2134.62,68.630
28/07/16,2114.20,67.973
29/07/16,2132.33,68.556
01/08/16,2143.54,68.916
02/08/16,2161.72,69.501
03/08/16,2135.46,68.657
04/08/16,2127.99,68.417
05/08/16,2061.36,66.274
08/08/16,2065.56,66.409
09/08/16,2075.69,66.735
10/08/16,2101.48,67.564
11/08/16,2087.36,67.110
12/08/16,2062.73,66.318
15/08/16,2074.06,66.683
16/08/16,2072.50,66.632
17/08/16,2062.58,66.313
18/08/16,2066.29,66.433
19/08/16,2021.40,64.990
22/08/16,1981.20,63.697
23/08/16,1972.56,63.419
24/08/16,1943.39,62.481
25/08/16,1942.18,62.443
26/08/16,1953.87,62.818
29/08/16,1978.37,63.606
30/08/16,1950.31,62.704
31/08/16,1953.76,62.815
01/09/16,1976.43,63.544
02/09/16,2029.74,65.258
05/09/16,2037.10,65.494
06/09/16,2096.69,67.410
07/09/16,2066.86,66.451
08/09/16,2047.02,65.813
09/09/16,1988.79,63.941
12/09/16,1992.16,64.050
13/09/16,1968.18,63.279
14/09/16,1978.91,63.624
15/09/16,1985.65,63.840
16/09/16,1964.57,63.162
19/09/16,2002.35,64.377
20/09/16,2018.05,64.882
21/09/16,2079.34,66.852
22/09/16,2083.10,66.973
23/09/16,2062.65,66.316
26/09/16,2037.11,65.495
27/09/16,2005.66,64.484
28/09/16,2008.42,64.572
29/09/16,2001.09,64.337
30/09/16,2001.60,64.353
03/10/16,1967.92,63.270
04/10/16,1860.72,59.824
05/10/16,1853.37,59.587
06/10/16,1809.29,58.170
07/10/16,1836.94,59.059
10/10/16,1845.33,59.329
11/10/16,1827.39,58.752
12/10/16,1828.86,58.799
13/10/16,1832.25,58.908
14/10/16,1822.78,58.604
17/10/16,1829.79,58.829
18/10/16,1845.49,59.334
19/10/16,1850.59,59.498
20/10/16,1838.17,59.099
21/10/16,1835.96,59.027
24/10/16,1843.96,59.285
25/10/16,1867.48,60.041
26/10/16,1845.57,59.336
27/10/16,1847.11,59.386
28/10/16,1861.25,59.841
31/10/16,1877.22,60.354
01/11/16,1923.01,61.826
02/11/16,1937.40,62.289
03/11/16,1923.30,61.835
04/11/16,1926.88,61.951
07/11/16,1905.07,61.249
08/11/16,1922.42,61.807
09/11/16,1933.94,62.178
10/11/16,1946.74,62.589
11/11/16,1815.41,58.367
14/11/16,1774.95,57.066
15/11/16,1790.14,57.554
16/11/16,1778.85,57.191
17/11/16,1748.11,56.203
18/11/16,1738.63,55.898
21/11/16,1737.81,55.872
22/11/16,1745.38,56.115
23/11/16,1717.25,55.211
24/11/16,1708.60,54.933
25/11/16,1736.61,55.833
28/11/16,1742.97,56.038
29/11/16,1743.15,56.044
30/11/16,1730.58,55.639
01/12/16,1732.02,55.686
02/12/16,1755.62,56.444
05/12/16,1755.56,56.442
06/12/16,1750.76,56.288
07/12/16,1794.45,57.693
08/12/16,1779.88,57.225
09/12/16,1766.34,56.789
11/12/16,1767.07,56.813
12/12/16,1790.11,57.553
13/12/16,1772.34,56.982
14/12/16,1764.93,56.744
15/12/16,1675.02,53.853
16/12/16,1687.93,54.268
19/12/16,1673.97,53.819
20/12/16,1687.95,54.269
21/12/16,1668.69,53.649
22/12/16,1655.60,53.229
23/12/16,1654.61,53.197
26/12/16,1650.50,53.065
27/12/16,1673.98,53.820
28/12/16,1685.42,54.187
29/12/16,1694.08,54.466
30/12/16,1663.66,53.488
02/01/17,1669.48,53.675
03/01/17,1705.93,54.847
04/01/17,1718.27,55.244
05/01/17,1722.06,55.366
06/01/17,1728.67,55.578
09/01/17,1728.37,55.568
10/01/17,1757.62,56.509
11/01/17,1747.06,56.169
12/01/17,1766.06,56.780
13/01/17,1762.00,56.650
16/01/17,1761.60,56.637
17/01/17,1797.69,57.797
18/01/17,1787.52,57.470
19/01/17,1781.77,57.285
20/01/17,1781.45,57.275
23/01/17,1796.01,57.743
24/01/17,1791.40,57.595
25/01/17,1781.19,57.267
26/01/17,1767.85,56.838
27/01/17,1797.37,57.787
30/01/17,1791.64,57.602
31/01/17,1832.49,58.916
01/02/17,1840.18,59.163
02/02/17,1828.41,58.785
03/02/17,1833.14,58.937
06/02/17,1856.43,59.686
07/02/17,1852.73,59.567
08/02/17,1852.70,59.566
09/02/17,1853.55,59.593
10/02/17,1880.95,60.474
13/02/17,1880.05,60.445
14/02/17,1890.04,60.766
15/02/17,1877.24,60.355
16/02/17,1887.54,60.686
17/02/17,1885.85,60.631
20/02/17,1894.14,60.898
21/02/17,1884.94,60.602
22/02/17,1879.39,60.424
23/02/17,1906.26,61.288
24/02/17,1942.92,62.466
27/02/17,1918.03,61.666
28/02/17,1918.26,61.673
01/03/17,1925.38,61.902
02/03/17,1871.08,60.157
03/03/17,1882.73,60.531
06/03/17,1862.12,59.869
07/03/17,1836.11,59.032
08/03/17,1807.40,58.109
09/03/17,1771.77,56.964
10/03/17,1773.65,57.024
13/03/17,1775.15,57.072
14/03/17,1773.90,57.032
15/03/17,1798.15,57.812
16/03/17,1807.64,58.117
17/03/17,1824.04,58.644
20/03/17,1831.26,58.876
21/03/17,1837.67,59.082
22/03/17,1835.46,59.012
23/03/17,1843.06,59.256
24/03/17,1863.56,59.915
27/03/17,1892.39,60.842
28/03/17,1902.50,61.167
29/03/17,1909.30,61.385
30/03/17,1909.58,61.394
31/03/17,1914.09,61.539
03/04/17,1916.04,61.602
04/04/17,1916.39,61.613
05/04/17,1921.96,61.793
06/04/17,1915.60,61.588
07/04/17,1887.06,60.671
10/04/17,1884.10,60.575
11/04/17,1924.34,61.869
12/04/17,1940.91,62.402
13/04/17,1942.17,62.442
14/04/17,1948.19,62.636
17/04/17,1925.73,61.914
18/04/17,1907.55,61.329
19/04/17,1910.84,61.435
20/04/17,1894.95,60.924
21/04/17,1875.69,60.305
24/04/17,1882.93,60.538
25/04/17,1839.70,59.148
26/04/17,1825.14,58.680
27/04/17,1817.14,58.423
28/04/17,1810.43,58.207
01/05/17,1777.39,57.144
02/05/17,1766.89,56.807
03/05/17,1730.79,55.646
04/05/17,1708.34,54.925
05/05/17,1712.13,55.046
08/05/17,1711.82,55.036
09/05/17,1702.26,54.729
10/05/17,1696.42,54.541
11/05/17,1712.52,55.059
12/05/17,1716.86,55.198
15/05/17,1746.61,56.155
16/05/17,1768.92,56.872
17/05/17,1765.38,56.758
18/05/17,1752.77,56.353
19/05/17,1760.76,56.610
22/05/17,1801.31,57.913
23/05/17,1798.92,57.837
24/05/17,1797.79,57.800
25/05/17,1798.98,57.839
26/05/17,1821.05,58.548
29/05/17,1826.43,58.721
30/05/17,1819.84,58.509
31/05/17,1814.56,58.340
01/06/17,1807.59,58.115
02/06/17,1828.90,58.800
05/06/17,1834.96,58.995
06/06/17,1851.90,59.540
07/06/17,1831.88,58.896
08/06/17,1834.83,58.991
09/06/17,1801.86,57.931
12/06/17,1776.38,57.112
13/06/17,1766.98,56.810
14/06/17,1778.61,57.184
15/06/17,1757.12,56.493
16/06/17,1749.01,56.232
19/06/17,1738.39,55.891
20/06/17,1735.24,55.789
21/06/17,1730.56,55.639
22/06/17,1742.92,56.036
23/06/17,1748.18,56.205
26/06/17,1738.01,55.878
27/06/17,1739.43,55.924
28/06/17,1760.18,56.591
29/06/17,1740.08,55.945
30/06/17,1739.19,55.916
03/07/17,1698.42,54.605
04/07/17,1694.86,54.491
05/07/17,1685.25,54.182
06/07/17,1680.44,54.027
07/07/17,1652.31,53.123
10/07/17,1650.42,53.062
11/07/17,1669.89,53.688
12/07/17,1679.71,54.004
13/07/17,1650.17,53.054
14/07/17,1677.58,53.935
17/07/17,1692.91,54.428
18/07/17,1715.26,55.147
19/07/17,1715.54,55.156
20/07/17,1699.38,54.636
21/07/17,1736.79,55.839
24/07/17,1734.44,55.763
25/07/17,1730.46,55.636
26/07/17,1737.16,55.851
27/07/17,1751.85,56.323
28/07/17,1758.71,56.544
31/07/17,1755.02,56.425
01/08/17,1757.97,56.520
02/08/17,1742.65,56.028
03/08/17,1752.35,56.339
04/08/17,1713.94,55.104
07/08/17,1714.61,55.126
08/08/17,1745.61,56.123
09/08/17,1779.05,57.198
10/08/17,1796.99,57.775
11/08/17,1790.66,57.571
14/08/17,1790.37,57.562
15/08/17,1759.20,56.560
16/08/17,1791.01,57.582
17/08/17,1792.44,57.628
18/08/17,1790.05,57.551
21/08/17,1786.38,57.433
22/08/17,1785.19,57.395
23/08/17,1791.08,57.585
24/08/17,1785.60,57.408
25/08/17,1781.50,57.276
28/08/17,1837.17,59.066
29/08/17,1838.20,59.100
30/08/17,1838.56,59.111
31/08/17,1839.11,59.129
01/09/17,1873.98,60.250
04/09/17,1876.02,60.315
05/09/17,1889.29,60.742
06/09/17,1878.91,60.408
07/09/17,1904.19,61.221
08/09/17,1899.25,61.062
11/09/17,1882.73,60.531
12/09/17,1878.19,60.385
13/09/17,1886.59,60.655
14/09/17,1878.80,60.405
15/09/17,1853.55,59.593
18/09/17,1814.39,58.334
19/09/17,1823.67,58.632
20/09/17,1804.56,58.018
21/09/17,1785.76,57.414
22/09/17,1793.29,57.655
25/09/17,1804.71,58.023
26/09/17,1771.94,56.969
27/09/17,1768.67,56.864
28/09/17,1776.73,57.123
29/09/17,1764.55,56.732
02/10/17,1750.88,56.292
03/10/17,1756.98,56.488
04/10/17,1750.88,56.292
05/10/17,1756.22,56.464
06/10/17,1766.44,56.792
09/10/17,1786.56,57.439
10/10/17,1801.62,57.923
11/10/17,1803.15,57.972
12/10/17,1816.08,58.388
13/10/17,1834.68,58.986
16/10/17,1814.68,58.343
17/10/17,1796.24,57.751
18/10/17,1782.95,57.323
19/10/17,1814.53,58.338
20/10/17,1795.69,57.733
23/10/17,1801.60,57.923
24/10/17,1781.31,57.270
25/10/17,1783.07,57.327
26/10/17,1768.22,56.850
27/10/17,1778.29,57.173
30/10/17,1775.95,57.098
31/10/17,1757.48,56.504
01/11/17,1806.82,58.091
02/11/17,1803.56,57.986
03/11/17,1780.22,57.236
06/11/17,1808.29,58.138
07/11/17,1787.17,57.459
08/11/17,1793.65,57.667
09/11/17,1788.52,57.502
10/11/17,1773.55,57.021
13/11/17,1794.11,57.682
14/11/17,1782.04,57.294
15/11/17,1791.86,57.610
16/11/17,1799.25,57.847
17/11/17,1823.51,58.627
20/11/17,1792.51,57.630
21/11/17,1787.05,57.455
22/11/17,1791.12,57.586
23/11/17,1800.57,57.890
24/11/17,1793.17,57.652
27/11/17,1804.99,58.032
28/11/17,1785.05,57.391
29/11/17,1746.53,56.152
30/11/17,1732.49,55.701
01/12/17,1734.02,55.750
04/12/17,1722.92,55.393
05/12/17,1705.44,54.831
06/12/17,1686.92,54.236
07/12/17,1659.33,53.349
08/12/17,1678.09,53.952
11/12/17,1693.61,54.451
12/12/17,1713.68,55.096
13/12/17,1743.19,56.045
14/12/17,1754.31,56.402
15/12/17,1770.62,56.927
18/12/17,1774.02,57.036
19/12/17,1780.72,57.251
20/12/17,1790.49,57.566
21/12/17,1786.71,57.444
22/12/17,1811.79,58.250
25/12/17,1804.06,58.002
26/12/17,1830.60,58.855
27/12/17,1846.03,59.351
28/12/17,1864.02,59.930
29/12/17,1872.05,60.188
01/01/18,1878.83,60.406
02/01/18,1904.91,61.244
03/01/18,1894.40,60.906
04/01/18,1901.22,61.126
05/01/18,1910.62,61.428
08/01/18,1895.96,60.956
09/01/18,1873.90,60.247
10/01/18,1880.60,60.463
11/01/18,1883.99,60.572
12/01/18,1905.72,61.270
15/01/18,1921.96,61.792
16/01/18,1899.86,61.082
17/01/18,1889.40,60.746
18/01/18,1879.78,60.436
19/01/18,1882.22,60.515
22/01/18,1884.57,60.590
23/01/18,1889.31,60.743
24/01/18,1936.80,62.270
25/01/18,1916.31,61.611
26/01/18,1924.95,61.889
29/01/18,1899.30,61.064
30/01/18,1897.15,60.995
31/01/18,1919.92,61.727
01/02/18,1903.52,61.200
02/02/18,1835.68,59.018
05/02/18,1855.25,59.648
06/02/18,1846.06,59.352
07/02/18,1818.22,58.457
08/02/18,1819.26,58.490
09/02/18,1810.98,58.224
12/02/18,1833.46,58.947
13/02/18,1837.08,59.063
14/02/18,1871.32,60.164
15/02/18,1866.35,60.005
16/02/18,1840.98,59.189
19/02/18,1843.79,59.279
20/02/18,1821.91,58.576
21/02/18,1829.81,58.830
22/02/18,1836.88,59.057
23/02/18,1828.47,58.787
26/02/18,1839.66,59.146
27/02/18,1818.28,58.459
28/02/18,1816.15,58.391
01/03/18,1823.08,58.613
02/03/18,1825.55,58.693
05/03/18,1819.08,58.485
06/03/18,1857.82,59.730
07/03/18,1825.92,58.705
08/03/18,1825.24,58.683
09/03/18,1838.20,59.099
12/03/18,1833.02,58.933
13/03/18,1832.75,58.924
14/03/18,1833.03,58.933
15/03/18,1814.96,58.352
16/03/18,1805.95,58.063
19/03/18,1805.45,58.046
20/03/18,1790.61,57.569
21/03/18,1905.69,61.269
22/03/18,1904.02,61.216
23/03/18,1913.49,61.520
26/03/18,1930.32,62.061
27/03/18,1912.54,61.490
28/03/18,1886.65,60.657
29/03/18,1890.95,60.795
30/03/18,1893.53,60.878
02/04/18,1920.22,61.737
03/04/18,1900.09,61.089
04/04/18,1887.89,60.697
05/04/18,1901.17,61.124
06/04/18,1891.64,60.818
09/04/18,1903.11,61.186
10/04/18,1917.21,61.640
11/04/18,1927.75,61.979
12/04/18,1906.95,61.310
13/04/18,1925.41,61.903
16/04/18,1933.58,62.166
17/04/18,1937.19,62.282
18/04/18,1989.95,63.978
19/04/18,1994.47,64.124
20/04/18,1978.78,63.619
23/04/18,1926.70,61.945
24/04/18,1937.50,62.292
25/04/18,1918.63,61.685
26/04/18,1915.24,61.576
27/04/18,1910.62,61.428
30/04/18,1890.09,60.768
01/05/18,1876.29,60.324
02/05/18,1896.01,60.958
03/05/18,1902.41,61.164
04/05/18,1912.93,61.502
07/05/18,1909.38,61.388
08/05/18,1909.56,61.394
09/05/18,1907.40,61.324
10/05/18,1934.34,62.190
11/05/18,1925.39,61.903
14/05/18,1912.38,61.484
15/05/18,1884.68,60.594
16/05/18,1895.04,60.927
17/05/18,1902.42,61.164
18/05/18,1904.45,61.229
21/05/18,1909.44,61.390
22/05/18,1925.31,61.900
23/05/18,1904.51,61.231
24/05/18,1927.22,61.961
25/05/18,1907.04,61.313
28/05/18,1909.20,61.382
29/05/18,1899.67,61.076
30/05/18,1909.91,61.405
31/05/18,1902.31,61.161
01/06/18,1896.17,60.963
04/06/18,1901.70,61.141
05/06/18,1907.57,61.330
06/06/18,1930.60,62.070
07/06/18,1936.33,62.254
08/06/18,1941.54,62.422
11/06/18,1957.22,62.926
12/06/18,1947.92,62.627
13/06/18,2009.76,64.615
14/06/18,2012.15,64.692
15/06/18,1984.87,63.815
18/06/18,1981.00,63.691
19/06/18,1978.86,63.622
20/06/18,1983.25,63.763
21/06/18,1986.48,63.867
22/06/18,2000.67,64.323
25/06/18,1984.63,63.807
26/06/18,1981.09,63.693
27/06/18,1956.95,62.917
28/06/18,1949.97,62.693
29/06/18,1959.32,62.994
02/07/18,1930.04,62.052
03/07/18,1951.95,62.757
04/07/18,1958.67,62.973
05/07/18,1952.35,62.769
06/07/18,1949.84,62.689
09/07/18,1958.96,62.982
10/07/18,1948.75,62.654
11/07/18,1922.31,61.804
12/07/18,1938.10,62.311
13/07/18,1921.93,61.791
16/07/18,1919.79,61.723
17/07/18,1983.95,63.786
18/07/18,1986.82,63.878
19/07/18,1975.20,63.504
20/07/18,1993.53,64.093
23/07/18,1987.73,63.907
24/07/18,2000.48,64.317
25/07/18,2017.15,64.853
26/07/18,1988.64,63.936
27/07/18,1999.61,64.289
30/07/18,1885.03,60.605
31/07/18,1916.70,61.623
01/08/18,1902.70,61.173
02/08/18,1886.83,60.663
03/08/18,1913.66,61.526
06/08/18,1901.70,61.141
07/08/18,1901.63,61.139
08/08/18,1904.83,61.242
09/08/18,1904.73,61.238
10/08/18,1898.15,61.027
13/08/18,1856.37,59.684
14/08/18,1865.64,59.982
15/08/18,1823.84,58.638
16/08/18,1812.47,58.272
17/08/18,1830.49,58.852
20/08/18,1818.65,58.471
21/08/18,1815.18,58.359
22/08/18,1808.38,58.141
23/08/18,1785.95,57.420
24/08/18,1808.90,58.157
27/08/18,1833.29,58.942
28/08/18,1816.10,58.389
29/08/18,1817.73,58.441
30/08/18,1791.24,57.590
31/08/18,1787.90,57.482
03/09/18,1784.03,57.358
04/09/18,1745.59,56.122
05/09/18,1749.13,56.236
06/09/18,1745.81,56.129
07/09/18,1746.27,56.144
10/09/18,1747.27,56.176
11/09/18,1740.18,55.948
12/09/18,1754.41,56.406
13/09/18,1752.75,56.352
14/09/18,1742.03,56.008
17/09/18,1742.15,56.011
18/09/18,1747.86,56.195
19/09/18,1758.04,56.522
20/09/18,1769.20,56.881
21/09/18,1769.44,56.889
24/09/18,1759.68,56.575
25/09/18,1790.91,57.579
26/09/18,1775.36,57.079
28/09/18,1810.99,58.225
01/10/18,1786.27,57.430
02/10/18,1818.91,58.479
03/10/18,1807.59,58.116
04/10/18,1802.06,57.937
05/10/18,1808.42,58.142
08/10/18,1774.13,57.040
09/10/18,1770.72,56.930
10/10/18,1834.39,58.977
11/10/18,1922.51,61.810
12/10/18,1945.78,62.558
15/10/18,1940.25,62.380
16/10/18,1936.17,62.249
17/10/18,1940.70,62.395
18/10/18,1938.08,62.311
19/10/18,1951.57,62.744
22/10/18,1936.24,62.251
23/10/18,1972.35,63.412
24/10/18,1962.31,63.090
25/10/18,1933.18,62.153
26/10/18,1963.93,63.142
29/10/18,1925.46,61.905
30/10/18,1917.46,61.648
31/10/18,1907.10,61.315
01/11/18,1965.86,63.204
02/11/18,1965.78,63.201
05/11/18,1957.40,62.932
06/11/18,1943.73,62.492
07/11/18,1947.40,62.610
08/11/18,1922.91,61.823
09/11/18,1896.70,60.980
12/11/18,1882.27,60.516
13/11/18,1865.32,59.971
14/11/18,1898.63,61.042
15/11/18,1915.27,61.577
16/11/18,1930.60,62.070
19/11/18,1935.02,62.212
20/11/18,1925.13,61.894
21/11/18,1946.80,62.591
22/11/18,1950.46,62.709
23/11/18,1920.94,61.760
26/11/18,1915.93,61.599
27/11/18,1906.02,61.280
28/11/18,1926.18,61.928
29/11/18,1921.35,61.773
30/11/18,1902.48,61.166
03/12/18,2000.20,64.308
04/12/18,2000.22,64.309
05/12/18,2008.56,64.577
06/12/18,2006.04,64.496
07/12/18,2029.50,65.250
10/12/18,2019.87,64.940
11/12/18,2032.33,65.341
12/12/18,2050.08,65.912
13/12/18,2057.18,66.140
14/12/18,2025.64,65.126
17/12/18,2046.99,65.812
18/12/18,2045.28,65.757
19/12/18,2041.53,65.637
20/12/18,2053.72,66.029
21/12/18,2035.00,65.427
24/12/18,2063.29,66.336
25/12/18,2056.82,66.128
26/12/18,2102.81,67.607
27/12/18,2121.86,68.220
28/12/18,2139.95,68.801
31/12/18,2166.58,69.657
02/01/19,2161.85,69.505
03/01/19,2189.48,70.393
04/01/19,2181.88,70.149
07/01/19,2177.55,70.010
08/01/19,2184.67,70.239
09/01/19,2203.64,70.849
10/01/19,2178.38,70.036
11/01/19,2181.07,70.123
14/01/19,2192.57,70.493
15/01/19,2167.08,69.673
16/01/19,2178.12,70.028
17/01/19,2169.42,69.748
18/01/19,2134.83,68.636
21/01/19,2136.36,68.685
22/01/19,2145.23,68.971
23/01/19,2145.21,68.970
24/01/19,2139.01,68.771
25/01/19,2191.01,70.443
28/01/19,2192.44,70.489
29/01/19,2210.55,71.071
30/01/19,2239.46,72.000
31/01/19,2243.99,72.146
01/02/19,2201.84,70.791
04/02/19,2210.69,71.075
05/02/19,2201.05,70.765
06/02/19,2181.10,70.124
07/02/19,2192.82,70.501
08/02/19,2197.13,70.640
11/02/19,2191.35,70.453
12/02/19,2192.07,70.477
13/02/19,2180.44,70.103
14/02/19,2180.45,70.103
15/02/19,2196.41,70.616
18/02/19,2207.02,70.957
19/02/19,2222.59,71.458
20/02/19,2236.98,71.921
21/02/19,2211.77,71.110
22/02/19,2224.43,71.517
25/02/19,2216.39,71.258
26/02/19,2221.05,71.408
27/02/19,2194.98,70.570
28/02/19,2180.57,70.107
01/03/19,2108.56,67.792
04/03/19,2106.82,67.736
05/03/19,2107.30,67.751
06/03/19,2098.26,67.461
07/03/19,2101.39,67.561
08/03/19,2143.83,68.926
11/03/19,2136.04,68.675
12/03/19,2158.77,69.406
13/03/19,2152.39,69.201
14/03/19,2124.05,68.290
15/03/19,2129.62,68.469
18/03/19,2153.17,69.226
19/03/19,2149.90,69.121
20/03/19,2173.03,69.864
21/03/19,2162.87,69.538
22/03/19,2155.92,69.314
25/03/19,2178.00,70.024
26/03/19,2170.15,69.772
27/03/19,2148.03,69.061
28/03/19,2114.12,67.970
29/03/19,2131.88,68.542
01/04/19,2126.70,68.375
02/04/19,2121.27,68.201
03/04/19,2145.73,68.987
04/04/19,2143.54,68.916
05/04/19,2136.38,68.686
08/04/19,2159.54,69.431
09/04/19,2155.09,69.288
10/04/19,2157.70,69.372
11/04/19,2125.60,68.340
12/04/19,2117.35,68.074
15/04/19,2129.32,68.459
16/04/19,2126.10,68.356
17/04/19,2123.33,68.267
18/04/19,2124.04,68.289
19/04/19,2124.70,68.311
22/04/19,2127.32,68.395
23/04/19,2100.00,67.517
24/04/19,2114.23,67.974
25/04/19,2118.31,68.105
26/04/19,2134.13,68.614
29/04/19,2113.19,67.941
30/04/19,2117.14,68.068
01/05/19,2080.89,66.902
02/05/19,2069.28,66.529
03/05/19,2112.55,67.920
06/05/19,2112.23,67.910
07/05/19,2109.73,67.829
08/05/19,2102.07,67.583
09/05/19,2090.34,67.206
10/05/19,2092.93,67.289
13/05/19,2094.52,67.341
14/05/19,2097.25,67.428
15/05/19,2097.60,67.439
16/05/19,2058.63,66.186
17/05/19,2074.54,66.698
20/05/19,2140.48,68.818
21/05/19,2180.91,70.118
22/05/19,2201.14,70.768
23/05/19,2219.42,71.356
24/05/19,2214.41,71.195
27/05/19,2201.85,70.791
28/05/19,2167.53,69.688
29/05/19,2162.54,69.527
30/05/19,2194.94,70.569
31/05/19,2141.22,68.842
03/06/19,2170.29,69.777
04/06/19,2185.70,70.272
05/06/19,2181.32,70.131
06/06/19,2194.37,70.551
07/06/19,2245.19,72.185
10/06/19,2217.50,71.294
11/06/19,2234.16,71.830
12/06/19,2239.46,72.000
13/06/19,2269.77,72.975
14/06/19,2282.24,73.376
17/06/19,2327.66,74.836
18/06/19,2357.28,75.788
19/06/19,2376.33,76.401
20/06/19,2428.80,78.088
21/06/19,2408.16,77.424
24/06/19,2433.38,78.235
25/06/19,2408.89,77.448
26/06/19,2400.71,77.185
27/06/19,2457.90,79.023
28/06/19,2496.75,80.272
30/06/19,2488.55,80.009
01/07/19,2458.74,79.050
02/07/19,2408.30,77.429
03/07/19,2428.18,78.068
04/07/19,2421.64,77.858
05/07/19,2354.05,75.684
07/07/19,2350.20,75.561
08/07/19,2376.43,76.404
09/07/19,2391.43,76.886
10/07/19,2418.07,77.743
11/07/19,2397.23,77.073
12/07/19,2405.39,77.335
14/07/19,2420.58,77.824
15/07/19,2456.16,78.967
16/07/19,2483.59,79.849
17/07/19,2542.49,81.743
18/07/19,2603.72,83.712
19/07/19,2592.23,83.342
21/07/19,2592.60,83.354
22/07/19,2615.31,84.084
23/07/19,2624.81,84.390
24/07/19,2670.55,85.860
25/07/19,2645.96,85.070
26/07/19,2633.89,84.681
28/07/19,2638.64,84.834
29/07/19,2650.43,85.213
30/07/19,2666.70,85.737
31/07/19,2614.27,84.051
01/08/19,2620.00,84.235
02/08/19,2585.27,83.118
04/08/19,2591.08,83.305
05/08/19,2637.34,84.792
06/08/19,2624.69,84.386
07/08/19,2733.07,87.870
08/08/19,2715.48,87.305
09/08/19,2680.05,86.166
11/08/19,2685.78,86.350
12/08/19,2737.61,88.016
13/08/19,2721.30,87.492
14/08/19,2763.43,88.846
15/08/19,2766.36,88.941
16/08/19,2733.18,87.874
18/08/19,2745.47,88.269
19/08/19,2673.02,85.939
20/08/19,2745.04,88.255
21/08/19,2742.28,88.166
22/08/19,2731.27,87.812
23/08/19,2790.29,89.710
25/08/19,2777.26,89.291
26/08/19,2807.28,90.256
27/08/19,2894.32,93.055
28/08/19,2908.82,93.521
29/08/19,2893.26,93.020
30/08/19,2894.93,93.074
01/09/19,2896.70,93.131
02/09/19,2883.73,92.714
03/09/19,3034.23,97.553
04/09/19,3067.69,98.629
05/09/19,2930.30,94.211
06/09/19,2837.82,91.238
08/09/19,2829.57,90.973
09/09/19,2810.00,90.344
10/09/19,2824.24,90.801
11/09/19,2831.63,91.039
12/09/19,2830.77,91.011
13/09/19,2732.75,87.860
16/09/19,2776.71,89.273
17/09/19,2819.07,90.635
18/09/19,2773.46,89.169
19/09/19,2790.90,89.730
20/09/19,2818.39,90.613
22/09/19,2813.36,90.452
23/09/19,2918.59,93.835
24/09/19,2917.91,93.813
25/09/19,2817.72,90.592
26/09/19,2811.43,90.389
27/09/19,2750.29,88.424
29/09/19,2747.71,88.341
30/09/19,2678.56,86.118
01/10/19,2708.37,87.076
02/10/19,2749.07,88.385
03/10/19,2761.28,88.777
04/10/19,2744.77,88.246
06/10/19,2756.52,88.624
07/10/19,2726.13,87.647
08/10/19,2787.72,89.627
09/10/19,2803.79,90.144
10/10/19,2742.68,88.179
11/10/19,2746.11,88.289
13/10/19,2741.81,88.151
14/10/19,2767.54,88.978
15/10/19,2725.03,87.612
16/10/19,2716.16,87.327
17/10/19,2739.29,88.070
18/10/19,2736.14,87.969
21/10/19,2739.98,88.092
22/10/19,2743.93,88.220
23/10/19,2739.85,88.088
24/10/19,2777.13,89.287
25/10/19,2811.25,90.384
28/10/19,2776.93,89.280
29/10/19,2769.48,89.041
30/10/19,2777.66,89.304
31/10/19,2813.18,90.446
01/11/19,2807.36,90.259
03/11/19,2808.69,90.301
04/11/19,2804.71,90.173
05/11/19,2746.50,88.302
06/11/19,2751.39,88.459
07/11/19,2671.51,85.891
08/11/19,2622.13,84.303
10/11/19,2628.81,84.518
11/11/19,2625.26,84.404
12/11/19,2622.67,84.321
13/11/19,2642.95,84.973
14/11/19,2650.02,85.200
15/11/19,2638.05,84.815
17/11/19,2636.31,84.759
18/11/19,2657.03,85.425
19/11/19,2675.53,86.020
20/11/19,2677.82,86.094
21/11/19,2657.81,85.451
22/11/19,2643.50,84.990
24/11/19,2629.69,84.546
25/11/19,2626.17,84.433
26/11/19,2653.46,85.311
27/11/19,2638.91,84.843
28/11/19,2631.79,84.614
29/11/19,2643.55,84.992
01/12/19,2632.25,84.629
02/12/19,2626.66,84.449
03/12/19,2664.10,85.653
04/12/19,2617.47,84.154
05/12/19,2630.18,84.562
06/12/19,2566.41,82.512
08/12/19,2569.98,82.627
09/12/19,2574.44,82.770
10/12/19,2582.37,83.025
11/12/19,2615.34,84.085
12/12/19,2617.28,84.147
13/12/19,2624.07,84.366
15/12/19,2623.97,84.363
16/12/19,2640.73,84.901
17/12/19,2635.91,84.746
18/12/19,2637.29,84.791
19/12/19,2636.25,84.758
20/12/19,2663.07,85.620
22/12/19,2657.54,85.442
23/12/19,2702.00,86.871
24/12/19,2751.86,88.474
25/12/19,2748.56,88.368
26/12/19,2773.00,89.154
27/12/19,2750.60,88.434
29/12/19,2759.60,88.723
30/12/19,2775.59,89.237
31/12/19,2765.75,88.921
01/01/20,2785.46,89.555
02/01/20,2791.83,89.759
03/01/20,2796.71,89.916
05/01/20,2816.06,90.538
06/01/20,2809.98,90.343
07/01/20,2881.27,92.635
08/01/20,2808.34,90.290
09/01/20,2771.31,89.100
10/01/20,2803.47,90.134
12/01/20,2791.15,89.738
13/01/20,2776.58,89.269
14/01/20,2762.19,88.806
15/01/20,2787.97,89.635
16/01/20,2776.69,89.273
17/01/20,2788.20,89.643
19/01/20,2788.97,89.667
20/01/20,2795.82,89.888
21/01/20,2745.24,88.261
22/01/20,2763.23,88.840
23/01/20,2749.17,88.388
24/01/20,2801.03,90.055
26/01/20,2814.64,90.493
27/01/20,2795.13,89.866
28/01/20,2700.89,86.836
29/01/20,2714.01,87.258
30/01/20,2756.65,88.628
31/01/20,2785.50,89.556
02/02/20,2792.69,89.787
03/02/20,2734.21,87.907
04/02/20,2720.29,87.459
05/02/20,2721.58,87.501
06/02/20,2752.04,88.480
07/02/20,2734.98,87.932
09/02/20,2742.58,88.176
10/02/20,2746.93,88.316
11/02/20,2724.71,87.602
12/02/20,2706.91,87.029
13/02/20,2727.05,87.677
14/02/20,2738.86,88.057
16/02/20,2738.43,88.043
17/02/20,2749.94,88.413
18/02/20,2804.48,90.166
19/02/20,2837.83,91.238
20/02/20,2842.60,91.392
21/02/20,2854.09,91.761
23/02/20,2883.25,92.699
24/02/20,2871.21,92.312
25/02/20,2786.79,89.597
26/02/20,2764.61,88.884
27/02/20,2744.89,88.250
28/02/20,2572.95,82.722
01/03/20,2574.41,82.769
02/03/20,2595.87,83.459
03/03/20,2661.87,85.581
04/03/20,2650.68,85.221
05/03/20,2696.99,86.710
06/03/20,2676.33,86.046
08/03/20,2702.43,86.885
09/03/20,2657.42,85.438
10/03/20,2665.89,85.710
11/03/20,2678.02,86.100
12/03/20,2498.84,80.340
13/03/20,2313.68,74.387
15/03/20,2328.33,74.858
16/03/20,2066.11,66.427
17/03/20,2031.95,65.329
18/03/20,1950.41,62.707
19/03/20,1925.63,61.911
20/03/20,1999.06,64.271
22/03/20,1973.05,63.435
23/03/20,2175.76,69.952
24/03/20,2328.65,74.868
25/03/20,2302.75,74.035
26/03/20,2347.47,75.473
27/03/20,2337.98,75.168
29/03/20,2356.07,75.749
30/03/20,2324.81,74.744
31/03/20,2322.40,74.667
01/04/20,2328.48,74.862
02/04/20,2409.56,77.469
03/04/20,2398.53,77.115
05/04/20,2406.41,77.368
06/04/20,2538.58,81.617
07/04/20,2508.56,80.652
08/04/20,2511.78,80.755
09/04/20,2576.60,82.840
10/04/20,2549.09,81.955
12/04/20,2557.52,82.226
13/04/20,2569.26,82.604
14/04/20,2613.49,84.026
15/04/20,2572.02,82.692
16/04/20,2591.68,83.324
17/04/20,2532.41,81.419
20/04/20,2494.41,80.197
21/04/20,2402.06,77.228
22/04/20,2416.64,77.697
23/04/20,2438.74,78.407
24/04/20,2455.24,78.938
26/04/20,2453.88,78.894
27/04/20,2437.99,78.383
28/04/20,2439.89,78.444
29/04/20,2467.96,79.347
30/04/20,2401.39,77.207
01/05/20,2400.80,77.188
03/05/20,2379.09,76.490
04/05/20,2352.77,75.643
05/05/20,2385.83,76.706
06/05/20,2372.60,76.281
07/05/20,2445.51,78.625
08/05/20,2472.97,79.508
11/05/20,2471.59,79.464
12/05/20,2476.82,79.632
13/05/20,2506.67,80.591
14/05/20,2546.61,81.875
15/05/20,2659.91,85.518
17/05/20,2706.15,87.005
18/05/20,2744.31,88.232
19/05/20,2791.41,89.746
20/05/20,2806.66,90.236
21/05/20,2739.81,88.087
22/05/20,2763.92,88.862
24/05/20,2756.13,88.612
25/05/20,2757.45,88.654
26/05/20,2764.78,88.890
27/05/20,2776.28,89.259
28/05/20,2807.81,90.273
29/05/20,2874.56,92.419
31/05/20,2942.07,94.590
01/06/20,2986.97,96.033
02/06/20,2989.17,96.104
03/06/20,2915.13,93.724
04/06/20,2891.56,92.966
05/06/20,2847.73,91.557
07/06/20,2847.02,91.534
08/06/20,2893.70,93.035
09/06/20,2881.01,92.627
10/06/20,2956.48,95.053
11/06/20,2899.91,93.234
12/06/20,2875.45,92.448
14/06/20,2887.24,92.827
15/06/20,2865.37,92.124
16/06/20,2887.10,92.822
17/06/20,2896.71,93.132
18/06/20,2897.33,93.151
19/06/20,2936.56,94.412
21/06/20,2969.92,95.485
22/06/20,2968.24,95.431
23/06/20,3006.14,96.650
24/06/20,2939.61,94.511
25/06/20,2985.56,95.988
26/06/20,2979.11,95.781
28/06/20,2986.18,96.008
29/06/20,3003.74,96.573
30/06/20,3055.30,98.230
01/07/20,3024.82,97.250
02/07/20,3014.52,96.919
03/07/20,3025.15,97.261
05/07/20,3015.43,96.948
06/07/20,3045.43,97.913
07/07/20,3053.35,98.168
08/07/20,3124.38,100.45
09/07/20,3119.98,100.31
10/07/20,3115.11,100.15
12/07/20,3123.01,100.41
13/07/20,3193.76,102.68
14/07/20,3222.03,103.59
15/07/20,3246.55,104.38
16/07/20,3200.56,102.90
17/07/20,3238.62,104.12
20/07/20,3338.67,107.34
21/07/20,3762.67,120.97
22/07/20,3831.47,123.18
23/07/20,3791.86,121.91
24/07/20,3812.00,122.56
26/07/20,3871.22,124.46
27/07/20,4097.67,131.74
28/07/20,4037.74,129.82
29/07/20,4045.74,130.07
30/07/20,3925.51,126.21
31/07/20,4088.91,131.46
02/08/20,4111.26,132.18
03/08/20,4050.99,130.24
04/08/20,4399.57,141.45
05/08/20,4519.36,145.30
06/08/20,4875.93,156.76
07/08/20,4750.73,152.74
09/08/20,4747.20,152.63
10/08/20,4894.48,157.36
11/08/20,4200.62,135.05
12/08/20,4319.40,138.87
13/08/20,4619.93,148.53
14/08/20,4464.35,143.53
16/08/20,4427.28,142.34
17/08/20,4592.25,147.64
18/08/20,4696.02,150.98
19/08/20,4495.55,144.54
20/08/20,4629.75,148.85
21/08/20,4513.78,145.12
23/08/20,4479.58,144.02
24/08/20,4489.84,144.35
25/08/20,4466.39,143.60
26/08/20,4623.75,148.66
27/08/20,4511.73,145.06
28/08/20,4602.09,147.96
30/08/20,4680.91,150.49
31/08/20,4656.23,149.70
01/09/20,4679.35,150.44
02/09/20,4558.68,146.56
03/09/20,4402.05,141.53
04/09/20,4466.54,143.60
06/09/20,4450.04,143.07
07/09/20,4451.47,143.12
08/09/20,4427.89,142.36
09/09/20,4487.37,144.27
10/09/20,4465.48,143.57
11/09/20,4439.75,142.74
13/09/20,4450.00,143.07
14/09/20,4514.32,145.14
15/09/20,4510.60,145.02
16/09/20,4516.09,145.20
17/09/20,4498.17,144.62
18/09/20,4456.37,143.28
20/09/20,4441.37,142.79
21/09/20,4158.42,133.70
22/09/20,4063.82,130.66
23/09/20,3784.77,121.68
24/09/20,3852.64,123.87
25/09/20,3792.55,121.93
27/09/20,3809.90,122.49
28/09/20,3946.05,126.87
29/09/20,4026.88,129.47
30/09/20,3869.88,124.42
01/10/20,3931.47,126.40
02/10/20,3910.14,125.71
05/10/20,4010.05,128.93
06/10/20,3827.09,123.04
07/10/20,3896.89,125.29
08/10/20,3916.18,125.91
09/10/20,4118.75,132.42
12/10/20,4124.34,132.60
13/10/20,3961.83,127.38
14/10/20,3961.17,127.35
15/10/20,3953.02,127.09
16/10/20,3931.22,126.39
19/10/20,3968.29,127.58
20/10/20,4019.84,129.24
21/10/20,4051.78,130.27
22/10/20,3995.86,128.47
23/10/20,3978.85,127.92
26/10/20,3913.35,125.82
27/10/20,3909.97,125.71
28/10/20,3765.11,121.05
29/10/20,3741.29,120.29
30/10/20,3793.84,121.97
02/11/20,3855.11,123.94
03/11/20,3902.18,125.46
04/11/20,3825.26,122.98
05/11/20,4009.64,128.91
06/11/20,4075.03,131.02
09/11/20,3852.87,123.87
10/11/20,3843.09,123.56
11/11/20,3842.60,123.54
12/11/20,3842.25,123.53
13/11/20,3906.97,125.61
16/11/20,3916.51,125.92
17/11/20,3873.33,124.53
18/11/20,3864.58,124.25
19/11/20,3807.16,122.40
20/11/20,3882.91,124.84
23/11/20,3794.01,121.98
24/11/20,3726.73,119.82
25/11/20,3722.11,119.67
26/11/20,3694.99,118.80
27/11/20,3616.44,116.27
30/11/20,3613.79,116.19
01/12/20,3803.69,122.29
02/12/20,3852.95,123.88
03/12/20,3854.38,123.92
04/12/20,3872.41,124.50
07/12/20,3932.00,126.42
08/12/20,3937.34,126.59
09/12/20,3832.34,123.21
10/12/20,3850.23,123.79
11/12/20,3835.59,123.32
14/12/20,3824.61,122.96
15/12/20,3930.76,126.38
16/12/20,4067.63,130.78
17/12/20,4152.74,133.51
18/12/20,4131.14,132.82
21/12/20,4212.96,135.45
22/12/20,4081.44,131.22
23/12/20,4105.92,132.01
24/12/20,4138.20,133.05
25/12/20,4138.46,133.05
28/12/20,4238.28,136.26
29/12/20,4204.20,135.17
30/12/20,4278.01,137.54
31/12/20,4225.99,135.87
01/01/21,4247.78,136.57
04/01/21,4350.95,139.89
05/01/21,4431.68,142.48
06/01/21,4380.72,140.84
07/01/21,4360.11,140.18
08/01/21,4074.35,130.99
11/01/21,4020.49,129.26
12/01/21,4105.71,132.00
13/01/21,4065.38,130.71
14/01/21,4100.46,131.83
15/01/21,3970.19,127.64
18/01/21,4015.27,129.09
19/01/21,4054.97,130.37
20/01/21,4149.50,133.41
21/01/21,4165.01,133.91
22/01/21,4094.40,131.64
25/01/21,4074.18,130.99
26/01/21,4090.19,131.50
27/01/21,4043.13,129.99
28/01/21,4245.67,136.50
29/01/21,4325.94,139.08
01/02/21,4566.83,146.83
02/02/21,4299.05,138.22
03/02/21,4307.22,138.48
04/02/21,4220.75,135.70
05/02/21,4305.34,138.42
08/02/21,4361.19,140.22
09/02/21,4351.35,139.90
10/02/21,4318.33,138.84
11/02/21,4304.51,138.39
12/02/21,4346.61,139.75
15/02/21,4398.81,141.43
16/02/21,4328.88,139.18
17/02/21,4379.79,140.81
18/02/21,4275.20,137.45
19/02/21,4337.37,139.45
22/02/21,4488.20,144.30
23/02/21,4395.43,141.32
24/02/21,4438.37,142.70
25/02/21,4357.38,140.09
26/02/21,4225.75,135.86
01/03/21,4188.83,134.67
02/03/21,4217.40,135.59
03/03/21,4087.02,131.40
04/03/21,3984.24,128.10
05/03/21,3963.15,127.42
08/03/21,3956.71,127.21
09/03/21,4073.51,130.97
10/03/21,4111.89,132.20
11/03/21,4099.38,131.80
12/03/21,4069.16,130.83
15/03/21,4118.09,132.40
16/03/21,4063.23,130.64
17/03/21,4115.43,132.31
18/03/21,4051.31,130.25
19/03/21,4093.44,131.61
22/03/21,4017.45,129.16
23/03/21,3911.24,125.75
24/03/21,3897.22,125.30
25/03/21,3886.97,124.97
26/03/21,3884.86,124.90
29/03/21,3797.52,122.09
30/03/21,3675.81,118.18
31/03/21,3729.39,119.90
01/04/21,3815.58,122.67
02/04/21,3833.37,123.25
05/04/21,3786.74,121.75
06/04/21,3855.23,123.95
07/04/21,3852.92,123.87
08/04/21,3882.34,124.82
09/04/21,3856.83,124.00
12/04/21,3785.18,121.70
13/04/21,3877.82,124.67
14/04/21,3885.63,124.93
15/04/21,3946.48,126.88
16/04/21,3966.68,127.53
19/04/21,3959.69,127.31
20/04/21,3941.58,126.72
21/04/21,4064.90,130.69
22/04/21,4011.62,128.98
23/04/21,3989.69,128.27
26/04/21,4036.23,129.77
27/04/21,4048.99,130.18
28/04/21,4044.58,130.04
29/04/21,4007.92,128.86
30/04/21,3985.83,128.15
03/05/21,4118.94,132.43
04/05/21,4061.93,130.59
05/05/21,4043.87,130.01
06/05/21,4184.32,134.53
07/05/21,4190.92,134.74
10/05/21,4160.00,133.75
11/05/21,4203.64,135.15
12/05/21,4124.94,132.62
13/05/21,4117.75,132.39
14/05/21,4175.00,134.23
17/05/21,4311.27,138.61
18/05/21,4305.09,138.41
19/05/21,4229.27,135.97
20/05/21,4250.06,136.64
21/05/21,4229.08,135.97
24/05/21,4258.54,136.92
25/05/21,4318.85,138.85
26/05/21,4292.75,138.02
27/05/21,4330.24,139.22
28/05/21,4316.82,138.79
31/05/21,4329.63,139.20
01/06/21,4300.03,138.25
02/06/21,4363.70,140.30
03/06/21,4246.19,136.52
04/06/21,4295.10,138.09
07/06/21,4326.76,139.11
08/06/21,4297.84,138.18
09/06/21,4333.28,139.32
10/06/21,4355.79,140.04
11/06/21,4375.61,140.68
14/06/21,4342.07,139.60
15/06/21,4311.85,138.63
16/06/21,4249.49,136.62
17/06/21,4087.81,131.43
18/06/21,4047.04,130.12
21/06/21,4087.95,131.43
22/06/21,4067.05,130.76
23/06/21,4093.68,131.61
24/06/21,4094.10,131.63
25/06/21,4114.93,132.30
28/06/21,4121.85,132.52
29/06/21,4073.78,130.98
30/06/21,4113.55,132.25
01/07/21,4110.19,132.15
02/07/21,4181.34,134.43
05/07/21,4177.66,134.31
06/07/21,4147.53,133.35
07/07/21,4154.20,133.56
08/07/21,4128.23,132.73
09/07/21,4160.33,133.76
12/07/21,4190.67,134.73
13/07/21,4146.00,133.30
14/07/21,4180.89,134.42
15/07/21,4197.68,134.96
16/07/21,4094.99,131.66
19/07/21,4040.77,129.91
20/07/21,4017.23,129.16
21/07/21,4065.01,130.69
22/07/21,4089.45,131.48
23/07/21,4047.82,130.14
26/07/21,4077.53,131.10
27/07/21,4001.81,128.66
28/07/21,4057.91,130.46
29/07/21,4142.74,133.19
30/07/21,4145.70,133.29
02/08/21,4150.80,133.45
03/08/21,4203.12,135.13
04/08/21,4140.84,133.13
05/08/21,4121.19,132.50
06/08/21,3995.06,128.44
09/08/21,3856.06,123.98
10/08/21,3832.95,123.23
11/08/21,3849.80,123.77
12/08/21,3815.38,122.67
13/08/21,3903.37,125.50
16/08/21,3932.46,126.43
17/08/21,3893.48,125.18
18/08/21,3861.46,124.15
19/08/21,3814.23,122.63
20/08/21,3788.93,121.82
23/08/21,3879.97,124.74
24/08/21,3937.20,126.58
25/08/21,3959.76,127.31
26/08/21,3927.95,126.29
27/08/21,4001.31,128.65
30/08/21,4003.33,128.71
31/08/21,3987.96,128.22
01/09/21,4037.31,129.80
02/09/21,3997.66,128.53
03/09/21,4131.89,132.84
06/09/21,4125.00,132.62
07/09/21,4087.19,131.41
08/09/21,4023.60,129.36
09/09/21,4041.54,129.94
10/09/21,3992.81,128.37
13/09/21,3994.07,128.41
14/09/21,4018.70,129.20
15/09/21,4053.57,130.33
16/09/21,3858.60,124.06
17/09/21,3765.44,121.06
20/09/21,3761.67,120.94
21/09/21,3802.49,122.25
22/09/21,3823.18,122.92
23/09/21,3812.68,122.58
24/09/21,3792.91,121.94
27/09/21,3839.98,123.46
28/09/21,3828.21,123.08
29/09/21,3676.63,118.21
30/09/21,3776.28,121.41
01/10/21,3847.42,123.70
04/10/21,3864.11,124.23
05/10/21,3867.19,124.33
06/10/21,3871.91,124.48
07/10/21,3864.15,124.24
08/10/21,3864.04,124.23
11/10/21,3861.38,124.15
12/10/21,3857.65,124.03
13/10/21,3944.06,126.80
14/10/21,4008.79,128.89
15/10/21,3991.70,128.34
18/10/21,3988.24,128.22
19/10/21,4079.81,131.17
20/10/21,4211.85,135.41
21/10/21,4185.80,134.58
22/10/21,4215.17,135.52
25/10/21,4283.40,137.71
26/10/21,4228.88,135.96
27/10/21,4185.28,134.56
28/10/21,4142.98,133.20
29/10/21,4109.21,132.11
01/11/21,4124.56,132.61
02/11/21,4011.18,128.96
03/11/21,4014.58,129.07
04/11/21,4043.67,130.01
05/11/21,4110.82,132.17
08/11/21,4164.44,133.89
09/11/21,4165.60,133.93
10/11/21,4223.69,135.79
11/11/21,4325.64,139.07
12/11/21,4371.21,140.54
15/11/21,4383.43,140.93
16/11/21,4334.77,139.37
17/11/21,4387.58,141.06
18/11/21,4324.35,139.03
19/11/21,4307.43,138.49
22/11/21,4245.85,136.51
23/11/21,4137.79,133.03
24/11/21,4127.65,132.71
25/11/21,4132.31,132.86
26/11/21,4044.28,130.03
29/11/21,4045.63,130.07
30/11/21,4020.00,129.25
01/12/21,3923.22,126.13
02/12/21,3943.93,126.80
03/12/21,3956.89,127.22
06/12/21,3949.14,126.97
07/12/21,3981.21,128.00
08/12/21,3982.04,128.03
09/12/21,3910.14,125.71
10/12/21,3921.69,126.09
13/12/21,3971.51,127.69
14/12/21,3914.58,125.86
15/12/21,3934.46,126.50
16/12/21,3999.09,128.57
17/12/21,3982.54,128.04
20/12/21,3965.80,127.50
21/12/21,4006.07,128.80
22/12/21,4063.38,130.64
23/12/21,4080.78,131.20
24/12/21,4072.25,130.93
27/12/21,4041.61,129.94
28/12/21,4106.04,132.01
29/12/21,4073.05,130.95
30/12/21,4117.90,132.39
31/12/21,4155.99,133.62
03/01/22,4045.62,130.07
04/01/22,4074.30,130.99
05/01/22,4024.08,129.38
06/01/22,3923.27,126.14
07/01/22,3959.48,127.30
10/01/22,3976.08,127.83
11/01/22,4019.62,129.23
12/01/22,4074.15,130.99
13/01/22,4067.79,130.78
14/01/22,4044.40,130.03
17/01/22,4051.45,130.26
18/01/22,4131.85,132.84
19/01/22,4245.96,136.51
20/01/22,4304.16,138.38
21/01/22,4285.35,137.78
24/01/22,4226.24,135.88
25/01/22,4214.16,135.49
26/01/22,4173.30,134.17
27/01/22,4024.72,129.40
28/01/22,3976.06,127.83
31/01/22,3973.17,127.74
01/02/22,3992.95,128.38
02/02/22,3987.53,128.20
03/02/22,3945.65,126.86
04/02/22,3948.18,126.94
07/02/22,4022.41,129.32
08/02/22,4044.17,130.02
09/02/22,4071.74,130.91
10/02/22,4052.56,130.29
11/02/22,4121.21,132.50
14/02/22,4190.45,134.73
15/02/22,4109.21,132.11
16/02/22,4153.89,133.55
17/02/22,4191.42,134.76
18/02/22,4197.87,134.96
21/02/22,4233.77,136.12
22/02/22,4250.10,136.64
23/02/22,4332.72,139.30
24/02/22,4268.68,137.24
25/02/22,4250.07,136.64
28/02/22,4333.50,139.33
01/03/22,4505.96,144.87
02/03/22,4485.99,144.23
03/03/22,4486.24,144.24
04/03/22,4603.18,148.00
07/03/22,4572.79,147.02
08/03/22,4707.93,151.36
09/03/22,4591.62,147.62
10/03/22,4634.66,149.01
11/03/22,4614.03,148.34
14/03/22,4491.91,144.42
15/03/22,4471.43,143.76
16/03/22,4518.65,145.28
17/03/22,4564.01,146.74
18/03/22,4466.37,143.60
21/03/22,4579.59,147.24
22/03/22,4489.24,144.33
23/03/22,4577.19,147.16
24/03/22,4656.26,149.70
25/03/22,4632.72,148.95
28/03/22,4547.44,146.20
29/03/22,4513.57,145.11
30/03/22,4545.96,146.16
31/03/22,4522.64,145.41
01/04/22,4526.38,145.53
04/04/22,4513.82,145.12
05/04/22,4480.12,144.04
06/04/22,4542.75,146.05
07/04/22,4583.90,147.38
08/04/22,4615.80,148.40
11/04/22,4592.44,147.65
12/04/22,4623.62,148.65
13/04/22,4660.66,149.84
14/04/22,4651.59,149.55
15/04/22,4667.18,150.05
18/04/22,4720.21,151.76
19/04/22,4620.56,148.55
20/04/22,4673.72,150.26
21/04/22,4627.47,148.78
22/04/22,4528.18,145.58
25/04/22,4416.29,141.99
26/04/22,4382.68,140.91
27/04/22,4366.66,140.39
28/04/22,4364.69,140.33
29/04/22,4363.02,140.27
02/05/22,4204.90,135.19
03/05/22,4195.86,134.90
04/05/22,4271.80,137.34
05/05/22,4176.78,134.29
06/05/22,4151.69,133.48
09/05/22,4104.56,131.96
10/05/22,4014.38,129.07
11/05/22,4097.91,131.75
12/05/22,3992.86,128.37
13/05/22,4047.83,130.14
16/05/22,4186.70,134.61
17/05/22,4239.88,136.32
18/05/22,4245.10,136.48
19/05/22,4400.84,141.49
20/05/22,4359.78,140.17
23/05/22,4381.57,140.87
24/05/22,4446.59,142.96
25/05/22,4456.86,143.29
26/05/22,4458.22,143.33
27/05/22,4425.31,142.28
30/05/22,4366.90,140.40
31/05/22,4285.43,137.78
01/06/22,4313.73,138.69
02/06/22,4411.20,141.82
03/06/22,4333.36,139.32
06/06/22,4414.61,141.93
07/06/22,4485.20,144.20
08/06/22,4415.25,141.95
09/06/22,4362.31,140.25
10/06/22,4421.77,142.16
13/06/22,4305.59,138.43
14/06/22,4342.81,139.62
15/06/22,4472.54,143.80
16/06/22,4561.04,146.64
17/06/22,4535.55,145.82
20/06/22,4544.05,146.09
21/06/22,4596.67,147.79
22/06/22,4525.01,145.48
23/06/22,4404.03,141.59
24/06/22,4407.65,141.71
27/06/22,4387.42,141.06
28/06/22,4290.61,137.95
29/06/22,4255.58,136.82
30/06/22,4137.23,133.02
01/07/22,4064.82,130.69
04/07/22,4087.75,131.42
05/07/22,3963.68,127.44
06/07/22,3999.96,128.60
07/07/22,3990.80,128.31
08/07/22,3990.15,128.29
11/07/22,3980.86,127.99
12/07/22,3924.16,126.16
13/07/22,4052.89,130.30
14/07/22,3868.61,124.38
15/07/22,3943.07,126.77
18/07/22,4031.78,129.62
19/07/22,4149.22,133.40
20/07/22,4203.25,135.14
21/07/22,4274.67,137.43
22/07/22,4250.92,136.67
25/07/22,4233.01,136.09
26/07/22,4335.74,139.40
27/07/22,4520.01,145.32
28/07/22,4782.70,153.77
29/07/22,4865.82,156.44
01/08/22,4862.80,156.34
02/08/22,4756.08,152.91
03/08/22,4614.13,148.35
04/08/22,4552.99,146.38
05/08/22,4463.31,143.50
08/08/22,4634.80,149.01
09/08/22,4603.43,148.00
10/08/22,4553.00,146.38
11/08/22,4460.07,143.39
12/08/22,4548.18,146.23
15/08/22,4328.35,139.16
16/08/22,4304.50,138.39
17/08/22,4268.09,137.22
18/08/22,4200.84,135.06
19/08/22,4094.79,131.65
22/08/22,4100.31,131.83
23/08/22,4164.83,133.90
24/08/22,4185.69,134.57
25/08/22,4231.98,136.06
26/08/22,4175.66,134.25
29/08/22,4562.27,146.68
30/08/22,4069.86,130.85
31/08/22,3925.25,126.20
01/09/22,3890.60,125.09
02/09/22,3960.56,127.33
05/09/22,3985.93,128.15
06/09/22,3997.37,128.52
07/09/22,4137.79,133.03
08/09/22,4154.37,133.57
09/09/22,4238.07,136.26
12/09/22,4567.06,146.83
13/09/22,4482.57,144.12
14/09/22,4617.28,148.45
15/09/22,4545.15,146.13
16/09/22,4646.58,149.39
19/09/22,4660.38,149.83
20/09/22,4614.50,148.36
21/09/22,4704.92,151.27
22/09/22,4706.19,151.31
23/09/22,4526.94,145.54
26/09/22,4351.62,139.91
27/09/22,4328.22,139.16
28/09/22,4406.53,141.67
29/09/22,4334.95,139.37
30/09/22,4341.08,139.57
03/10/22,4646.39,149.38
04/10/22,4588.06,147.51
05/10/22,4644.12,149.31
06/10/22,4585.82,147.44
07/10/22,4488.98,144.32
10/10/22,4299.48,138.23
11/10/22,4170.70,134.09
12/10/22,4154.30,133.56
13/10/22,4125.12,132.63
14/10/22,3988.74,128.24
17/10/22,4091.95,131.56
18/10/22,4117.55,132.38
19/10/22,4082.33,131.25
20/10/22,4119.86,132.46
21/10/22,4286.55,137.82
24/10/22,4226.10,135.87
25/10/22,4255.12,136.81
26/10/22,4277.40,137.52
27/10/22,4340.30,139.54
28/10/22,4263.67,137.08
31/10/22,4227.36,135.91
01/11/22,4339.52,139.52
02/11/22,4272.07,137.35
03/11/22,4315.43,138.74
04/11/22,4562.89,146.70
07/11/22,4611.73,148.27
08/11/22,4730.77,152.10
09/11/22,4669.45,150.13
10/11/22,4805.19,154.49
11/11/22,4809.96,154.64
14/11/22,4871.57,156.62
15/11/22,4787.47,153.92
16/11/22,4777.72,153.61
17/11/22,4668.42,150.09
18/11/22,4658.88,149.79
21/11/22,4675.88,150.33
22/11/22,4727.78,152.00
23/11/22,4826.25,155.17
24/11/22,4829.63,155.28
25/11/22,4827.59,155.21
28/11/22,4702.38,151.19
29/11/22,4770.36,153.37
30/11/22,4979.83,160.11
01/12/22,5098.03,163.91
02/12/22,5179.44,166.52
05/12/22,4998.17,160.69
06/12/22,4981.16,160.15
07/12/22,5104.72,164.12
08/12/22,5182.26,166.61
09/12/22,5274.78,169.59
12/12/22,5254.41,168.93
13/12/22,5341.89,171.75
14/12/22,5392.59,173.38
15/12/22,5197.58,167.11
16/12/22,5227.57,168.07
19/12/22,5175.96,166.41
20/12/22,5446.97,175.12
21/12/22,5420.01,174.26
22/12/22,5334.59,171.51
23/12/22,5354.16,172.14
26/12/22,5368.69,172.61
27/12/22,5451.29,175.26
28/12/22,5338.65,171.64
29/12/22,5424.70,174.41
30/12/22,5426.87,174.48
02/01/23,5448.13,175.16
03/01/23,5441.93,174.96
04/01/23,5395.11,173.46
05/01/23,5279.18,169.73
06/01/23,5417.87,174.19
09/01/23,5391.51,173.34
10/01/23,5396.36,173.50
11/01/23,5353.35,172.11
12/01/23,5430.99,174.61
13/01/23,5557.48,178.68
16/01/23,5557.86,178.69
17/01/23,5486.15,176.38
18/01/23,5367.76,172.58
19/01/23,5475.79,176.05
20/01/23,5501.16,176.87
23/01/23,5420.08,174.26
24/01/23,5479.86,176.18
25/01/23,5525.55,177.65
26/01/23,5799.02,186.44
27/01/23,5913.42,190.12
30/01/23,6267.72,201.51
31/01/23,6359.39,204.46
01/02/23,6426.66,206.62
02/02/23,6342.35,203.91
03/02/23,6040.89,194.22
06/02/23,6129.65,197.07
07/02/23,6104.89,196.28
08/02/23,6125.88,196.95
09/02/23,5936.08,190.85
10/02/23,5976.12,192.14
13/02/23,5873.86,188.85
14/02/23,5843.87,187.88
15/02/23,5752.46,184.95
16/02/23,5701.77,183.32
17/02/23,5727.95,184.16
20/02/23,5710.35,183.59
21/02/23,5734.79,184.38
22/02/23,5632.03,181.07
23/02/23,5562.66,178.84
24/02/23,5402.14,173.68
27/02/23,5335.23,171.53
28/02/23,5467.43,175.78
01/03/23,5502.38,176.91
02/03/23,5822.11,187.19
03/03/23,5928.58,190.61
06/03/23,5780.19,185.84
07/03/23,5561.69,178.81
08/03/23,5578.69,179.36
09/03/23,5544.66,178.27
10/03/23,5733.08,184.32
13/03/23,6146.59,197.62
14/03/23,6113.56,196.56
15/03/23,6157.89,197.98
16/03/23,6124.81,196.92
17/03/23,6367.20,204.71
20/03/23,6354.39,204.30
21/03/23,6307.77,202.80
22/03/23,6503.22,209.08
23/03/23,6526.99,209.85
24/03/23,6577.64,211.48
27/03/23,6540.00,210.27
28/03/23,6607.55,212.44
29/03/23,6613.18,212.62
30/03/23,6783.23,218.09
31/03/23,6840.86,219.94
03/04/23,6837.89,219.84
04/04/23,7185.73,231.03
05/04/23,7195.41,231.34
06/04/23,7187.61,231.09
07/04/23,7093.18,228.05
10/04/23,7071.64,227.36
11/04/23,7228.81,232.41
12/04/23,7354.67,236.46
13/04/23,7302.65,234.79
14/04/23,7223.46,232.24
17/04/23,7068.11,227.24
18/04/23,7152.58,229.96
19/04/23,7094.94,228.11
20/04/23,7167.37,230.44
21/04/23,7110.46,228.61
24/04/23,7047.08,226.57
25/04/23,7092.41,228.03
26/04/23,7004.81,225.21
27/04/23,7074.61,227.45
28/04/23,7106.68,228.49
01/05/23,7081.11,227.66
02/05/23,7196.34,231.37
03/05/23,7256.55,233.30
04/05/23,7391.28,237.64
05/05/23,7284.30,234.20
08/05/23,7248.88,233.06
09/05/23,7295.78,234.56
10/05/23,7223.74,232.25
11/05/23,7150.29,229.89
12/05/23,7088.21,227.89
15/05/23,6863.21,220.66
16/05/23,6777.25,217.89
17/05/23,6771.73,217.72
18/05/23,6710.30,215.74
19/05/23,6813.99,219.07
22/05/23,6773.00,217.76
23/05/23,6728.98,216.34
24/05/23,6612.33,212.59
25/05/23,6492.99,208.75
26/05/23,6656.38,214.01
29/05/23,6607.56,212.44
30/05/23,6631.00,213.19
31/05/23,6712.10,215.80
01/06/23,6810.51,218.96
02/06/23,6748.17,216.96
05/06/23,6731.53,216.42
06/06/23,6759.52,217.32
07/06/23,6721.02,216.09
08/06/23,6968.70,224.05
09/06/23,6967.14,224.00
12/06/23,6921.89,222.54
13/06/23,6804.69,218.78
14/06/23,6816.18,219.15
15/06/23,6864.76,220.71
16/06/23,6955.40,223.62
19/06/23,6884.14,221.33
20/06/23,6649.35,213.78
21/06/23,6497.55,208.90
22/06/23,6380.83,205.15
23/06/23,6424.19,206.54
26/06/23,6528.44,209.89
27/06/23,6526.52,209.83
28/06/23,6504.54,209.13
29/06/23,6467.23,207.93
30/06/23,6523.89,209.75
03/07/23,6557.99,210.84
04/07/23,6571.73,211.29
05/07/23,6406.24,205.97
06/07/23,6293.89,202.35
07/07/23,6416.59,206.30
10/07/23,6422.47,206.49
11/07/23,6400.34,205.78
12/07/23,6700.95,215.44
13/07/23,6807.53,218.87
14/07/23,6923.35,222.59
17/07/23,6853.94,220.36
18/07/23,7070.44,227.32
19/07/23,7139.33,229.53
20/07/23,7049.43,226.64
21/07/23,7039.83,226.34
24/07/23,7003.69,225.17
25/07/23,7069.97,227.30
26/07/23,7157.00,230.10
27/07/23,6921.53,222.53
28/07/23,6971.84,224.15
31/07/23,7097.26,228.18
01/08/23,6984.31,224.55
02/08/23,6768.67,217.62
03/08/23,6741.97,216.76
04/08/23,6700.88,215.44
07/08/23,6557.18,210.82
08/08/23,6558.20,210.85
09/08/23,6516.20,209.50
10/08/23,6528.98,209.91
11/08/23,6542.19,210.34
14/08/23,6466.57,207.90
15/08/23,6554.22,210.72
16/08/23,6585.39,211.73
17/08/23,6711.29,215.77
18/08/23,6710.81,215.76
21/08/23,6751.91,217.08
22/08/23,6964.03,223.90
23/08/23,7266.72,233.63
24/08/23,7236.39,232.66
25/08/23,7315.57,235.20
28/08/23,7356.49,236.52
29/08/23,7515.21,241.62
30/08/23,7498.75,241.09
31/08/23,7411.89,238.30
01/09/23,7406.14,238.11
04/09/23,7354.94,236.47
05/09/23,7253.25,233.20
06/09/23,7124.37,229.05
07/09/23,7024.48,225.84
08/09/23,6994.11,224.87
11/09/23,6901.95,221.90
12/09/23,6913.32,222.27
13/09/23,6743.46,216.81
14/09/23,6745.51,216.87
15/09/23,6842.56,219.99
18/09/23,6832.31,219.66
19/09/23,6838.68,219.87
20/09/23,6776.75,217.88
21/09/23,6808.41,218.90
22/09/23,6900.14,221.84
25/09/23,6719.29,216.03
26/09/23,6579.76,211.54
27/09/23,6523.80,209.75
28/09/23,6504.99,209.14
29/09/23,6382.58,205.20
02/10/23,6037.22,194.10
03/10/23,6047.23,194.42
04/10/23,5974.46,192.08
05/10/23,5951.66,191.35
06/10/23,6124.89,196.92
09/10/23,6158.32,197.99
10/10/23,6124.64,196.91
11/10/23,6155.07,197.89
12/10/23,6077.20,195.39
13/10/23,6301.75,202.61
16/10/23,6257.37,201.18
17/10/23,6299.97,202.55
18/10/23,6313.79,202.99
19/10/23,6385.58,205.30
20/10/23,6506.65,209.19
23/10/23,6403.92,205.89
24/10/23,6406.83,205.98
25/10/23,6355.05,204.32
26/10/23,6388.20,205.39
27/10/23,6420.00,206.41
30/10/23,6515.34,209.47
31/10/23,6424.08,206.54
01/11/23,6430.09,206.73
02/11/23,6432.09,206.80
03/11/23,6550.18,210.59
06/11/23,6569.95,211.23
07/11/23,6420.69,206.43
08/11/23,6476.47,208.22
09/11/23,6465.39,207.87
10/11/23,6310.43,202.88
13/11/23,6335.23,203.68
14/11/23,6643.87,213.61
15/11/23,6758.42,217.29
16/11/23,6832.99,219.69
17/11/23,6841.39,219.96
20/11/23,6704.33,215.55
21/11/23,6780.60,218.00
22/11/23,6733.20,216.48
23/11/23,6677.12,214.67
24/11/23,6952.60,223.53
27/11/23,6999.74,225.05
28/11/23,7148.55,229.83
29/11/23,7149.98,229.88
30/11/23,7204.23,231.62
01/12/23,7265.25,233.58
04/12/23,6887.90,221.45
05/12/23,6874.86,221.03
06/12/23,6805.81,218.81
07/12/23,6764.84,217.49
08/12/23,6537.42,210.18
11/12/23,6484.28,208.47
12/12/23,6458.18,207.64
13/12/23,6752.45,217.10
14/12/23,6852.34,220.31
15/12/23,6766.29,217.54
18/12/23,6658.48,214.08
19/12/23,6752.52,217.10
20/12/23,6829.71,219.58
21/12/23,6904.23,221.98
22/12/23,6757.30,217.25
25/12/23,6763.18,217.44
26/12/23,6844.27,220.05
27/12/23,6842.32,219.99
28/12/23,6761.51,217.39
29/12/23,6619.77,212.83
01/01/24,6637.93,213.41
02/01/24,6668.54,214.40
03/01/24,6480.11,208.34
04/01/24,6480.65,208.36
05/01/24,6528.69,209.90
08/01/24,6497.03,208.88
09/01/24,6460.68,207.72
10/01/24,6439.71,207.04
11/01/24,6396.49,205.65
12/01/24,6506.69,209.19
15/01/24,6498.15,208.92
16/01/24,6426.06,206.60
17/01/24,6313.38,202.98
18/01/24,6315.96,203.06
19/01/24,6334.04,203.64
22/01/24,6177.43,198.61
23/01/24,6275.77,201.77
24/01/24,6345.91,204.03
25/01/24,6417.36,206.32
26/01/24,6379.14,205.09
29/01/24,6436.92,206.95
30/01/24,6473.45,208.13
31/01/24,6404.62,205.91
01/02/24,6479.73,208.33
02/02/24,6344.00,203.96
05/02/24,6208.79,199.62
06/02/24,6271.35,201.63
07/02/24,6205.11,199.50
08/02/24,6310.47,202.89
09/02/24,6316.54,203.08
12/02/24,6342.04,203.90
13/02/24,6177.98,198.63
14/02/24,6249.31,200.92
15/02/24,6404.97,205.92
16/02/24,6544.91,210.42
19/02/24,6361.82,204.54
20/02/24,6432.97,206.82
21/02/24,6395.21,205.61
22/02/24,6361.51,204.53
23/02/24,6419.83,206.40
26/02/24,6287.16,202.14
27/02/24,6276.13,201.78
28/02/24,6258.49,201.22
29/02/24,6297.15,202.46
01/03/24,6466.09,207.89
04/03/24,6676.84,214.67
05/03/24,6614.03,212.65
06/03/24,6752.87,217.11
07/03/24,6770.60,217.68
08/03/24,6798.84,218.59
11/03/24,6831.22,219.63
12/03/24,6736.88,216.60
13/03/24,6977.88,224.34
14/03/24,6920.45,222.50
15/03/24,7022.35,225.77
18/03/24,6977.76,224.34
19/03/24,6943.13,223.23
20/03/24,7124.25,229.05
21/03/24,6885.08,221.36
22/03/24,6867.90,220.81
25/03/24,6862.68,220.64
26/03/24,6797.38,218.54
27/03/24,6852.83,220.32
28/03/24,6938.94,223.09
29/03/24,6937.84,223.06
01/04/24,6969.88,224.09
02/04/24,7261.49,233.46
03/04/24,7533.82,242.22
04/04/24,7480.63,240.51
05/04/24,7640.27,245.64
08/04/24,7735.55,248.70
09/04/24,7826.71,251.63
10/04/24,7762.63,249.57
11/04/24,7910.09,254.32
12/04/24,7766.75,249.71
15/04/24,8027.23,258.08
16/04/24,7824.19,251.55
17/04/24,7845.32,252.23
18/04/24,7859.79,252.70
19/04/24,7989.12,256.86
22/04/24,7570.74,243.41
23/04/24,7604.02,244.48
24/04/24,7564.89,243.22
25/04/24,7641.05,245.67
26/04/24,7563.25,243.16
29/04/24,7556.71,242.95
30/04/24,7317.98,235.28
01/05/24,7416.50,238.45
02/05/24,7426.88,238.78
03/05/24,7396.97,237.82
06/05/24,7637.08,245.54
07/05/24,7577.62,243.63
08/05/24,7605.21,244.51
09/05/24,7891.45,253.72
10/05/24,7835.07,251.90
13/05/24,7848.06,252.32
14/05/24,7958.53,255.87
15/05/24,8256.19,265.44
16/05/24,8239.21,264.90
17/05/24,8752.97,281.41
20/05/24,8850.97,284.57
21/05/24,8902.81,286.23
22/05/24,8574.35,275.67
23/05/24,8388.01,269.68
24/05/24,8440.03,271.35
27/05/24,8815.74,283.43
28/05/24,8946.13,287.62
29/05/24,8906.61,286.35
30/05/24,8673.65,278.86
31/05/24,8466.49,272.20
03/06/24,8558.68,275.17
04/06/24,8209.78,263.95
05/06/24,8356.04,268.65
06/06/24,8718.67,280.31
07/06/24,8127.86,261.32
10/06/24,8263.20,265.67
11/06/24,8161.27,262.39
12/06/24,8276.37,266.09
13/06/24,8069.25,259.43
14/06/24,8237.61,264.85
17/06/24,8206.12,263.83
18/06/24,8228.06,264.54
19/06/24,8292.85,266.62
20/06/24,8559.91,275.21
21/06/24,8227.59,264.52
24/06/24,8238.90,264.89
25/06/24,8055.08,258.98
26/06/24,8012.73,257.62
27/06/24,8071.57,259.51
28/06/24,8116.06,260.94
01/07/24,8201.14,263.67
02/07/24,8218.85,264.24
03/07/24,8489.86,272.96
04/07/24,8468.36,272.26
05/07/24,8678.38,279.02
08/07/24,8566.39,275.42
09/07/24,8578.27,275.80
10/07/24,8582.42,275.93
11/07/24,8757.56,281.56
12/07/24,8558.48,275.16
15/07/24,8527.72,274.17
16/07/24,8708.26,279.98
17/07/24,8444.57,271.50
18/07/24,8298.23,266.79
19/07/24,8133.04,261.48
22/07/24,8105.31,260.59
23/07/24,8135.62,261.57
24/07/24,8050.16,258.82
25/07/24,7753.61,249.28
26/07/24,7765.49,249.67
29/07/24,7763.39,249.60
30/07/24,7915.35,254.48
31/07/24,8085.82,259.97
01/08/24,7947.20,255.51
02/08/24,7967.40,256.16
05/08/24,7588.45,243.97
06/08/24,7521.29,241.82
07/08/24,7412.87,238.33
08/08/24,7670.14,246.60
09/08/24,7655.77,246.14
12/08/24,7792.66,250.54
13/08/24,7759.98,249.49
14/08/24,7679.77,246.91
15/08/24,7904.19,254.13
16/08/24,8081.51,259.83
19/08/24,8200.16,263.64
20/08/24,8184.56,263.14
21/08/24,8248.38,265.19
22/08/24,8080.06,259.78
23/08/24,8311.66,267.23
26/08/24,8329.99,267.82
27/08/24,8345.95,268.33
28/08/24,8117.01,260.97
29/08/24,8208.53,263.91
30/08/24,8037.62,258.42
02/09/24,7951.03,255.63
03/09/24,7815.11,251.26
04/09/24,7838.25,252.01
05/09/24,8028.04,258.11
06/09/24,7781.71,250.19
09/09/24,7901.05,254.02
10/09/24,7916.28,254.51
11/09/24,7985.84,256.75
12/09/24,8319.85,267.49
13/09/24,8558.52,275.16
16/09/24,8551.13,274.93
17/09/24,8556.54,275.10
18/09/24,8367.79,269.03
19/09/24,8571.33,275.57
20/09/24,8663.95,278.55
23/09/24,8530.53,274.26
24/09/24,8922.13,286.85
25/09/24,8837.13,284.12
26/09/24,8891.54,285.87
27/09/24,8784.48,282.43
30/09/24,8655.44,278.28
01/10/24,8722.63,280.44
02/10/24,8836.89,284.11
03/10/24,8894.80,285.97
04/10/24,8936.28,287.31
07/10/24,8792.62,282.69
08/10/24,8514.33,273.74
09/10/24,8468.00,272.25
10/10/24,8652.07,278.17
11/10/24,8755.98,281.51
14/10/24,8664.98,278.59
15/10/24,8751.66,281.37
16/10/24,8795.08,282.77
17/10/24,8801.62,282.98
18/10/24,9360.73,300.95
21/10/24,9379.77,301.57
22/10/24,9677.67,311.14
23/10/24,9357.87,300.86
24/10/24,9356.08,300.81
25/10/24,9371.07,301.29
28/10/24,9368.77,301.21
29/10/24,9571.52,307.73
30/10/24,9386.93,301.80
31/10/24,9073.28,291.71
01/11/24,9015.53,289.86
04/11/24,9019.71,289.99
05/11/24,9076.01,291.80
06/11/24,8663.93,278.55
07/11/24,8903.79,286.26
08/11/24,8704.21,279.85
11/11/24,8529.06,274.22
12/11/24,8541.47,274.61
13/11/24,8429.51,271.01
14/11/24,8468.53,272.27
15/11/24,8400.59,270.09
18/11/24,8658.24,278.37
19/11/24,8676.39,278.95
20/11/24,8580.09,275.86
21/11/24,8560.32,275.22
22/11/24,8706.94,279.93
25/11/24,8423.90,270.83
26/11/24,8440.51,271.37
27/11/24,8365.69,268.96
28/11/24,8401.98,270.13
29/11/24,8514.31,273.74
02/12/24,8476.54,272.53
03/12/24,8624.26,277.28
04/12/24,8700.62,279.73
05/12/24,8709.10,280.00
06/12/24,8612.67,276.90
09/12/24,8854.47,284.68
10/12/24,8874.61,285.33
11/12/24,8862.97,284.95
12/12/24,8621.93,277.20
13/12/24,8492.69,273.05
16/12/24,8486.74,272.85
17/12/24,8494.91,273.12
18/12/24,8165.98,262.54
19/12/24,8083.55,259.89
20/12/24,8207.31,263.87
23/12/24,8271.83,265.95
24/12/24,8241.80,264.98
25/12/24,8233.84,264.72
26/12/24,8274.18,266.02
27/12/24,8174.26,262.81
30/12/24,8055.81,259.00
31/12/24,8035.24,258.34
01/01/25,8035.24,258.34
02/01/25,8236.42,264.81
03/01/25,8248.78,265.20
06/01/25,8347.30,268.37
07/01/25,8370.60,269.12
08/01/25,8393.32,269.85
09/01/25,8392.62,269.83
10/01/25,8468.15,272.26
13/01/25,8256.28,265.45
14/01/25,8339.39,268.12
15/01/25,8541.55,274.62
16/01/25,8595.07,276.34
17/01/25,8457.87,271.93
20/01/25,8519.34,273.90
21/01/25,8595.93,276.37
22/01/25,8591.21,276.21
23/01/25,8489.33,272.94
24/01/25,8522.37,274.00
27/01/25,8422.54,270.79
28/01/25,8486.30,272.84
29/01/25,8598.85,276.46
30/01/25,8815.05,283.41
31/01/25,8729.98,280.68
03/02/25,8807.72,283.17
04/02/25,8967.07,288.30
05/02/25,9012.07,289.74
06/02/25,8992.89,289.13
07/02/25,8880.96,285.53
10/02/25,8942.04,287.49
11/02/25,8878.53,285.45
12/02/25,8996.18,289.23
13/02/25,9039.44,290.62
14/02/25,8976.77,288.61
17/02/25,9048.46,290.91
18/02/25,9196.90,295.69
19/02/25,9147.31,294.09
20/02/25,9210.81,296.13
21/02/25,9083.46,292.04
24/02/25,9053.25,291.07
25/02/25,8877.70,285.42
26/02/25,8918.60,286.74
27/02/25,8742.34,281.07
28/02/25,8714.77,280.19
03/03/25,8858.23,284.80
04/03/25,8937.15,287.34
05/03/25,9134.51,293.68
06/03/25,9133.17,293.64
07/03/25,9111.16,292.93
10/03/25,9413.63,302.66
11/03/25,9223.43,296.54
12/03/25,9312.27,299.40
13/03/25,9486.60,305.00
14/03/25,9451.52,303.87
17/03/25,9487.74,305.04
18/03/25,9534.64,306.55
19/03/25,9471.47,304.51
20/03/25,9408.75,302.50
21/03/25,9257.45,297.63
24/03/25,9259.56,297.70
25/03/25,9455.08,303.99
26/03/25,9429.08,303.15
27/03/25,9636.05,309.81
28/03/25,9554.20,307.17
31/03/25,9554.51,307.18
01/04/25,9450.31,303.83
02/04/25,9522.95,306.17
03/04/25,8930.99,287.14
04/04/25,8300.13,266.86
07/04/25,8439.62,271.34
08/04/25,8365.25,268.95
09/04/25,8697.37,279.63
10/04/25,8739.09,280.97
11/04/25,9047.49,290.88
14/04/25,9076.57,291.82
15/04/25,9081.04,291.96
16/04/25,9183.66,295.26
17/04/25,9116.73,293.11
18/04/25,9116.73,293.11
21/04/25,9167.03,294.73
22/04/25,9120.03,293.22
23/04/25,9428.57,303.14
24/04/25,9432.36,303.26
25/04/25,9299.30,298.98
28/04/25,9322.33,299.72
29/04/25,9261.13,297.75
30/04/25,9167.81,294.75
01/05/25,9136.78,293.75
02/05/25,9035.14,290.49
05/05/25,9150.68,294.20
06/05/25,9367.74,301.18
07/05/25,9148.75,294.14
08/05/25,9144.42,294.00
09/05/25,9228.54,296.70
12/05/25,9159.38,294.48
13/05/25,9251.44,297.44
14/05/25,9053.89,291.09
15/05/25,9195.62,295.65
16/05/25,9085.96,292.12
19/05/25,9144.41,294.00
20/05/25,9353.97,300.74
21/05/25,9413.35,302.65
22/05/25,9309.71,299.31
23/05/25,9443.83,303.63
26/05/25,9443.56,303.62
27/05/25,9414.29,302.68
28/05/25,9328.11,299.91
29/05/25,9400.20,302.22
30/05/25,9292.73,298.77
02/06/25,9791.09,314.79
03/06/25,9773.66,314.23
04/06/25,9731.93,312.89
05/06/25,10060,323.45
06/06/25,10153,326.41
09/06/25,10371,333.43
10/06/25,10307,331.39
11/06/25,10236,329.08
12/06/25,10255,329.70
13/06/25,10276,330.39
16/06/25,10282,330.59
17/06/25,10519,338.19
18/06/25,10413,334.79
19/06/25,10316,331.66
20/06/25,10227,328.79
23/06/25,10239,329.19
24/06/25,10229,328.87
25/06/25,10312,331.54
26/06/25,10389,334.02
27/06/25,10211,328.29
30/06/25,10246,329.41
01/07/25,10226,328.76
02/07/25,10408,334.62
03/07/25,10461,336.33
04/07/25,10481,336.98
07/07/25,10453,336.07
08/07/25,10444,335.78
09/07/25,10347,332.68
10/07/25,10534,338.68
11/07/25,10927,351.30
14/07/25,10852,348.89
15/07/25,10735,345.14
16/07/25,10804,347.37
17/07/25,10866,349.35
18/07/25,10891,350.15
21/07/25,11106,357.07
22/07/25,11198,360.04
23/07/25,11201,360.13
24/07/25,11123,357.63
25/07/25,10829,348.17
28/07/25,10810,347.55
29/07/25,10817,347.77
30/07/25,10530,338.54
31/07/25,10411,334.73
01/08/25,10488,337.18
04/08/25,10594,340.62
05/08/25,10712,344.39
06/08/25,10722,344.72
07/08/25,10860,349.16
08/08/25,10869,349.46
11/08/25,10685,343.53
12/08/25,10763,346.05
13/08/25,10935,351.56
14/08/25,10766,346.13
15/08/25,10719,344.62
18/08/25,10731,345.01
19/08/25,10583,340.24
20/08/25,10740,345.28
21/08/25,10794,347.04
22/08/25,11029,354.60
25/08/25,10910,350.77
26/08/25,10919,351.06
27/08/25,10918,351.02
28/08/25,11081,356.27
29/08/25,11197,359.99
01/09/25,11538,370.95
02/09/25,11570,371.99
03/09/25,11656,374.76
04/09/25,11544,371.15
05/09/25,11642,374.29
08/09/25,11695,376.01
09/09/25,11542,371.07
10/09/25,11644,374.37
11/09/25,11757,378.00
12/09/25,11877,381.86
15/09/25,12038,387.04
16/09/25,11985,385.31
17/09/25,11788,379.00
18/09/25,11833,380.44
19/09/25,12231,393.24
22/09/25,12503,401.98
23/09/25,12451,400.31
24/09/25,12419,399.29
25/09/25,12776,410.77
26/09/25,12960,416.67
29/09/25,13265,426.48
30/09/25,13184,423.87
01/10/25,13355,429.37
02/10/25,13275,426.80
03/10/25,13505,434.20
06/10/25,13705,440.64
07/10/25,13516,434.54
08/10/25,13810,443.99
09/10/25,13905,447.05
10/10/25,14137,454.50
13/10/25,14834,476.93
14/10/25,14608,469.67
15/10/25,14914,479.49
16/10/25,15188,488.31
17/10/25,14735,473.74
20/10/25,14847,477.34
21/10/25,13737,441.64
22/10/25,13690,440.14
23/10/25,13790,443.37
24/10/25,13657,439.10
27/10/25,13243,425.77
28/10/25,13291,427.30
29/10/25,13430,431.78
30/10/25,13803,443.79
31/10/25,13673,439.58
03/11/25,13587,436.84
04/11/25,13334,428.68
05/11/25,13571,436.31
06/11/25,13576,436.48
07/11/25,13653,438.94
10/11/25,14290,459.42
11/11/25,14478,465.48
12/11/25,15060,484.18
13/11/25,14733,473.69
14/11/25,14301,459.80
17/11/25,14151,454.96
18/11/25,14286,459.32
19/11/25,14478,465.47
20/11/25,14316,460.26
21/11/25,14034,451.19
24/11/25,14455,464.75
25/11/25,14483,465.65
26/11/25,15031,483.27
27/11/25,15085,484.99
28/11/25,15910,511.52
01/12/25,16345,525.49
02/12/25,16469,529.50
03/12/25,16483,529.95
04/12/25,16100,517.61
05/12/25,16374,526.43
08/12/25,16439,528.51
09/12/25,17016,547.07
10/12/25,17389,559.07
11/12/25,17850,573.88
12/12/25,17363,558.24
15/12/25,17961,577.45
16/12/25,17864,574.34
17/12/25,18547,596.29
18/12/25,18358,590.24
19/12/25,18820,605.08
22/12/25,19339,621.75
23/12/25,20021,643.69
24/12/25,20147,647.75
25/12/25,20145,647.67
26/12/25,22212,714.14
29/12/25,20215,649.92
30/12/25,21359,686.69
31/12/25,20027,643.88
01/01/26,20027,643.88
02/01/26,20394,655.69
05/01/26,21460,689.97
06/01/26,22745,731.28
07/01/26,21899,704.06
08/01/26,21683,697.14
09/01/26,22373,719.32
12/01/26,23856,766.97
13/01/26,24340,782.54
14/01/26,26103,839.24
15/01/26,25854,831.21
16/01/26,25230,811.17
19/01/26,26387,848.36
20/01/26,26446,850.27
21/01/26,26047,837.42
22/01/26,26906,865.05
23/01/26,28893,928.94
26/01/26,29006,932.56
27/01/26,31356,1008.13
28/01/26,32605,1048.28
29/01/26,32485,1044.42
30/01/26,23702,762.03
02/02/26,22192,713.47
03/02/26,23808,765.45
04/02/26,24586,790.46
05/02/26,20018,643.60
06/02/26,21912,704.49
09/02/26,23294,748.92
10/02/26,22596,726.49
11/02/26,23620,759.41
12/02/26,20992,674.91
13/02/26,21643,695.85
16/02/26,21425,688.83
17/02/26,20556,660.90
18/02/26,21575,693.65
19/02/26,21965,706.19
20/02/26,23685,761.48
23/02/26,24575,790.09
24/02/26,24373,783.62
25/02/26,24868,799.52
26/02/26,24670,793.17
27/02/26,26198,842.28
02/03/26,24984,803.25
03/03/26,22916,736.76
04/03/26,23338,750.34
05/03/26,22981,738.85
06/03/26,23643,760.13
