Date,Price_per_oz_PKR,Price_per_gram_PKR
02/01/07,795.45,25.57
03/01/07,784.2,25.21
04/01/07,769.29,24.73
05/01/07,758.97,24.4
06/01/07,751.91,24.17
07/01/07,751.91,24.17
08/01/07,744.85,23.95
09/01/07,755.95,24.3
10/01/07,755.1,24.28
11/01/07,756.64,24.33
12/01/07,768.28,24.7
13/01/07,778.12,25.02
14/01/07,778.12,25.02
15/01/07,787.95,25.33
16/01/07,778.12,25.02
17/01/07,771.87,24.82
18/01/07,779.42,25.06
19/01/07,776.16,24.95
20/01/07,782.35,25.15
21/01/07,782.35,25.15
22/01/07,788.53,25.35
23/01/07,799.03,25.69
24/01/07,801.63,25.77
25/01/07,813.72,26.16
26/01/07,808.85,26.0
27/01/07,807.14,25.95
28/01/07,807.14,25.95
29/01/07,805.43,25.89
30/01/07,804.06,25.85
31/01/07,814.22,26.18
01/02/07,830.76,26.71
02/02/07,820.21,26.37
03/02/07,817.94,26.3
04/02/07,817.94,26.3
05/02/07,815.67,26.23
06/02/07,830.46,26.7
07/02/07,831.49,26.73
08/02/07,832.91,26.78
09/02/07,842.51,27.09
10/02/07,838.46,26.96
11/02/07,838.46,26.96
12/02/07,834.42,26.83
13/02/07,840.49,27.02
14/02/07,850.4,27.34
15/02/07,849.17,27.3
16/02/07,846.57,27.22
17/02/07,849.99,27.33
18/02/07,849.99,27.33
19/02/07,853.41,27.44
20/02/07,846.21,27.21
21/02/07,846.66,27.22
22/02/07,864.57,27.8
23/02/07,879.82,28.29
24/02/07,883.38,28.4
25/02/07,883.38,28.4
26/02/07,886.94,28.52
27/02/07,876.2,28.17
28/02/07,866.07,27.84
01/03/07,853.39,27.44
02/03/07,807.11,25.95
03/03/07,787.67,25.32
04/03/07,787.67,25.32
05/03/07,768.23,24.7
06/03/07,780.71,25.1
07/03/07,788.05,25.34
08/03/07,790.68,25.42
09/03/07,789.11,25.37
10/03/07,789.67,25.39
11/03/07,789.67,25.39
12/03/07,790.24,25.41
13/03/07,784.34,25.22
14/03/07,771.61,24.81
15/03/07,789.29,25.38
16/03/07,794.3,25.54
17/03/07,796.46,25.61
18/03/07,796.46,25.61
19/03/07,798.62,25.68
20/03/07,804.68,25.87
21/03/07,805.66,25.9
22/03/07,813.35,26.15
23/03/07,806.55,25.93
24/03/07,807.25,25.95
25/03/07,807.25,25.95
26/03/07,807.95,25.98
27/03/07,808.04,25.98
28/03/07,810.25,26.05
29/03/07,808.71,26.0
30/03/07,813.17,26.14
31/03/07,809.58,26.03
01/04/07,809.58,26.03
02/04/07,805.98,25.91
03/04/07,810.7,26.07
04/04/07,824.25,26.5
05/04/07,828.01,26.62
06/04/07,831.49,26.73
07/04/07,831.49,26.73
08/04/07,831.49,26.73
09/04/07,834.96,26.84
10/04/07,847.47,27.25
11/04/07,843.6,27.12
12/04/07,842.05,27.07
13/04/07,855.22,27.5
14/04/07,850.21,27.34
15/04/07,850.21,27.34
16/04/07,845.2,27.17
17/04/07,853.41,27.44
18/04/07,846.11,27.2
19/04/07,835.03,26.85
20/04/07,845.82,27.19
21/04/07,847.94,27.26
22/04/07,847.94,27.26
23/04/07,850.06,27.33
24/04/07,839.29,26.98
25/04/07,837.24,26.92
26/04/07,809.34,26.02
27/04/07,824.46,26.51
28/04/07,819.65,26.35
29/04/07,819.65,26.35
30/04/07,814.84,26.2
01/05/07,807.99,25.98
02/05/07,801.5,25.77
03/05/07,812.51,26.12
04/05/07,815.16,26.21
05/05/07,817.19,26.27
06/05/07,817.19,26.27
07/05/07,819.22,26.34
08/05/07,821.15,26.4
09/05/07,811.02,26.07
10/05/07,789.59,25.39
11/05/07,800.59,25.74
12/05/07,798.88,25.68
13/05/07,798.88,25.68
14/05/07,797.17,25.63
15/05/07,791.15,25.44
16/05/07,785.14,25.24
17/05/07,782.29,25.15
18/05/07,787.72,25.33
19/05/07,786.57,25.29
20/05/07,786.57,25.29
21/05/07,786.57,25.29
22/05/07,785.42,25.25
23/05/07,792.06,25.46
24/05/07,781.21,25.12
25/05/07,786.32,25.28
26/05/07,786.13,25.27
27/05/07,786.13,25.27
28/05/07,785.94,25.27
29/05/07,799.37,25.7
30/05/07,800.47,25.74
31/05/07,816.85,26.26
01/06/07,831.13,26.72
02/06/07,833.16,26.79
03/06/07,833.16,26.79
04/06/07,835.2,26.85
05/06/07,834.41,26.83
06/06/07,831.76,26.74
07/06/07,817.11,26.27
08/06/07,794.98,25.56
09/06/07,798.48,25.67
10/06/07,798.48,25.67
11/06/07,801.97,25.78
12/06/07,791.08,25.43
13/06/07,794.57,25.55
14/06/07,801.0,25.75
15/06/07,803.2,25.82
16/06/07,802.2,25.79
17/06/07,802.2,25.79
18/06/07,801.2,25.76
19/06/07,807.92,25.98
20/06/07,798.9,25.68
21/06/07,798.65,25.68
22/06/07,791.75,25.45
23/06/07,785.95,25.27
24/06/07,785.95,25.27
25/06/07,780.15,25.08
26/06/07,742.15,23.86
27/06/07,745.16,23.96
28/06/07,755.4,24.29
29/06/07,750.55,24.13
30/06/07,755.5,24.29
01/07/07,755.5,24.29
02/07/07,755.5,24.29
03/07/07,760.44,24.45
04/07/07,764.53,24.58
05/07/07,754.41,24.25
06/07/07,767.59,24.68
07/07/07,767.92,24.69
08/07/07,767.92,24.69
09/07/07,768.26,24.7
10/07/07,781.67,25.13
11/07/07,779.63,25.07
12/07/07,792.13,25.47
13/07/07,789.1,25.37
14/07/07,786.43,25.28
15/07/07,786.43,25.28
16/07/07,783.76,25.2
17/07/07,781.34,25.12
18/07/07,797.75,25.65
19/07/07,802.21,25.79
20/07/07,801.15,25.76
21/07/07,801.18,25.76
22/07/07,801.18,25.76
23/07/07,801.22,25.76
24/07/07,802.24,25.79
25/07/07,795.34,25.57
26/07/07,777.89,25.01
27/07/07,764.6,24.58
28/07/07,772.6,24.84
29/07/07,772.6,24.84
30/07/07,780.6,25.1
31/07/07,778.27,25.02
01/08/07,777.7,25.0
02/08/07,783.19,25.18
03/08/07,790.36,25.41
04/08/07,790.47,25.41
05/08/07,790.47,25.41
06/08/07,790.47,25.41
07/08/07,790.57,25.42
08/08/07,793.93,25.52
09/08/07,767.07,24.66
10/08/07,775.4,24.93
11/08/07,774.31,24.89
12/08/07,774.31,24.89
13/08/07,773.22,24.86
14/08/07,767.62,24.68
15/08/07,755.36,24.29
16/08/07,715.49,23.0
17/08/07,711.12,22.86
18/08/07,712.12,22.9
19/08/07,712.12,22.9
20/08/07,713.13,22.93
21/08/07,701.18,22.54
22/08/07,707.56,22.75
23/08/07,709.89,22.82
24/08/07,726.74,23.36
25/08/07,720.44,23.16
26/08/07,720.44,23.16
27/08/07,714.15,22.96
28/08/07,714.76,22.98
29/08/07,723.26,23.25
30/08/07,715.29,23.0
31/08/07,733.11,23.57
01/09/07,739.96,23.79
02/09/07,739.96,23.79
03/09/07,739.96,23.79
04/09/07,746.81,24.01
05/09/07,743.33,23.9
06/09/07,753.09,24.21
07/09/07,760.07,24.44
08/09/07,759.57,24.42
09/09/07,759.57,24.42
10/09/07,759.07,24.41
11/09/07,769.29,24.73
12/09/07,766.14,24.63
13/09/07,758.84,24.4
14/09/07,759.85,24.43
15/09/07,767.54,24.68
16/09/07,767.54,24.68
17/09/07,775.22,24.92
18/09/07,790.58,25.42
19/09/07,784.53,25.22
20/09/07,810.69,26.06
21/09/07,820.93,26.39
22/09/07,818.93,26.33
23/09/07,818.93,26.33
24/09/07,816.93,26.27
25/09/07,815.78,26.23
26/09/07,810.45,26.06
27/09/07,820.75,26.39
28/09/07,836.62,26.9
29/09/07,835.44,26.86
30/09/07,835.44,26.86
01/10/07,834.26,26.82
02/10/07,810.21,26.05
03/10/07,807.13,25.95
04/10/07,812.79,26.13
05/10/07,815.03,26.2
06/10/07,816.86,26.26
07/10/07,816.86,26.26
08/10/07,816.86,26.26
09/10/07,818.68,26.32
10/10/07,823.81,26.49
11/10/07,835.07,26.85
12/10/07,837.15,26.91
13/10/07,837.44,26.92
14/10/07,837.44,26.92
15/10/07,837.74,26.93
16/10/07,827.45,26.6
17/10/07,828.22,26.63
18/10/07,837.08,26.91
19/10/07,820.05,26.36
20/10/07,818.26,26.31
21/10/07,818.26,26.31
22/10/07,816.47,26.25
23/10/07,823.74,26.48
24/10/07,825.73,26.55
25/10/07,844.96,27.17
26/10/07,865.35,27.82
27/10/07,874.29,28.11
28/10/07,874.29,28.11
29/10/07,883.22,28.4
30/10/07,859.67,27.64
31/10/07,880.05,28.29
01/11/07,860.07,27.65
02/11/07,890.9,28.64
03/11/07,892.6,28.7
04/11/07,892.6,28.7
05/11/07,894.3,28.75
06/11/07,949.17,30.52
07/11/07,904.52,29.08
08/11/07,942.49,30.3
09/11/07,940.62,30.24
10/11/07,918.85,29.54
11/11/07,918.85,29.54
12/11/07,918.85,29.54
13/11/07,897.08,28.84
14/11/07,918.2,29.52
15/11/07,881.56,28.34
16/11/07,884.79,28.45
17/11/07,876.86,28.19
18/11/07,876.86,28.19
19/11/07,868.92,27.94
20/11/07,900.2,28.94
21/11/07,882.06,28.36
22/11/07,887.09,28.52
23/11/07,903.52,29.05
24/11/07,901.72,28.99
25/11/07,901.72,28.99
26/11/07,899.93,28.93
27/11/07,890.53,28.63
28/11/07,883.65,28.41
29/11/07,867.27,27.88
30/11/07,857.5,27.57
01/12/07,861.13,27.69
02/12/07,861.13,27.69
03/12/07,864.76,27.8
04/12/07,881.59,28.34
05/12/07,874.14,28.1
06/12/07,887.4,28.53
07/12/07,879.75,28.29
08/12/07,888.77,28.57
09/12/07,888.77,28.57
10/12/07,897.8,28.86
11/12/07,889.85,28.61
12/12/07,898.95,28.9
13/12/07,867.68,27.9
14/12/07,843.98,27.14
15/12/07,844.57,27.15
16/12/07,844.57,27.15
17/12/07,845.15,27.17
18/12/07,858.79,27.61
19/12/07,866.76,27.87
20/12/07,870.13,27.98
21/12/07,881.48,28.34
22/12/07,885.97,28.48
23/12/07,885.97,28.48
24/12/07,890.46,28.63
25/12/07,895.62,28.8
26/12/07,900.79,28.96
27/12/07,899.56,28.92
28/12/07,905.7,29.12
29/12/07,911.88,29.32
30/12/07,911.88,29.32
31/12/07,918.06,29.52
01/01/08,930.4,29.91
02/01/08,942.75,30.31
03/01/08,951.24,30.58
04/01/08,948.58,30.5
05/01/08,946.53,30.43
06/01/08,946.53,30.43
07/01/08,944.47,30.36
08/01/08,976.52,31.4
09/01/08,977.14,31.42
10/01/08,1004.78,32.3
11/01/08,1009.13,32.44
12/01/08,1013.63,32.59
13/01/08,1013.63,32.59
14/01/08,1018.13,32.73
15/01/08,991.43,31.88
16/01/08,988.76,31.79
17/01/08,993.77,31.95
18/01/08,1012.23,32.54
19/01/08,990.34,31.84
20/01/08,990.34,31.84
21/01/08,968.45,31.14
22/01/08,1000.46,32.17
23/01/08,1006.25,32.35
24/01/08,1025.62,32.98
25/01/08,1028.4,33.06
26/01/08,1037.74,33.36
27/01/08,1037.74,33.36
28/01/08,1047.07,33.66
29/01/08,1048.19,33.7
30/01/08,1057.51,34.0
31/01/08,1057.53,34.0
01/02/08,1051.25,33.8
02/02/08,1052.19,33.83
03/02/08,1052.19,33.83
04/02/08,1053.13,33.86
05/02/08,1027.87,33.05
06/02/08,1035.9,33.3
07/02/08,1054.48,33.9
08/02/08,1078.13,34.66
09/02/08,1088.46,34.99
10/02/08,1088.46,34.99
11/02/08,1098.79,35.33
12/02/08,1082.25,34.8
13/02/08,1089.98,35.04
14/02/08,1088.15,34.98
15/02/08,1077.04,34.63
16/02/08,1079.56,34.71
17/02/08,1079.56,34.71
18/02/08,1082.08,34.79
19/02/08,1105.4,35.54
20/02/08,1125.86,36.2
21/02/08,1121.77,36.07
22/02/08,1134.83,36.49
23/02/08,1137.9,36.58
24/02/08,1137.9,36.58
25/02/08,1140.97,36.68
26/02/08,1181.63,37.99
27/02/08,1203.75,38.7
28/02/08,1236.56,39.76
29/02/08,1237.45,39.78
01/03/08,1253.72,40.31
02/03/08,1253.72,40.31
03/03/08,1270.0,40.83
04/03/08,1236.25,39.75
05/03/08,1306.44,42.0
06/03/08,1261.25,40.55
07/03/08,1259.69,40.5
08/03/08,1248.11,40.13
09/03/08,1248.11,40.13
10/03/08,1236.53,39.76
11/03/08,1232.19,39.62
12/03/08,1265.77,40.7
13/03/08,1289.4,41.45
14/03/08,1297.87,41.73
15/03/08,1283.57,41.27
16/03/08,1283.57,41.27
17/03/08,1269.26,40.81
18/03/08,1244.51,40.01
19/03/08,1153.04,37.07
20/03/08,1054.73,33.91
21/03/08,1056.25,33.96
22/03/08,1056.25,33.96
23/03/08,1056.25,33.96
24/03/08,1057.77,34.01
25/03/08,1122.28,36.08
26/03/08,1163.32,37.4
27/03/08,1167.09,37.52
28/03/08,1127.12,36.24
29/03/08,1104.74,35.52
30/03/08,1104.74,35.52
31/03/08,1082.36,34.8
01/04/08,1060.04,34.08
02/04/08,1089.58,35.03
03/04/08,1092.75,35.13
04/04/08,1117.24,35.92
05/04/08,1125.66,36.19
06/04/08,1125.66,36.19
07/04/08,1134.09,36.46
08/04/08,1118.25,35.95
09/04/08,1145.18,36.82
10/04/08,1134.83,36.49
11/04/08,1122.75,36.1
12/04/08,1122.06,36.08
13/04/08,1122.06,36.08
14/04/08,1121.37,36.05
15/04/08,1135.55,36.51
16/04/08,1164.19,37.43
17/04/08,1164.84,37.45
18/04/08,1141.93,36.71
19/04/08,1131.01,36.36
20/04/08,1131.01,36.36
21/04/08,1120.08,36.01
22/04/08,1134.26,36.47
23/04/08,1102.27,35.44
24/04/08,1082.53,34.8
25/04/08,1092.29,35.12
26/04/08,1095.01,35.21
27/04/08,1095.01,35.21
28/04/08,1097.74,35.29
29/04/08,1071.2,34.44
30/04/08,1088.85,35.01
01/05/08,1050.88,33.79
02/05/08,1064.37,34.22
03/05/08,1083.34,34.83
04/05/08,1083.34,34.83
05/05/08,1102.32,35.44
06/05/08,1096.84,35.26
07/05/08,1110.56,35.7
08/05/08,1133.83,36.45
09/05/08,1153.5,37.09
10/05/08,1164.3,37.43
11/05/08,1164.3,37.43
12/05/08,1175.11,37.78
13/05/08,1145.66,36.83
14/05/08,1142.22,36.72
15/05/08,1157.43,37.21
16/05/08,1168.91,37.58
17/05/08,1176.51,37.83
18/05/08,1176.51,37.83
19/05/08,1184.1,38.07
20/05/08,1234.58,39.69
21/05/08,1251.48,40.24
22/05/08,1243.36,39.98
23/05/08,1267.98,40.77
24/05/08,1256.93,40.41
25/05/08,1256.93,40.41
26/05/08,1245.89,40.06
27/05/08,1193.84,38.38
28/05/08,1185.77,38.12
29/05/08,1124.21,36.14
30/05/08,1129.61,36.32
31/05/08,1128.78,36.29
01/06/08,1128.78,36.29
02/06/08,1127.95,36.26
03/06/08,1132.15,36.4
04/06/08,1136.69,36.55
05/06/08,1156.94,37.2
06/06/08,1182.09,38.01
07/06/08,1172.08,37.68
08/06/08,1172.08,37.68
09/06/08,1162.07,37.36
10/06/08,1127.38,36.25
11/06/08,1139.57,36.64
12/06/08,1103.52,35.48
13/06/08,1105.22,35.53
14/06/08,1127.13,36.24
15/06/08,1127.13,36.24
16/06/08,1149.05,36.94
17/06/08,1142.17,36.72
18/06/08,1165.14,37.46
19/06/08,1173.14,37.72
20/06/08,1171.08,37.65
21/06/08,1152.2,37.04
22/06/08,1152.2,37.04
23/06/08,1133.33,36.44
24/06/08,1131.76,36.39
25/06/08,1138.53,36.6
26/06/08,1166.01,37.49
27/06/08,1193.94,38.39
28/06/08,1193.17,38.36
29/06/08,1193.17,38.36
30/06/08,1192.4,38.34
01/07/08,1239.63,39.85
02/07/08,1251.72,40.24
03/07/08,1274.75,40.98
04/07/08,1259.61,40.5
05/07/08,1261.53,40.56
06/07/08,1261.53,40.56
07/07/08,1263.45,40.62
08/07/08,1294.34,41.61
09/07/08,1294.51,41.62
10/07/08,1305.29,41.97
11/07/08,1317.91,42.37
12/07/08,1323.78,42.56
13/07/08,1323.78,42.56
14/07/08,1329.65,42.75
15/07/08,1333.46,42.87
16/07/08,1339.95,43.08
17/07/08,1339.83,43.08
18/07/08,1289.75,41.47
19/07/08,1282.81,41.24
20/07/08,1282.81,41.24
21/07/08,1282.81,41.24
22/07/08,1275.87,41.02
23/07/08,1234.88,39.7
24/07/08,1237.19,39.78
25/07/08,1234.36,39.69
26/07/08,1243.64,39.98
27/07/08,1243.64,39.98
28/07/08,1252.93,40.28
29/07/08,1240.89,39.9
30/07/08,1256.23,40.39
31/07/08,1269.12,40.8
01/08/08,1250.34,40.2
02/08/08,1236.2,39.75
03/08/08,1236.2,39.75
04/08/08,1222.07,39.29
05/08/08,1191.6,38.31
06/08/08,1201.43,38.63
07/08/08,1177.04,37.84
08/08/08,1111.2,35.73
09/08/08,1094.39,35.19
10/08/08,1094.39,35.19
11/08/08,1077.59,34.65
12/08/08,1078.22,34.67
13/08/08,1119.45,35.99
14/08/08,1062.8,34.17
15/08/08,973.97,31.31
16/08/08,979.06,31.48
17/08/08,979.06,31.48
18/08/08,984.14,31.64
19/08/08,992.61,31.91
20/08/08,994.86,31.98
21/08/08,1051.99,33.82
22/08/08,1022.71,32.88
23/08/08,1028.51,33.07
24/08/08,1028.51,33.07
25/08/08,1034.3,33.25
26/08/08,1042.06,33.5
27/08/08,1027.64,33.04
28/08/08,1040.86,33.47
29/08/08,1038.61,33.39
30/08/08,1034.72,33.27
31/08/08,1034.72,33.27
01/09/08,1030.84,33.14
02/09/08,1009.7,32.46
03/09/08,985.97,31.7
04/09/08,971.81,31.24
05/09/08,933.18,30.0
06/09/08,929.29,29.88
07/09/08,929.29,29.88
08/09/08,925.41,29.75
09/09/08,870.45,27.99
10/09/08,818.92,26.33
11/09/08,811.04,26.07
12/09/08,830.02,26.69
13/09/08,837.43,26.92
14/09/08,837.43,26.92
15/09/08,844.85,27.16
16/09/08,807.15,25.95
17/09/08,936.56,30.11
18/09/08,922.7,29.66
19/09/08,976.19,31.39
20/09/08,1015.76,32.66
21/09/08,1015.76,32.66
22/09/08,1055.33,33.93
23/09/08,1031.6,33.17
24/09/08,1029.07,33.09
25/09/08,1037.75,33.36
26/09/08,1040.06,33.44
27/09/08,1033.15,33.22
28/09/08,1033.15,33.22
29/09/08,1026.25,32.99
30/09/08,937.65,30.15
01/10/08,981.42,31.55
02/10/08,849.71,27.32
03/10/08,871.99,28.04
04/10/08,869.5,27.95
05/10/08,869.5,27.95
06/10/08,867.0,27.88
07/10/08,909.59,29.24
08/10/08,930.06,29.9
09/10/08,967.03,31.09
10/10/08,806.15,25.92
11/10/08,836.43,26.89
12/10/08,836.43,26.89
13/10/08,866.71,27.86
14/10/08,880.75,28.32
15/10/08,833.43,26.8
16/10/08,782.69,25.16
17/10/08,790.34,25.41
18/10/08,795.57,25.58
19/10/08,795.57,25.58
20/10/08,800.8,25.75
21/10/08,828.24,26.63
22/10/08,779.88,25.07
23/10/08,794.14,25.53
24/10/08,762.02,24.5
25/10/08,747.56,24.04
26/10/08,747.56,24.04
27/10/08,733.1,23.57
28/10/08,756.62,24.33
29/10/08,799.6,25.71
30/10/08,802.38,25.8
31/10/08,799.37,25.7
01/11/08,797.94,25.65
02/11/08,797.94,25.65
03/11/08,796.52,25.61
04/11/08,834.56,26.83
05/11/08,836.54,26.89
06/11/08,812.12,26.11
07/11/08,817.37,26.28
08/11/08,822.49,26.44
09/11/08,822.49,26.44
10/11/08,827.6,26.61
11/11/08,788.68,25.36
12/11/08,753.61,24.23
13/11/08,755.83,24.3
14/11/08,763.98,24.56
15/11/08,754.49,24.26
16/11/08,754.49,24.26
17/11/08,744.99,23.95
18/11/08,762.39,24.51
19/11/08,736.5,23.68
20/11/08,713.75,22.95
21/11/08,766.83,24.65
22/11/08,798.5,25.67
23/11/08,798.5,25.67
24/11/08,830.16,26.69
25/11/08,810.85,26.07
26/11/08,813.46,26.15
27/11/08,816.89,26.26
28/11/08,815.55,26.22
29/11/08,774.39,24.9
30/11/08,774.39,24.9
01/12/08,733.23,23.57
02/12/08,750.07,24.11
03/12/08,763.89,24.56
04/12/08,748.13,24.05
05/12/08,749.82,24.11
06/12/08,767.72,24.68
07/12/08,767.72,24.68
08/12/08,785.62,25.26
09/12/08,775.78,24.94
10/12/08,799.78,25.71
11/12/08,816.11,26.24
12/12/08,809.55,26.03
13/12/08,830.05,26.69
14/12/08,830.05,26.69
15/12/08,850.56,27.35
16/12/08,921.94,29.64
17/12/08,899.32,28.91
18/12/08,874.68,28.12
19/12/08,860.11,27.65
20/12/08,858.17,27.59
21/12/08,858.17,27.59
22/12/08,856.24,27.53
23/12/08,813.69,26.16
24/12/08,816.73,26.26
25/12/08,829.68,26.67
26/12/08,842.63,27.09
27/12/08,851.45,27.38
28/12/08,851.45,27.38
29/12/08,860.28,27.66
30/12/08,868.36,27.92
31/12/08,898.72,28.89
01/01/09,905.93,29.13
02/01/09,913.15,29.36
03/01/09,897.84,28.87
04/01/09,897.84,28.87
05/01/09,882.52,28.37
06/01/09,898.15,28.88
07/01/09,858.27,27.59
08/01/09,846.32,27.21
09/01/09,891.66,28.67
10/01/09,866.45,27.86
11/01/09,866.45,27.86
12/01/09,841.25,27.05
13/01/09,847.59,27.25
14/01/09,842.14,27.07
15/01/09,841.14,27.04
16/01/09,892.75,28.7
17/01/09,890.29,28.62
18/01/09,890.29,28.62
19/01/09,887.83,28.54
20/01/09,890.56,28.63
21/01/09,898.94,28.9
22/01/09,909.55,29.24
23/01/09,946.87,30.44
24/01/09,950.4,30.56
25/01/09,950.4,30.56
26/01/09,953.94,30.67
27/01/09,954.69,30.69
28/01/09,944.24,30.36
29/01/09,968.06,31.12
30/01/09,1001.61,32.2
31/01/09,990.39,31.84
01/02/09,990.39,31.84
02/02/09,979.18,31.48
03/02/09,981.19,31.55
04/02/09,990.53,31.85
05/02/09,1004.22,32.29
06/02/09,1040.07,33.44
07/02/09,1029.29,33.09
08/02/09,1029.29,33.09
09/02/09,1018.51,32.75
10/02/09,1043.02,33.53
11/02/09,1069.6,34.39
12/02/09,1069.23,34.38
13/02/09,1088.98,35.01
14/02/09,1086.76,34.94
15/02/09,1086.76,34.94
16/02/09,1084.55,34.87
17/02/09,1127.23,36.24
18/02/09,1149.24,36.95
19/02/09,1123.19,36.11
20/02/09,1155.6,37.15
21/02/09,1152.96,37.07
22/02/09,1152.96,37.07
23/02/09,1150.32,36.98
24/02/09,1099.21,35.34
25/02/09,1095.46,35.22
26/02/09,1052.1,33.83
27/02/09,1046.55,33.65
28/02/09,1038.39,33.38
01/03/09,1038.39,33.38
02/03/09,1030.24,33.12
03/03/09,1025.43,32.97
04/03/09,1042.81,33.53
05/03/09,1061.21,34.12
06/03/09,1074.73,34.55
07/03/09,1060.31,34.09
08/03/09,1060.31,34.09
09/03/09,1045.88,33.63
10/03/09,1004.57,32.3
11/03/09,1029.38,33.09
12/03/09,1039.55,33.42
13/03/09,1059.21,34.05
14/03/09,1050.13,33.76
15/03/09,1050.13,33.76
16/03/09,1041.05,33.47
17/03/09,1021.52,32.84
18/03/09,1040.69,33.46
19/03/09,1094.84,35.2
20/03/09,1105.13,35.53
21/03/09,1101.88,35.43
22/03/09,1101.88,35.43
23/03/09,1098.63,35.32
24/03/09,1084.19,34.86
25/03/09,1081.17,34.76
26/03/09,1087.73,34.97
27/03/09,1073.73,34.52
28/03/09,1060.91,34.11
29/03/09,1060.91,34.11
30/03/09,1048.1,33.7
31/03/09,1043.33,33.54
01/04/09,1051.17,33.8
02/04/09,1047.57,33.68
03/04/09,1027.41,33.03
04/04/09,1002.16,32.22
05/04/09,1002.16,32.22
06/04/09,976.91,31.41
07/04/09,985.92,31.7
08/04/09,988.24,31.77
09/04/09,992.04,31.89
10/04/09,1012.12,32.54
11/04/09,1012.12,32.54
12/04/09,1012.12,32.54
13/04/09,1032.2,33.19
14/04/09,1022.52,32.88
15/04/09,1030.56,33.13
16/04/09,985.98,31.7
17/04/09,955.82,30.73
18/04/09,964.91,31.02
19/04/09,964.91,31.02
20/04/09,974.0,31.32
21/04/09,971.79,31.24
22/04/09,992.42,31.91
23/04/09,1033.44,33.23
24/04/09,1037.0,33.34
25/04/09,1037.6,33.36
26/04/09,1037.6,33.36
27/04/09,1038.2,33.38
28/04/09,1004.0,32.28
29/04/09,1026.72,33.01
30/04/09,991.39,31.87
01/05/09,1002.43,32.23
02/05/09,1025.75,32.98
03/05/09,1025.75,32.98
04/05/09,1049.07,33.73
05/05/09,1073.91,34.53
06/05/09,1107.03,35.59
07/05/09,1112.27,35.76
08/05/09,1130.68,36.35
09/05/09,1127.16,36.24
10/05/09,1127.16,36.24
11/05/09,1123.63,36.13
12/05/09,1148.78,36.93
13/05/09,1131.21,36.37
14/05/09,1133.99,36.46
15/05/09,1131.5,36.38
16/05/09,1124.55,36.16
17/05/09,1124.55,36.16
18/05/09,1117.59,35.93
19/05/09,1145.98,36.84
20/05/09,1154.84,37.13
21/05/09,1172.7,37.7
22/05/09,1176.18,37.81
23/05/09,1178.2,37.88
24/05/09,1178.2,37.88
25/05/09,1180.22,37.95
26/05/09,1173.73,37.74
27/05/09,1186.99,38.16
28/05/09,1232.15,39.61
29/05/09,1279.32,41.13
30/05/09,1270.41,40.84
31/05/09,1270.41,40.84
01/06/09,1261.51,40.56
02/06/09,1296.81,41.69
03/06/09,1239.88,39.86
04/06/09,1284.78,41.31
05/06/09,1230.65,39.57
06/06/09,1219.85,39.22
07/06/09,1219.85,39.22
08/06/09,1209.04,38.87
09/06/09,1232.16,39.62
10/06/09,1231.29,39.59
11/06/09,1245.38,40.04
12/06/09,1197.65,38.51
13/06/09,1168.7,37.57
14/06/09,1168.7,37.57
15/06/09,1139.76,36.64
16/06/09,1151.78,37.03
17/06/09,1165.32,37.47
18/06/09,1156.53,37.18
19/06/09,1147.74,36.9
20/06/09,1130.62,36.35
21/06/09,1130.62,36.35
22/06/09,1113.51,35.8
23/06/09,1127.53,36.25
24/06/09,1129.33,36.31
25/06/09,1139.79,36.65
26/06/09,1145.27,36.82
27/06/09,1136.99,36.55
28/06/09,1136.99,36.55
29/06/09,1128.7,36.29
30/06/09,1109.63,35.67
01/07/09,1106.35,35.57
02/07/09,1092.54,35.13
03/07/09,1092.54,35.13
04/07/09,1092.54,35.13
05/07/09,1092.54,35.13
06/07/09,1078.73,34.68
07/07/09,1067.6,34.32
08/07/09,1048.59,33.71
09/07/09,1040.79,33.46
10/07/09,1035.04,33.28
11/07/09,1042.69,33.52
12/07/09,1042.69,33.52
13/07/09,1050.34,33.77
14/07/09,1066.61,34.29
15/07/09,1083.05,34.82
16/07/09,1088.02,34.98
17/07/09,1099.7,35.36
18/07/09,1110.7,35.71
19/07/09,1110.7,35.71
20/07/09,1121.71,36.06
21/07/09,1110.31,35.7
22/07/09,1125.24,36.18
23/07/09,1129.8,36.32
24/07/09,1143.76,36.77
25/07/09,1153.27,37.08
26/07/09,1153.27,37.08
27/07/09,1162.78,37.38
28/07/09,1136.94,36.55
29/07/09,1112.59,35.77
30/07/09,1116.95,35.91
31/07/09,1153.4,37.08
01/08/09,1169.07,37.59
02/08/09,1169.07,37.59
03/08/09,1184.74,38.09
04/08/09,1217.24,39.13
05/08/09,1221.25,39.26
06/08/09,1211.99,38.97
07/08/09,1203.46,38.69
08/08/09,1195.34,38.43
09/08/09,1195.34,38.43
10/08/09,1187.21,38.17
11/08/09,1188.04,38.2
12/08/09,1204.14,38.71
13/08/09,1244.87,40.02
14/08/09,1208.24,38.85
15/08/09,1183.82,38.06
16/08/09,1183.82,38.06
17/08/09,1159.4,37.28
18/08/09,1155.3,37.14
19/08/09,1150.56,36.99
20/08/09,1149.2,36.95
21/08/09,1169.95,37.62
22/08/09,1170.38,37.63
23/08/09,1170.38,37.63
24/08/09,1170.8,37.64
25/08/09,1181.87,38.0
26/08/09,1181.97,38.0
27/08/09,1170.74,37.64
28/08/09,1230.92,39.58
29/08/09,1231.96,39.61
30/08/09,1231.96,39.61
31/08/09,1233.0,39.64
01/09/09,1244.1,40.0
02/09/09,1272.38,40.91
03/09/09,1346.88,43.3
04/09/09,1342.43,43.16
05/09/09,1348.29,43.35
06/09/09,1348.29,43.35
07/09/09,1354.14,43.54
08/09/09,1369.11,44.02
09/09/09,1352.91,43.5
10/09/09,1377.24,44.28
11/09/09,1384.51,44.51
12/09/09,1375.01,44.21
13/09/09,1375.01,44.21
14/09/09,1365.51,43.9
15/09/09,1404.45,45.15
16/09/09,1440.18,46.3
17/09/09,1433.21,46.08
18/09/09,1411.43,45.38
19/09/09,1401.74,45.07
20/09/09,1401.74,45.07
21/09/09,1392.04,44.76
22/09/09,1417.37,45.57
23/09/09,1390.81,44.72
24/09/09,1348.89,43.37
25/09/09,1333.13,42.86
26/09/09,1340.18,43.09
27/09/09,1340.18,43.09
28/09/09,1347.23,43.31
29/09/09,1346.91,43.3
30/09/09,1393.82,44.81
01/10/09,1363.63,43.84
02/10/09,1346.63,43.3
03/10/09,1363.47,43.84
04/10/09,1363.47,43.84
05/10/09,1380.3,44.38
06/10/09,1445.35,46.47
07/10/09,1469.5,47.25
08/10/09,1473.14,47.36
09/10/09,1475.28,47.43
10/10/09,1477.15,47.49
11/10/09,1477.15,47.49
12/10/09,1479.02,47.55
13/10/09,1481.12,47.62
14/10/09,1490.47,47.92
15/10/09,1443.17,46.4
16/10/09,1451.08,46.65
17/10/09,1468.34,47.21
18/10/09,1468.34,47.21
19/10/09,1485.59,47.76
20/10/09,1458.57,46.89
21/10/09,1474.93,47.42
22/10/09,1473.27,47.37
23/10/09,1471.64,47.31
24/10/09,1443.54,46.41
25/10/09,1443.54,46.41
26/10/09,1415.43,45.51
27/10/09,1394.92,44.85
28/10/09,1352.98,43.5
29/10/09,1384.65,44.52
30/10/09,1366.22,43.92
31/10/09,1374.92,44.2
01/11/09,1374.92,44.2
02/11/09,1383.62,44.48
03/11/09,1438.07,46.23
04/11/09,1462.29,47.01
05/11/09,1456.55,46.83
06/11/09,1453.72,46.74
07/11/09,1460.1,46.94
08/11/09,1460.1,46.94
09/11/09,1466.48,47.15
10/11/09,1439.94,46.3
11/11/09,1466.91,47.16
12/11/09,1446.14,46.49
13/11/09,1452.82,46.71
14/11/09,1492.02,47.97
15/11/09,1492.02,47.97
16/11/09,1531.22,49.23
17/11/09,1544.52,49.66
18/11/09,1543.03,49.61
19/11/09,1546.68,49.73
20/11/09,1546.4,49.72
21/11/09,1550.79,49.86
22/11/09,1550.79,49.86
23/11/09,1555.18,50.0
24/11/09,1542.97,49.61
25/11/09,1569.18,50.45
26/11/09,1551.56,49.88
27/11/09,1526.83,49.09
28/11/09,1529.1,49.16
29/11/09,1529.1,49.16
30/11/09,1531.37,49.23
01/12/09,1594.3,51.26
02/12/09,1623.24,52.19
03/12/09,1568.87,50.44
04/12/09,1547.48,49.75
05/12/09,1539.99,49.51
06/12/09,1539.99,49.51
07/12/09,1532.49,49.27
08/12/09,1490.37,47.92
09/12/09,1471.58,47.31
10/12/09,1464.82,47.09
11/12/09,1456.67,46.83
12/12/09,1461.7,46.99
13/12/09,1461.7,46.99
14/12/09,1466.73,47.16
15/12/09,1467.22,47.17
16/12/09,1502.29,48.3
17/12/09,1452.01,46.68
18/12/09,1458.0,46.88
19/12/09,1450.76,46.64
20/12/09,1450.76,46.64
21/12/09,1443.52,46.41
22/12/09,1434.39,46.12
23/12/09,1448.6,46.57
24/12/09,1475.23,47.43
25/12/09,1472.45,47.34
26/12/09,1475.37,47.43
27/12/09,1475.37,47.43
28/12/09,1478.29,47.53
29/12/09,1443.7,46.42
30/12/09,1412.76,45.42
31/12/09,1427.09,45.88
01/01/10,1421.17,45.69
02/01/10,1454.79,46.77
03/01/10,1454.79,46.77
04/01/10,1488.41,47.85
05/01/10,1505.95,48.42
06/01/10,1546.54,49.72
07/01/10,1538.78,49.47
08/01/10,1557.19,50.06
09/01/10,1566.51,50.36
10/01/10,1566.51,50.36
11/01/10,1575.83,50.66
12/01/10,1548.62,49.79
13/01/10,1584.82,50.95
14/01/10,1573.26,50.58
15/01/10,1549.96,49.83
16/01/10,1562.93,50.25
17/01/10,1562.93,50.25
18/01/10,1575.91,50.67
19/01/10,1588.98,51.09
20/01/10,1522.96,48.96
21/01/10,1469.43,47.24
22/01/10,1435.19,46.14
23/01/10,1445.06,46.46
24/01/10,1445.06,46.46
25/01/10,1454.92,46.78
26/01/10,1429.59,45.96
27/01/10,1408.82,45.3
28/01/10,1377.21,44.28
29/01/10,1385.86,44.56
30/01/10,1397.57,44.93
31/01/10,1397.57,44.93
01/02/10,1409.29,45.31
02/02/10,1419.83,45.65
03/02/10,1395.77,44.88
04/02/10,1305.83,41.98
05/02/10,1280.34,41.16
06/02/10,1278.27,41.1
07/02/10,1278.27,41.1
08/02/10,1276.2,41.03
09/02/10,1316.55,42.33
10/02/10,1297.86,41.73
11/02/10,1329.55,42.75
12/02/10,1314.97,42.28
13/02/10,1317.98,42.37
14/02/10,1317.98,42.37
15/02/10,1320.99,42.47
16/02/10,1365.65,43.91
17/02/10,1351.98,43.47
18/02/10,1348.14,43.34
19/02/10,1386.35,44.57
20/02/10,1385.15,44.53
21/02/10,1385.15,44.53
22/02/10,1383.95,44.49
23/02/10,1355.75,43.59
24/02/10,1365.93,43.92
25/02/10,1364.24,43.86
26/02/10,1402.47,45.09
27/02/10,1401.62,45.06
28/02/10,1401.62,45.06
01/03/10,1400.77,45.04
02/03/10,1442.37,46.37
03/03/10,1465.22,47.11
04/03/10,1454.88,46.77
05/03/10,1469.22,47.24
06/03/10,1464.33,47.08
07/03/10,1464.33,47.08
08/03/10,1459.44,46.92
09/03/10,1464.6,47.09
10/03/10,1436.16,46.17
11/03/10,1452.53,46.7
12/03/10,1440.17,46.3
13/03/10,1444.44,46.44
14/03/10,1444.44,46.44
15/03/10,1448.71,46.58
16/03/10,1470.93,47.29
17/03/10,1474.27,47.4
18/03/10,1468.37,47.21
19/03/10,1429.15,45.95
20/03/10,1427.76,45.9
21/03/10,1427.76,45.9
22/03/10,1426.36,45.86
23/03/10,1429.32,45.95
24/03/10,1394.61,44.84
25/03/10,1392.69,44.78
26/03/10,1418.29,45.6
27/03/10,1436.76,46.19
28/03/10,1436.76,46.19
29/03/10,1455.22,46.79
30/03/10,1447.04,46.52
31/03/10,1468.62,47.22
01/04/10,1509.96,48.55
02/04/10,1514.37,48.69
03/04/10,1516.45,48.76
04/04/10,1516.45,48.76
05/04/10,1518.53,48.82
06/04/10,1506.83,48.45
07/04/10,1518.75,48.83
08/04/10,1510.38,48.56
09/04/10,1543.76,49.63
10/04/10,1535.36,49.36
11/04/10,1535.36,49.36
12/04/10,1526.95,49.09
13/04/10,1523.57,48.98
14/04/10,1543.78,49.63
15/04/10,1543.76,49.63
16/04/10,1491.0,47.94
17/04/10,1491.5,47.95
18/04/10,1491.5,47.95
19/04/10,1492.0,47.97
20/04/10,1505.14,48.39
21/04/10,1515.02,48.71
22/04/10,1513.11,48.65
23/04/10,1540.84,49.54
24/04/10,1536.28,49.39
25/04/10,1536.28,49.39
26/04/10,1531.72,49.25
27/04/10,1545.23,49.68
28/04/10,1517.41,48.79
29/04/10,1555.94,50.02
30/04/10,1567.8,50.41
01/05/10,1575.2,50.64
02/05/10,1575.2,50.64
03/05/10,1582.6,50.88
04/05/10,1511.36,48.59
05/05/10,1487.69,47.83
06/05/10,1481.65,47.64
07/05/10,1547.92,49.77
08/05/10,1566.92,50.38
09/05/10,1566.92,50.38
10/05/10,1585.92,50.99
11/05/10,1633.19,52.51
12/05/10,1639.75,52.72
13/05/10,1645.85,52.91
14/05/10,1633.21,52.51
15/05/10,1612.65,51.85
16/05/10,1612.65,51.85
17/05/10,1592.09,51.19
18/05/10,1626.37,52.29
19/05/10,1508.51,48.5
20/05/10,1500.36,48.24
21/05/10,1489.91,47.9
22/05/10,1505.41,48.4
23/05/10,1505.41,48.4
24/05/10,1520.91,48.9
25/05/10,1512.46,48.63
26/05/10,1538.41,49.46
27/05/10,1567.22,50.39
28/05/10,1572.29,50.55
29/05/10,1579.11,50.77
30/05/10,1579.11,50.77
31/05/10,1585.92,50.99
01/06/10,1585.48,50.97
02/06/10,1569.56,50.46
03/06/10,1535.23,49.36
04/06/10,1487.93,47.84
05/06/10,1522.1,48.94
06/06/10,1522.1,48.94
07/06/10,1556.27,50.03
08/06/10,1555.82,50.02
09/06/10,1554.58,49.98
10/06/10,1551.54,49.88
11/06/10,1554.79,49.99
12/06/10,1558.86,50.12
13/06/10,1558.86,50.12
14/06/10,1562.92,50.25
15/06/10,1587.18,51.03
16/06/10,1574.84,50.63
17/06/10,1603.47,51.55
18/06/10,1634.95,52.56
19/06/10,1616.89,51.98
20/06/10,1616.89,51.98
21/06/10,1598.84,51.4
22/06/10,1610.69,51.78
23/06/10,1580.93,50.83
24/06/10,1597.2,51.35
25/06/10,1632.04,52.47
26/06/10,1620.65,52.1
27/06/10,1620.65,52.1
28/06/10,1609.27,51.74
29/06/10,1579.91,50.8
30/06/10,1596.8,51.34
01/07/10,1527.21,49.1
02/07/10,1531.79,49.25
03/07/10,1526.99,49.09
04/07/10,1526.99,49.09
05/07/10,1522.19,48.94
06/07/10,1529.9,49.19
07/07/10,1546.86,49.73
08/07/10,1533.59,49.31
09/07/10,1558.21,50.1
10/07/10,1545.79,49.7
11/07/10,1545.79,49.7
12/07/10,1533.37,49.3
13/07/10,1563.85,50.28
14/07/10,1563.45,50.27
15/07/10,1568.01,50.41
16/07/10,1530.21,49.2
17/07/10,1516.97,48.77
18/07/10,1516.97,48.77
19/07/10,1503.73,48.35
20/07/10,1513.91,48.67
21/07/10,1516.8,48.77
22/07/10,1554.18,49.97
23/07/10,1540.98,49.54
24/07/10,1545.67,49.69
25/07/10,1545.67,49.69
26/07/10,1550.36,49.84
27/07/10,1509.85,48.54
28/07/10,1501.48,48.27
29/07/10,1503.97,48.35
30/07/10,1528.93,49.16
31/07/10,1546.18,49.71
01/08/10,1546.18,49.71
02/08/10,1563.42,50.27
03/08/10,1579.99,50.8
04/08/10,1577.73,50.73
05/08/10,1577.37,50.71
06/08/10,1573.09,50.58
07/08/10,1575.78,50.66
08/08/10,1575.78,50.66
09/08/10,1578.48,50.75
10/08/10,1559.53,50.14
11/08/10,1545.21,49.68
12/08/10,1559.58,50.14
13/08/10,1553.92,49.96
14/08/10,1564.01,50.28
15/08/10,1564.01,50.28
16/08/10,1574.1,50.61
17/08/10,1582.11,50.87
18/08/10,1584.89,50.95
19/08/10,1569.51,50.46
20/08/10,1537.09,49.42
21/08/10,1541.47,49.56
22/08/10,1541.47,49.56
23/08/10,1545.85,49.7
24/08/10,1569.93,50.47
25/08/10,1618.41,52.03
26/08/10,1613.42,51.87
27/08/10,1633.06,52.5
28/08/10,1631.99,52.47
29/08/10,1631.99,52.47
30/08/10,1630.93,52.44
31/08/10,1653.39,53.16
01/09/10,1655.29,53.22
02/09/10,1677.33,53.93
03/09/10,1696.96,54.56
04/09/10,1704.33,54.8
05/09/10,1704.33,54.8
06/09/10,1711.7,55.03
07/09/10,1714.51,55.12
08/09/10,1709.37,54.96
09/09/10,1695.15,54.5
10/09/10,1702.23,54.73
11/09/10,1710.05,54.98
12/09/10,1710.05,54.98
13/09/10,1717.87,55.23
14/09/10,1764.42,56.73
15/09/10,1769.62,56.9
16/09/10,1779.74,57.22
17/09/10,1777.73,57.16
18/09/10,1778.55,57.18
19/09/10,1778.55,57.18
20/09/10,1779.37,57.21
21/09/10,1785.44,57.4
22/09/10,1813.44,58.3
23/09/10,1823.04,58.61
24/09/10,1842.3,59.23
25/09/10,1845.69,59.34
26/09/10,1845.69,59.34
27/09/10,1849.08,59.45
28/09/10,1874.23,60.26
29/09/10,1889.67,60.75
30/09/10,1879.64,60.43
01/10/10,1909.15,61.38
02/10/10,1897.98,61.02
03/10/10,1897.98,61.02
04/10/10,1886.81,60.66
05/10/10,1970.56,63.35
06/10/10,1989.09,63.95
07/10/10,1944.58,62.52
08/10/10,1997.64,64.23
09/10/10,2006.97,64.53
10/10/10,2006.97,64.53
11/10/10,2016.31,64.83
12/10/10,2003.23,64.41
13/10/10,2070.5,66.57
14/10/10,2127.08,68.39
15/10/10,2091.49,67.24
16/10/10,2089.34,67.17
17/10/10,2089.34,67.17
18/10/10,2087.19,67.11
19/10/10,2022.84,65.04
20/10/10,2065.33,66.4
21/10/10,1988.88,63.94
22/10/10,1996.98,64.2
23/10/10,2016.17,64.82
24/10/10,2016.17,64.82
25/10/10,2035.36,65.44
26/10/10,2067.84,66.48
27/10/10,2035.92,65.46
28/10/10,2057.66,66.16
29/10/10,2100.42,67.53
30/10/10,2115.53,68.02
31/10/10,2115.53,68.02
01/11/10,2130.64,68.5
02/11/10,2132.87,68.57
03/11/10,2116.71,68.05
04/11/10,2250.39,72.35
05/11/10,2290.28,73.63
06/11/10,2322.43,74.67
07/11/10,2322.43,74.67
08/11/10,2354.58,75.7
09/11/10,2352.16,75.62
10/11/10,2314.7,74.42
11/11/10,2356.1,75.75
12/11/10,2236.06,71.89
13/11/10,2209.27,71.03
14/11/10,2209.27,71.03
15/11/10,2182.48,70.17
16/11/10,2184.07,70.22
17/11/10,2198.67,70.69
18/11/10,2334.95,75.07
19/11/10,2332.14,74.98
20/11/10,2353.76,75.68
21/11/10,2353.76,75.68
22/11/10,2375.37,76.37
23/11/10,2346.84,75.45
24/11/10,2360.22,75.88
25/11/10,2351.56,75.6
26/11/10,2290.13,73.63
27/11/10,2309.14,74.24
28/11/10,2309.14,74.24
29/11/10,2328.15,74.85
30/11/10,2410.84,77.51
01/12/10,2434.99,78.29
02/12/10,2460.76,79.11
03/12/10,2510.94,80.73
04/12/10,2543.78,81.78
05/12/10,2543.78,81.78
06/12/10,2576.61,82.84
07/12/10,2483.42,79.84
08/12/10,2426.68,78.02
09/12/10,2465.84,79.28
10/12/10,2457.74,79.02
11/12/10,2499.64,80.37
12/12/10,2499.64,80.37
13/12/10,2541.54,81.71
14/12/10,2536.65,81.56
15/12/10,2492.29,80.13
16/12/10,2470.24,79.42
17/12/10,2493.67,80.17
18/12/10,2505.62,80.56
19/12/10,2505.62,80.56
20/12/10,2517.57,80.94
21/12/10,2516.1,80.89
22/12/10,2512.88,80.79
23/12/10,2515.9,80.89
24/12/10,2506.62,80.59
25/12/10,2515.49,80.88
26/12/10,2515.49,80.88
27/12/10,2524.37,81.16
28/12/10,2591.16,83.31
29/12/10,2629.41,84.54
30/12/10,2622.01,84.3
31/12/10,2654.04,85.33
01/01/11,2639.3,84.86
02/01/11,2639.3,84.86
03/01/11,2624.56,84.38
04/01/11,2563.15,82.41
05/01/11,2515.72,80.88
06/01/11,2493.27,80.16
07/01/11,2467.42,79.33
08/01/11,2481.44,79.78
09/01/11,2481.44,79.78
10/01/11,2495.47,80.23
11/01/11,2527.37,81.26
12/01/11,2545.83,81.85
13/01/11,2468.35,79.36
14/01/11,2429.01,78.09
15/01/11,2428.57,78.08
16/01/11,2428.57,78.08
17/01/11,2428.14,78.07
18/01/11,2477.12,79.64
19/01/11,2477.3,79.65
20/01/11,2363.31,75.98
21/01/11,2342.39,75.31
22/01/11,2333.73,75.03
23/01/11,2333.73,75.03
24/01/11,2325.08,74.75
25/01/11,2304.85,74.1
26/01/11,2370.51,76.21
27/01/11,2323.35,74.7
28/01/11,2410.99,77.52
29/01/11,2410.95,77.51
30/01/11,2410.95,77.51
31/01/11,2410.91,77.51
01/02/11,2448.65,78.73
02/02/11,2425.53,77.98
03/02/11,2469.43,79.39
04/02/11,2489.89,80.05
05/02/11,2505.28,80.55
06/02/11,2505.28,80.55
07/02/11,2520.68,81.04
08/02/11,2590.61,83.29
09/02/11,2569.75,82.62
10/02/11,2568.84,82.59
11/02/11,2537.16,81.57
12/02/11,2569.17,82.6
13/02/11,2569.17,82.6
14/02/11,2601.18,83.63
15/02/11,2623.46,84.35
16/02/11,2615.51,84.09
17/02/11,2704.77,86.96
18/02/11,2782.91,89.47
19/02/11,2849.64,91.62
20/02/11,2849.64,91.62
21/02/11,2916.36,93.76
22/02/11,2832.12,91.06
23/02/11,2870.78,92.3
24/02/11,2766.84,88.96
25/02/11,2852.13,91.7
26/02/11,2877.45,92.51
27/02/11,2877.45,92.51
28/02/11,2902.77,93.33
01/03/11,2979.34,95.79
02/03/11,2964.17,95.3
03/03/11,2933.01,94.3
04/03/11,3037.47,97.66
05/03/11,3049.77,98.05
06/03/11,3049.77,98.05
07/03/11,3062.08,98.45
08/03/11,3072.59,98.79
09/03/11,3076.74,98.92
10/03/11,3024.29,97.23
11/03/11,3049.52,98.04
12/03/11,3058.83,98.34
13/03/11,3058.83,98.34
14/03/11,3068.14,98.64
15/03/11,2922.05,93.95
16/03/11,2889.24,92.89
17/03/11,2944.27,94.66
18/03/11,3012.22,96.84
19/03/11,3048.63,98.02
20/03/11,3048.63,98.02
21/03/11,3085.04,99.19
22/03/11,3107.38,99.91
23/03/11,3192.58,102.64
24/03/11,3190.38,102.57
25/03/11,3174.89,102.07
26/03/11,3175.62,102.09
27/03/11,3175.62,102.09
28/03/11,3176.36,102.12
29/03/11,3155.91,101.46
30/03/11,3186.11,102.44
31/03/11,3210.82,103.23
01/04/11,3223.21,103.63
02/04/11,3263.11,104.91
03/04/11,3263.11,104.91
04/04/11,3303.01,106.19
05/04/11,3343.32,107.49
06/04/11,3368.47,108.3
07/04/11,3379.65,108.66
08/04/11,3464.53,111.39
09/04/11,3436.33,110.48
10/04/11,3436.33,110.48
11/04/11,3408.13,109.57
12/04/11,3387.52,108.91
13/04/11,3435.46,110.45
14/04/11,3556.72,114.35
15/04/11,3619.86,116.38
16/04/11,3633.49,116.82
17/04/11,3633.49,116.82
18/04/11,3647.12,117.26
19/04/11,3713.81,119.4
20/04/11,3816.31,122.7
21/04/11,3933.21,126.46
22/04/11,4027.77,129.5
23/04/11,3990.31,128.3
24/04/11,3990.31,128.3
25/04/11,3952.85,127.09
26/04/11,3854.0,123.91
27/04/11,4085.71,131.36
28/04/11,4097.59,131.74
29/04/11,4070.75,130.88
30/04/11,3920.14,126.03
01/05/11,3920.14,126.03
02/05/11,3769.54,121.19
03/05/11,3482.85,111.98
04/05/11,3330.71,107.08
05/05/11,3011.04,96.81
06/05/11,3053.77,98.18
07/05/11,3125.39,100.49
08/05/11,3125.39,100.49
09/05/11,3197.02,102.79
10/05/11,3272.22,105.2
11/05/11,3014.4,96.92
12/05/11,2974.02,95.62
13/05/11,3014.72,96.93
14/05/11,2948.61,94.8
15/05/11,2948.61,94.8
16/05/11,2882.5,92.67
17/05/11,2902.05,93.3
18/05/11,3016.2,96.97
19/05/11,3022.52,97.18
20/05/11,3030.08,97.42
21/05/11,3015.63,96.95
22/05/11,3015.63,96.95
23/05/11,3001.18,96.49
24/05/11,3139.85,100.95
25/05/11,3243.01,104.27
26/05/11,3200.48,102.9
27/05/11,3257.3,104.72
28/05/11,3272.19,105.2
29/05/11,3272.19,105.2
30/05/11,3287.07,105.68
31/05/11,3309.32,106.4
01/06/11,3207.38,103.12
02/06/11,3122.08,100.38
03/06/11,3114.12,100.12
04/06/11,3145.43,101.13
05/06/11,3145.43,101.13
06/06/11,3176.75,102.14
07/06/11,3197.14,102.79
08/06/11,3169.85,101.91
09/06/11,3227.57,103.77
10/06/11,3106.65,99.88
11/06/11,3045.27,97.91
12/06/11,3045.27,97.91
13/06/11,2983.89,95.93
14/06/11,3039.98,97.74
15/06/11,3088.43,99.3
16/06/11,3047.89,97.99
17/06/11,3081.07,99.06
18/06/11,3083.47,99.14
19/06/11,3083.47,99.14
20/06/11,3085.86,99.21
21/06/11,3126.1,100.51
22/06/11,3123.12,100.41
23/06/11,2994.93,96.29
24/06/11,2951.5,94.89
25/06/11,2927.07,94.11
26/06/11,2927.07,94.11
27/06/11,2902.63,93.32
28/06/11,2919.21,93.86
29/06/11,3004.41,96.59
30/06/11,2993.89,96.26
01/07/11,2915.81,93.75
02/07/11,2921.78,93.94
03/07/11,2921.78,93.94
04/07/11,2927.75,94.13
05/07/11,3057.26,98.29
06/07/11,3087.46,99.26
07/07/11,3128.45,100.58
08/07/11,3156.88,101.5
09/07/11,3114.98,100.15
10/07/11,3114.98,100.15
11/07/11,3073.08,98.8
12/07/11,3102.66,99.75
13/07/11,3278.79,105.42
14/07/11,3288.81,105.74
15/07/11,3387.18,108.9
16/07/11,3438.74,110.56
17/07/11,3438.74,110.56
18/07/11,3490.31,112.22
19/07/11,3362.51,108.11
20/07/11,3459.86,111.24
21/07/11,3379.83,108.66
22/07/11,3455.14,111.09
23/07/11,3470.54,111.59
24/07/11,3470.54,111.59
25/07/11,3485.94,112.08
26/07/11,3526.61,113.38
27/07/11,3490.3,112.22
28/07/11,3433.21,110.38
29/07/11,3452.36,111.0
30/07/11,3448.85,110.88
31/07/11,3448.85,110.88
01/08/11,3445.33,110.77
02/08/11,3545.42,113.99
03/08/11,3610.0,116.06
04/08/11,3371.61,108.4
05/08/11,3282.57,105.54
06/08/11,3338.06,107.32
07/08/11,3338.06,107.32
08/08/11,3393.54,109.1
09/08/11,3223.83,103.65
10/08/11,3443.38,110.71
11/08/11,3328.86,107.03
12/08/11,3374.35,108.49
13/08/11,3397.03,109.22
14/08/11,3397.03,109.22
15/08/11,3419.72,109.95
16/08/11,3448.99,110.89
17/08/11,3492.61,112.29
18/08/11,3518.21,113.11
19/08/11,3726.31,119.8
20/08/11,3768.11,121.14
21/08/11,3768.11,121.14
22/08/11,3809.91,122.49
23/08/11,3639.58,117.02
24/08/11,3448.28,110.86
25/08/11,3575.19,114.95
26/08/11,3593.82,115.54
27/08/11,3582.53,115.18
28/08/11,3582.53,115.18
29/08/11,3571.25,114.82
30/08/11,3599.42,115.72
31/08/11,3621.57,116.44
01/09/11,3626.69,116.6
02/09/11,3770.25,121.22
03/09/11,3785.3,121.7
04/09/11,3800.35,122.18
05/09/11,3769.6,121.2
06/09/11,3721.9,119.66
07/09/11,3643.2,117.13
08/09/11,3711.53,119.33
09/09/11,3669.95,117.99
10/09/11,3588.93,115.38
11/09/11,3588.93,115.38
12/09/11,3507.92,112.78
13/09/11,3591.13,115.46
14/09/11,3571.31,114.82
15/09/11,3500.79,112.55
16/09/11,3573.32,114.88
17/09/11,3522.64,113.25
18/09/11,3522.64,113.25
19/09/11,3471.95,111.63
20/09/11,3482.98,111.98
21/09/11,3505.94,112.72
22/09/11,3134.47,100.78
23/09/11,2719.57,87.44
24/09/11,2699.1,86.78
25/09/11,2699.1,86.78
26/09/11,2678.62,86.12
27/09/11,2793.25,89.81
28/09/11,2542.14,81.73
29/09/11,2685.02,86.33
30/09/11,2625.81,84.42
01/10/11,2643.73,85.0
02/10/11,2643.73,85.0
03/10/11,2661.65,85.57
04/10/11,2595.63,83.45
05/10/11,2662.6,85.6
06/10/11,2793.42,89.81
07/10/11,2729.28,87.75
08/10/11,2762.24,88.81
09/10/11,2762.24,88.81
10/10/11,2795.19,89.87
11/10/11,2796.52,89.91
12/10/11,2849.16,91.6
13/10/11,2758.01,88.67
14/10/11,2785.1,89.54
15/10/11,2774.99,89.22
16/10/11,2774.99,89.22
17/10/11,2764.89,88.89
18/10/11,2780.66,89.4
19/10/11,2713.83,87.25
20/10/11,2641.22,84.92
21/10/11,2725.18,87.62
22/10/11,2738.89,88.06
23/10/11,2738.89,88.06
24/10/11,2752.61,88.5
25/10/11,2891.67,92.97
26/10/11,2904.03,93.37
27/10/11,3054.2,98.19
28/10/11,3066.78,98.6
29/10/11,3029.39,97.4
30/10/11,3029.39,97.4
31/10/11,2992.0,96.19
01/11/11,2870.66,92.29
02/11/11,2957.56,95.09
03/11/11,2972.03,95.55
04/11/11,2940.72,94.55
05/11/11,2981.84,95.87
06/11/11,2981.84,95.87
07/11/11,3022.96,97.19
08/11/11,3005.05,96.61
09/11/11,2963.67,95.28
10/11/11,2810.75,90.37
11/11/11,3000.79,96.48
12/11/11,2988.05,96.07
13/11/11,2988.05,96.07
14/11/11,2975.3,95.66
15/11/11,3005.58,96.63
16/11/11,2940.3,94.53
17/11/11,2760.4,88.75
18/11/11,2835.42,91.16
19/11/11,2793.33,89.81
20/11/11,2793.33,89.81
21/11/11,2751.24,88.45
22/11/11,2867.6,92.19
23/11/11,2785.0,89.54
24/11/11,2802.66,90.11
25/11/11,2741.6,88.14
26/11/11,2774.4,89.2
27/11/11,2774.4,89.2
28/11/11,2807.21,90.25
29/11/11,2789.68,89.69
30/11/11,2897.21,93.15
01/12/11,2907.77,93.49
02/12/11,2915.17,93.72
03/12/11,2925.05,94.04
04/12/11,2934.93,94.36
05/12/11,2868.94,92.24
06/12/11,2937.58,94.44
07/12/11,2906.02,93.43
08/12/11,2820.63,90.69
09/12/11,2862.57,92.03
10/12/11,2813.24,90.45
11/12/11,2813.24,90.45
12/12/11,2763.9,88.86
13/12/11,2754.07,88.55
14/12/11,2589.01,83.24
15/12/11,2623.93,84.36
16/12/11,2664.07,85.65
17/12/11,2664.86,85.68
18/12/11,2665.66,85.7
19/12/11,2585.01,83.11
20/12/11,2658.63,85.48
21/12/11,2651.74,85.25
22/12/11,2608.13,83.85
23/12/11,2599.28,83.57
24/12/11,2598.29,83.54
25/12/11,2598.29,83.54
26/12/11,2597.3,83.5
27/12/11,2578.74,82.91
28/12/11,2436.8,78.34
29/12/11,2495.28,80.22
30/12/11,2504.67,80.53
31/12/11,2498.41,80.33
01/01/12,2492.15,80.12
02/01/12,2510.48,80.71
03/01/12,2676.73,86.06
04/01/12,2667.33,85.76
05/01/12,2649.21,85.17
06/01/12,2607.49,83.83
07/01/12,2609.97,83.91
08/01/12,2609.97,83.91
09/01/12,2612.44,83.99
10/01/12,2691.38,86.53
11/01/12,2694.42,86.63
12/01/12,2733.57,87.89
13/01/12,2682.28,86.24
14/01/12,2695.84,86.67
15/01/12,2695.84,86.67
16/01/12,2709.39,87.11
17/01/12,2722.83,87.54
18/01/12,2758.0,88.67
19/01/12,2749.31,88.39
20/01/12,2904.09,93.37
21/01/12,2913.1,93.66
22/01/12,2913.1,93.66
23/01/12,2922.1,93.95
24/01/12,2884.7,92.75
25/01/12,2993.01,96.23
26/01/12,3020.52,97.11
27/01/12,3049.96,98.06
28/01/12,3033.7,97.54
29/01/12,3033.7,97.54
30/01/12,3017.44,97.01
31/01/12,2997.97,96.39
01/02/12,3045.79,97.92
02/02/12,3102.03,99.73
03/02/12,3043.15,97.84
04/02/12,3046.06,97.93
05/02/12,3048.96,98.03
06/02/12,3048.23,98.0
07/02/12,3091.26,99.39
08/02/12,3084.35,99.16
09/02/12,3093.73,99.47
10/02/12,3041.62,97.79
11/02/12,3037.04,97.64
12/02/12,3032.46,97.5
13/02/12,3056.62,98.27
14/02/12,3043.7,97.86
15/02/12,3036.26,97.62
16/02/12,3020.66,97.12
17/02/12,3021.16,97.13
18/02/12,3015.33,96.95
19/02/12,3009.5,96.76
20/02/12,3026.68,97.31
21/02/12,3117.91,100.24
22/02/12,3115.33,100.16
23/02/12,3203.2,102.99
24/02/12,3219.17,103.5
25/02/12,3215.68,103.38
26/02/12,3212.18,103.27
27/02/12,3216.25,103.4
28/02/12,3358.02,107.96
29/02/12,3160.77,101.62
01/03/12,3225.58,103.7
02/03/12,3163.42,101.71
03/03/12,3160.13,101.6
04/03/12,3156.84,101.49
05/03/12,3093.03,99.44
06/03/12,2998.19,96.39
07/03/12,3040.14,97.74
08/03/12,3079.96,99.02
09/03/12,3109.04,99.96
10/03/12,3108.74,99.95
11/03/12,3108.45,99.94
12/03/12,3050.54,98.08
13/03/12,3037.26,97.65
14/03/12,2914.57,93.71
15/03/12,2963.48,95.28
16/03/12,2948.34,94.79
17/03/12,2945.65,94.7
18/03/12,2942.97,94.62
19/03/12,2985.94,96.0
20/03/12,2916.16,93.76
21/03/12,2918.82,93.84
22/03/12,2866.06,92.15
23/03/12,2953.43,94.95
24/03/12,2980.35,95.82
25/03/12,2980.35,95.82
26/03/12,3007.26,96.69
27/03/12,2953.02,94.94
28/03/12,2906.86,93.46
29/03/12,2923.87,94.0
30/03/12,2924.38,94.02
31/03/12,2922.42,93.96
01/04/12,2920.46,93.89
02/04/12,2993.01,96.23
03/04/12,2972.56,95.57
04/04/12,2830.7,91.01
05/04/12,2860.18,91.96
06/04/12,2861.76,92.01
07/04/12,2860.57,91.97
08/04/12,2859.37,91.93
09/04/12,2839.37,91.29
10/04/12,2879.83,92.59
11/04/12,2869.15,92.25
12/04/12,2938.54,94.48
13/04/12,2860.6,91.97
14/04/12,2860.97,91.98
15/04/12,2861.35,92.0
16/04/12,2860.92,91.98
17/04/12,2868.49,92.22
18/04/12,2870.98,92.3
19/04/12,2882.59,92.68
20/04/12,2875.38,92.45
21/04/12,2879.28,92.57
22/04/12,2883.19,92.7
23/04/12,2802.64,90.11
24/04/12,2800.68,90.04
25/04/12,2787.57,89.62
26/04/12,2830.21,90.99
27/04/12,2848.07,91.57
28/04/12,2851.11,91.66
29/04/12,2854.14,91.76
30/04/12,2819.31,90.64
01/05/12,2818.4,90.61
02/05/12,2787.72,89.63
03/05/12,2732.18,87.84
04/05/12,2760.5,88.75
05/05/12,2766.95,88.96
06/05/12,2773.4,89.17
07/05/12,2727.56,87.69
08/05/12,2686.53,86.37
09/05/12,2657.39,85.44
10/05/12,2648.22,85.14
11/05/12,2633.52,84.67
12/05/12,2635.02,84.72
13/05/12,2636.52,84.77
14/05/12,2560.84,82.33
15/05/12,2518.59,80.97
16/05/12,2479.91,79.73
17/05/12,2552.63,82.07
18/05/12,2606.15,83.79
19/05/12,2603.59,83.71
20/05/12,2601.03,83.62
21/05/12,2602.43,83.67
22/05/12,2579.19,82.92
23/05/12,2559.81,82.3
24/05/12,2608.2,83.86
25/05/12,2626.33,84.44
26/05/12,2619.81,84.23
27/05/12,2613.28,84.02
28/05/12,2611.23,83.95
29/05/12,2598.48,83.54
30/05/12,2608.1,83.85
31/05/12,2599.17,83.56
01/06/12,2671.12,85.88
02/06/12,2672.07,85.91
03/06/12,2673.02,85.94
04/06/12,2654.0,85.33
05/06/12,2673.18,85.94
06/06/12,2747.17,88.32
07/06/12,2693.14,86.59
08/06/12,2686.01,86.36
09/06/12,2669.87,85.84
10/06/12,2653.73,85.32
11/06/12,2703.49,86.92
12/06/12,2737.46,88.01
13/06/12,2739.17,88.07
14/06/12,2700.27,86.82
15/06/12,2706.35,87.01
16/06/12,2698.69,86.77
17/06/12,2691.04,86.52
18/06/12,2713.89,87.25
19/06/12,2666.44,85.73
20/06/12,2644.5,85.02
21/06/12,2540.56,81.68
22/06/12,2543.12,81.76
23/06/12,2542.8,81.75
24/06/12,2542.48,81.74
25/06/12,2600.81,83.62
26/06/12,2560.78,82.33
27/06/12,2555.47,82.16
28/06/12,2483.96,79.86
29/06/12,2601.85,83.65
30/06/12,2602.91,83.69
01/07/12,2602.91,83.69
02/07/12,2603.98,83.72
03/07/12,2679.35,86.14
04/07/12,2683.66,86.28
05/07/12,2599.69,83.58
06/07/12,2545.89,81.85
07/07/12,2547.04,81.89
08/07/12,2548.19,81.93
09/07/12,2574.49,82.77
10/07/12,2528.41,81.29
11/07/12,2564.99,82.47
12/07/12,2535.86,81.53
13/07/12,2578.02,82.89
14/07/12,2574.74,82.78
15/07/12,2571.46,82.67
16/07/12,2578.07,82.89
17/07/12,2577.65,82.87
18/07/12,2564.88,82.46
19/07/12,2574.93,82.79
20/07/12,2581.08,82.98
21/07/12,2583.1,83.05
22/07/12,2585.12,83.11
23/07/12,2589.79,83.26
24/07/12,2547.89,81.92
25/07/12,2582.96,83.04
26/07/12,2601.31,83.63
27/07/12,2636.32,84.76
28/07/12,2632.02,84.62
29/07/12,2627.71,84.48
30/07/12,2665.67,85.7
31/07/12,2653.15,85.3
01/08/12,2597.3,83.5
02/08/12,2567.91,82.56
03/08/12,2628.28,84.5
04/08/12,2625.99,84.43
05/08/12,2623.7,84.35
06/08/12,2633.81,84.68
07/08/12,2655.47,85.38
08/08/12,2640.88,84.91
09/08/12,2643.47,84.99
10/08/12,2621.05,84.27
11/08/12,2621.21,84.27
12/08/12,2621.37,84.28
13/08/12,2592.18,83.34
14/08/12,2629.96,84.56
15/08/12,2630.18,84.56
16/08/12,2666.62,85.73
17/08/12,2652.75,85.29
18/08/12,2651.89,85.26
19/08/12,2651.03,85.23
20/08/12,2719.78,87.44
21/08/12,2740.01,88.09
22/08/12,2776.86,89.28
23/08/12,2835.98,91.18
24/08/12,2868.31,92.22
25/08/12,2866.13,92.15
26/08/12,2863.95,92.08
27/08/12,2866.39,92.16
28/08/12,2864.35,92.09
29/08/12,2859.59,91.94
30/08/12,2838.37,91.26
31/08/12,2941.93,94.58
01/09/12,2939.34,94.5
02/09/12,2936.74,94.42
03/09/12,2975.87,95.68
04/09/12,3000.33,96.46
05/09/12,2983.7,95.93
06/09/12,3015.02,96.94
07/09/12,3062.51,98.46
08/09/12,3064.71,98.53
09/09/12,3066.91,98.6
10/09/12,3042.5,97.82
11/09/12,3035.79,97.6
12/09/12,3147.12,101.18
13/09/12,3256.24,104.69
14/09/12,3272.23,105.2
15/09/12,3272.92,105.22
16/09/12,3273.61,105.25
17/09/12,3229.7,103.84
18/09/12,3286.81,105.67
19/09/12,3271.55,105.18
20/09/12,3271.89,105.19
21/09/12,3273.13,105.23
22/09/12,3271.93,105.19
23/09/12,3270.74,105.16
24/09/12,3215.11,103.37
25/09/12,3195.33,102.73
26/09/12,3219.56,103.51
27/09/12,3287.95,105.71
28/09/12,3271.02,105.17
29/09/12,3270.73,105.16
30/09/12,3270.44,105.15
01/10/12,3296.0,105.97
02/10/12,3292.41,105.85
03/10/12,3295.53,105.95
04/10/12,3337.4,107.3
05/10/12,3294.0,105.9
06/10/12,3295.39,105.94
07/10/12,3296.78,105.99
08/10/12,3260.37,104.82
09/10/12,3238.56,104.12
10/10/12,3250.06,104.49
11/10/12,3250.88,104.52
12/10/12,3195.03,102.72
13/10/12,3195.94,102.75
14/10/12,3196.84,102.78
15/10/12,3118.44,100.26
16/10/12,3132.19,100.7
17/10/12,3172.53,102.0
18/10/12,3138.01,100.89
19/10/12,3061.5,98.43
20/10/12,3062.23,98.45
21/10/12,3062.97,98.48
22/10/12,3094.77,99.5
23/10/12,3029.57,97.4
24/10/12,3032.26,97.49
25/10/12,3077.12,98.93
26/10/12,3077.12,98.93
27/10/12,3065.89,98.57
28/10/12,3065.89,98.57
29/10/12,3054.66,98.21
30/10/12,3039.65,97.73
31/10/12,3087.56,99.27
01/11/12,3083.23,99.13
02/11/12,2958.41,95.11
03/11/12,2960.06,95.17
04/11/12,2961.71,95.22
05/11/12,2997.05,96.36
06/11/12,3074.4,98.84
07/11/12,3049.63,98.05
08/11/12,3101.23,99.71
09/11/12,3125.1,100.47
10/11/12,3121.59,100.36
11/11/12,3118.07,100.25
12/11/12,3105.56,99.85
13/11/12,3121.42,100.36
14/11/12,3140.02,100.95
15/11/12,3127.35,100.55
16/11/12,3099.4,99.65
17/11/12,3097.47,99.59
18/11/12,3095.54,99.52
19/11/12,3188.86,102.52
20/11/12,3192.12,102.63
21/11/12,3200.44,102.9
22/11/12,3197.23,102.79
23/11/12,3276.5,105.34
24/11/12,3269.58,105.12
25/11/12,3262.66,104.9
26/11/12,3279.26,105.43
27/11/12,3272.54,105.21
28/11/12,3253.78,104.61
29/11/12,3309.08,106.39
30/11/12,3237.0,104.07
01/12/12,3235.49,104.02
02/12/12,3233.98,103.97
03/12/12,3250.86,104.52
04/12/12,3179.94,102.24
05/12/12,3179.89,102.24
06/12/12,3191.73,102.62
07/12/12,3198.46,102.83
08/12/12,3201.56,102.93
09/12/12,3204.65,103.03
10/12/12,3228.12,103.79
11/12/12,3204.8,103.04
12/12/12,3251.46,104.54
13/12/12,3173.87,102.04
14/12/12,3153.33,101.38
15/12/12,3149.43,101.25
16/12/12,3145.53,101.13
17/12/12,3169.75,101.91
18/12/12,3096.6,99.56
19/12/12,3039.4,97.72
20/12/12,2917.05,93.78
21/12/12,2929.87,94.2
22/12/12,2929.32,94.18
23/12/12,2928.77,94.16
24/12/12,2922.58,93.96
25/12/12,2930.53,94.22
26/12/12,2926.78,94.1
27/12/12,2944.88,94.68
28/12/12,2925.68,94.06
29/12/12,2926.15,94.08
30/12/12,2926.63,94.09
31/12/12,2949.49,94.83
01/01/13,2947.29,94.76
02/01/13,3020.79,97.12
03/01/13,2952.55,94.93
04/01/13,2951.09,94.88
05/01/13,2944.64,94.67
06/01/13,2944.64,94.67
07/01/13,2938.2,94.47
08/01/13,2964.44,95.31
09/01/13,2955.08,95.01
10/01/13,2970.33,95.5
11/01/13,2964.03,95.3
12/01/13,2994.27,96.27
13/01/13,2994.27,96.27
14/01/13,3024.51,97.24
15/01/13,3053.55,98.17
16/01/13,3078.19,98.97
17/01/13,3097.38,99.58
18/01/13,3114.25,100.13
19/01/13,3121.77,100.37
20/01/13,3121.77,100.37
21/01/13,3129.29,100.61
22/01/13,3144.48,101.1
23/01/13,3148.55,101.23
24/01/13,3092.41,99.42
25/01/13,3048.82,98.02
26/01/13,3035.49,97.59
27/01/13,3035.49,97.59
28/01/13,3022.17,97.17
29/01/13,3064.66,98.53
30/01/13,3130.46,100.65
31/01/13,3074.0,98.83
01/02/13,3117.92,100.24
02/02/13,3117.49,100.23
03/02/13,3117.49,100.23
04/02/13,3117.06,100.22
05/02/13,3111.17,100.03
06/02/13,3121.46,100.36
07/02/13,3080.11,99.03
08/02/13,3077.25,98.94
09/02/13,3057.22,98.29
10/02/13,3057.22,98.29
11/02/13,3037.19,97.65
12/02/13,3052.4,98.14
13/02/13,3016.73,96.99
14/02/13,2980.25,95.82
15/02/13,2920.41,93.89
16/02/13,2925.35,94.05
17/02/13,2925.35,94.05
18/02/13,2930.29,94.21
19/02/13,2892.79,93.0
20/02/13,2800.6,90.04
21/02/13,2811.41,90.39
22/02/13,2817.1,90.57
23/02/13,2835.79,91.17
24/02/13,2835.79,91.17
25/02/13,2854.48,91.77
26/02/13,2887.8,92.84
27/02/13,2846.75,91.53
28/02/13,2804.74,90.17
01/03/13,2808.91,90.31
02/03/13,2806.91,90.24
03/03/13,2806.91,90.24
04/03/13,2804.91,90.18
05/03/13,2819.52,90.65
06/03/13,2856.63,91.84
07/03/13,2836.96,91.21
08/03/13,2831.23,91.03
09/03/13,2832.27,91.06
10/03/13,2832.27,91.06
11/03/13,2833.3,91.09
12/03/13,2853.36,91.74
13/03/13,2829.4,90.97
14/03/13,2808.45,90.29
15/03/13,2821.2,90.7
16/03/13,2837.78,91.24
17/03/13,2837.78,91.24
18/03/13,2854.36,91.77
19/03/13,2838.65,91.27
20/03/13,2831.99,91.05
21/03/13,2864.84,92.11
22/03/13,2823.63,90.78
23/03/13,2831.2,91.03
24/03/13,2831.2,91.03
25/03/13,2838.77,91.27
26/03/13,2829.5,90.97
27/03/13,2822.06,90.73
28/03/13,2789.25,89.68
29/03/13,2790.28,89.71
30/03/13,2775.26,89.23
31/03/13,2775.26,89.23
01/04/13,2760.23,88.74
02/04/13,2681.06,86.2
03/04/13,2653.78,85.32
04/04/13,2645.35,85.05
05/04/13,2693.72,86.61
06/04/13,2688.03,86.42
07/04/13,2688.03,86.42
08/04/13,2682.35,86.24
09/04/13,2754.77,88.57
10/04/13,2716.63,87.34
11/04/13,2719.6,87.44
12/04/13,2555.11,82.15
13/04/13,2393.61,76.96
14/04/13,2393.61,76.96
15/04/13,2232.11,71.76
16/04/13,2305.45,74.12
17/04/13,2295.67,73.81
18/04/13,2289.71,73.62
19/04/13,2288.81,73.59
20/04/13,2297.62,73.87
21/04/13,2297.62,73.87
22/04/13,2306.44,74.15
23/04/13,2260.29,72.67
24/04/13,2283.19,73.41
25/04/13,2402.53,77.24
26/04/13,2363.65,75.99
27/04/13,2392.68,76.93
28/04/13,2392.68,76.93
29/04/13,2421.71,77.86
30/04/13,2396.19,77.04
01/05/13,2327.94,74.84
02/05/13,2346.71,75.45
03/05/13,2372.67,76.28
04/05/13,2368.36,76.14
05/05/13,2368.36,76.14
06/05/13,2364.05,76.01
07/05/13,2360.07,75.88
08/05/13,2359.79,75.87
09/05/13,2347.13,75.46
10/05/13,2345.69,75.42
11/05/13,2338.71,75.19
12/05/13,2338.71,75.19
13/05/13,2331.73,74.97
14/05/13,2315.61,74.45
15/05/13,2225.48,71.55
16/05/13,2238.16,71.96
17/05/13,2191.27,70.45
18/05/13,2219.47,71.36
19/05/13,2219.47,71.36
20/05/13,2247.66,72.26
21/05/13,2201.35,70.78
22/05/13,2207.61,70.98
23/05/13,2223.52,71.49
24/05/13,2201.67,70.78
25/05/13,2215.78,71.24
26/05/13,2215.78,71.24
27/05/13,2229.88,71.69
28/05/13,2203.82,70.86
29/05/13,2209.53,71.04
30/05/13,2242.09,72.08
31/05/13,2191.13,70.45
01/06/13,2192.7,70.5
02/06/13,2192.7,70.5
03/06/13,2194.28,70.55
04/06/13,2132.02,68.55
05/06/13,2221.29,71.42
06/06/13,2227.93,71.63
07/06/13,2133.9,68.61
08/06/13,2149.89,69.12
09/06/13,2149.89,69.12
10/06/13,2165.87,69.63
11/06/13,2133.46,68.59
12/06/13,2145.33,68.97
13/06/13,2143.71,68.92
14/06/13,2175.0,69.93
15/06/13,2163.26,69.55
16/06/13,2163.26,69.55
17/06/13,2151.51,69.17
18/06/13,2137.77,68.73
19/06/13,2108.74,67.8
20/06/13,1944.94,62.53
21/06/13,1993.08,64.08
22/06/13,1971.37,63.38
23/06/13,1971.37,63.38
24/06/13,1949.66,62.68
25/06/13,1946.36,62.58
26/06/13,1829.4,58.82
27/06/13,1829.42,58.82
28/06/13,1959.82,63.01
29/06/13,1957.38,62.93
30/06/13,1957.38,62.93
01/07/13,1954.95,62.85
02/07/13,1935.5,62.23
03/07/13,1980.48,63.67
04/07/13,1976.06,63.53
05/07/13,1890.58,60.78
06/07/13,1900.69,61.11
07/07/13,1900.69,61.11
08/07/13,1910.8,61.43
09/07/13,1930.85,62.08
10/07/13,1916.11,61.6
11/07/13,2013.61,64.74
12/07/13,1994.28,64.12
13/07/13,1996.69,64.2
14/07/13,1996.69,64.2
15/07/13,1999.11,64.27
16/07/13,2008.68,64.58
17/07/13,1937.48,62.29
18/07/13,1956.55,62.91
19/07/13,1964.45,63.16
20/07/13,2015.27,64.79
21/07/13,2015.27,64.79
22/07/13,2066.09,66.43
23/07/13,2064.29,66.37
24/07/13,2033.51,65.38
25/07/13,2049.32,65.89
26/07/13,2026.89,65.17
27/07/13,2025.03,65.11
28/07/13,2025.03,65.11
29/07/13,2023.17,65.05
30/07/13,2009.01,64.59
31/07/13,2011.9,64.68
01/08/13,2001.76,64.36
02/08/13,2029.67,65.26
03/08/13,2020.22,64.95
04/08/13,2020.22,64.95
05/08/13,2010.77,64.65
06/08/13,1993.84,64.1
07/08/13,2006.69,64.52
08/08/13,2073.87,66.68
09/08/13,2099.3,67.49
10/08/13,2150.38,69.14
11/08/13,2150.38,69.14
12/08/13,2201.45,70.78
13/08/13,2200.79,70.76
14/08/13,2244.0,72.15
15/08/13,2360.28,75.89
16/08/13,2392.63,76.92
17/08/13,2391.78,76.9
18/08/13,2391.78,76.9
19/08/13,2390.93,76.87
20/08/13,2374.24,76.33
21/08/13,2369.47,76.18
22/08/13,2394.48,76.98
23/08/13,2489.96,80.05
24/08/13,2505.25,80.55
25/08/13,2505.25,80.55
26/08/13,2520.54,81.04
27/08/13,2543.6,81.78
28/08/13,2537.99,81.6
29/08/13,2495.05,80.22
30/08/13,2454.96,78.93
31/08/13,2492.61,80.14
01/09/13,2492.61,80.14
02/09/13,2530.26,81.35
03/09/13,2543.89,81.79
04/09/13,2455.01,78.93
05/09/13,2437.83,78.38
06/09/13,2497.24,80.29
07/09/13,2481.18,79.77
08/09/13,2481.18,79.77
09/09/13,2465.11,79.25
10/09/13,2386.48,76.73
11/09/13,2404.53,77.31
12/09/13,2254.7,72.49
13/09/13,2305.82,74.13
14/09/13,2280.66,73.33
15/09/13,2280.66,73.33
16/09/13,2255.51,72.52
17/09/13,2245.52,72.19
18/09/13,2339.6,75.22
19/09/13,2349.92,75.55
20/09/13,2221.47,71.42
21/09/13,2255.69,72.52
22/09/13,2255.69,72.52
23/09/13,2289.92,73.62
24/09/13,2304.85,74.1
25/09/13,2308.62,74.22
26/09/13,2304.94,74.11
27/09/13,2302.29,74.02
28/09/13,2302.48,74.03
29/09/13,2302.48,74.03
30/09/13,2302.67,74.03
01/10/13,2241.07,72.05
02/10/13,2302.4,74.02
03/10/13,2298.35,73.89
04/10/13,2306.37,74.15
05/10/13,2340.77,75.26
06/10/13,2340.77,75.26
07/10/13,2375.17,76.36
08/10/13,2361.83,75.93
09/10/13,2321.54,74.64
10/10/13,2301.13,73.98
11/10/13,2269.9,72.98
12/10/13,2262.74,72.75
13/10/13,2262.74,72.75
14/10/13,2255.58,72.52
15/10/13,2254.39,72.48
16/10/13,2272.25,73.06
17/10/13,2321.97,74.65
18/10/13,2321.11,74.63
19/10/13,2344.41,75.38
20/10/13,2344.41,75.38
21/10/13,2367.71,76.12
22/10/13,2413.5,77.6
23/10/13,2402.01,77.23
24/10/13,2418.59,77.76
25/10/13,2388.13,76.78
26/10/13,2387.95,76.77
27/10/13,2387.95,76.77
28/10/13,2387.77,76.77
29/10/13,2397.31,77.08
30/10/13,2417.02,77.71
31/10/13,2338.96,75.2
01/11/13,2354.95,75.71
02/11/13,2338.82,75.19
03/11/13,2338.82,75.19
04/11/13,2322.69,74.68
05/11/13,2330.27,74.92
06/11/13,2338.49,75.18
07/11/13,2314.43,74.41
08/11/13,2307.74,74.19
09/11/13,2299.16,73.92
10/11/13,2299.16,73.92
11/11/13,2290.59,73.64
12/11/13,2228.63,71.65
13/11/13,2211.77,71.11
14/11/13,2231.85,71.76
15/11/13,2224.66,71.53
16/11/13,2209.21,71.03
17/11/13,2209.21,71.03
18/11/13,2193.76,70.53
19/11/13,2191.54,70.46
20/11/13,2139.3,68.78
21/11/13,2146.66,69.02
22/11/13,2136.57,68.69
23/11/13,2156.32,69.33
24/11/13,2156.32,69.33
25/11/13,2176.08,69.96
26/11/13,2152.25,69.2
27/11/13,2130.64,68.5
28/11/13,2134.24,68.62
29/11/13,2171.2,69.81
30/11/13,2125.61,68.34
01/12/13,2125.61,68.34
02/12/13,2080.02,66.87
03/12/13,2077.5,66.79
04/12/13,2136.63,68.69
05/12/13,2105.05,67.68
06/12/13,2112.65,67.92
07/12/13,2131.05,68.51
08/12/13,2131.05,68.51
09/12/13,2149.44,69.11
10/12/13,2203.51,70.84
11/12/13,2173.21,69.87
12/12/13,2091.41,67.24
13/12/13,2112.06,67.9
14/12/13,2124.81,68.31
15/12/13,2124.81,68.31
16/12/13,2137.56,68.72
17/12/13,2126.79,68.38
18/12/13,2114.66,67.99
19/12/13,2047.89,65.84
20/12/13,2061.75,66.29
21/12/13,2063.28,66.34
22/12/13,2063.28,66.34
23/12/13,2064.81,66.39
24/12/13,2070.76,66.58
25/12/13,2058.77,66.19
26/12/13,2100.44,67.53
27/12/13,2123.31,68.27
28/12/13,2096.09,67.39
29/12/13,2096.09,67.39
30/12/13,2068.86,66.52
31/12/13,2053.27,66.01
01/01/14,2053.87,66.03
02/01/14,2110.82,67.86
03/01/14,2120.02,68.16
04/01/14,2123.43,68.27
05/01/14,2123.43,68.27
06/01/14,2126.84,68.38
07/01/14,2099.14,67.49
08/01/14,2060.7,66.25
09/01/14,2060.13,66.23
10/01/14,2125.61,68.34
11/01/14,2141.61,68.85
12/01/14,2141.61,68.85
13/01/14,2157.6,69.37
14/01/14,2145.88,68.99
15/01/14,2126.6,68.37
16/01/14,2119.66,68.15
17/01/14,2138.12,68.74
18/01/14,2137.85,68.73
19/01/14,2137.85,68.73
20/01/14,2137.58,68.72
21/01/14,2095.91,67.39
22/01/14,2089.21,67.17
23/01/14,2110.09,67.84
24/01/14,2100.21,67.52
25/01/14,2088.18,67.14
26/01/14,2088.18,67.14
27/01/14,2076.16,66.75
28/01/14,2067.14,66.46
29/01/14,2078.28,66.82
30/01/14,2020.07,64.95
31/01/14,2024.79,65.1
01/02/14,2032.76,65.36
02/02/14,2032.76,65.36
03/02/14,2040.74,65.61
04/02/14,2057.43,66.15
05/02/14,2099.91,67.51
06/02/14,2105.41,67.69
07/02/14,2111.93,67.9
08/02/14,2114.24,67.97
09/02/14,2114.24,67.97
10/02/14,2116.56,68.05
11/02/14,2134.87,68.64
12/02/14,2130.52,68.5
13/02/14,2153.5,69.24
14/02/14,2251.1,72.38
15/02/14,2268.05,72.92
16/02/14,2268.05,72.92
17/02/14,2285.0,73.46
18/02/14,2303.68,74.06
19/02/14,2267.14,72.89
20/02/14,2290.08,73.63
21/02/14,2289.42,73.61
22/02/14,2297.07,73.85
23/02/14,2297.07,73.85
24/02/14,2304.73,74.1
25/02/14,2298.78,73.91
26/02/14,2227.27,71.61
27/02/14,2229.92,71.69
28/02/14,2227.08,71.6
01/03/14,2237.15,71.93
02/03/14,2237.15,71.93
03/03/14,2247.22,72.25
04/03/14,2220.1,71.38
05/03/14,2208.23,71.0
06/03/14,2239.25,71.99
07/03/14,2150.48,69.14
08/03/14,2126.91,68.38
09/03/14,2126.91,68.38
10/03/14,2103.35,67.62
11/03/14,2092.98,67.29
12/03/14,2085.32,67.04
13/03/14,2090.91,67.22
14/03/14,2131.28,68.52
15/03/14,2116.52,68.05
16/03/14,2116.52,68.05
17/03/14,2101.75,67.57
18/03/14,2061.64,66.28
19/03/14,2054.87,66.07
20/03/14,1990.4,63.99
21/03/14,1995.27,64.15
22/03/14,1973.18,63.44
23/03/14,1973.18,63.44
24/03/14,1951.09,62.73
25/03/14,1941.54,62.42
26/03/14,1932.8,62.14
27/03/14,1929.27,62.03
28/03/14,1944.6,62.52
29/03/14,1943.01,62.47
30/03/14,1943.01,62.47
31/03/14,1941.41,62.42
01/04/14,1939.35,62.35
02/04/14,1967.76,63.27
03/04/14,1945.3,62.54
04/04/14,1958.2,62.96
05/04/14,1954.62,62.84
06/04/14,1954.62,62.84
07/04/14,1951.05,62.73
08/04/14,1950.03,62.7
09/04/14,1929.23,62.03
10/04/14,1948.07,62.63
11/04/14,1948.89,62.66
12/04/14,1935.88,62.24
13/04/14,1935.88,62.24
14/04/14,1922.87,61.82
15/04/14,1882.69,60.53
16/04/14,1897.43,61.0
17/04/14,1904.12,61.22
18/04/14,1904.93,61.24
19/04/14,1901.58,61.14
20/04/14,1901.58,61.14
21/04/14,1898.23,61.03
22/04/14,1892.89,60.86
23/04/14,1899.6,61.07
24/04/14,1925.5,61.91
25/04/14,1936.25,62.25
26/04/14,1930.96,62.08
27/04/14,1930.96,62.08
28/04/14,1925.67,61.91
29/04/14,1915.85,61.6
30/04/14,1891.69,60.82
01/05/14,1878.24,60.39
02/05/14,1926.63,61.94
03/05/14,1932.37,62.13
04/05/14,1932.37,62.13
05/05/14,1938.1,62.31
06/05/14,1933.76,62.17
07/05/14,1897.77,61.02
08/05/14,1895.27,60.93
09/05/14,1887.65,60.69
10/05/14,1906.01,61.28
11/05/14,1906.01,61.28
12/05/14,1924.36,61.87
13/05/14,1929.74,62.04
14/05/14,1951.46,62.74
15/05/14,1924.0,61.86
16/05/14,1903.23,61.19
17/05/14,1906.92,61.31
18/05/14,1906.92,61.31
19/05/14,1910.61,61.43
20/05/14,1918.75,61.69
21/05/14,1918.52,61.68
22/05/14,1925.41,61.9
23/05/14,1921.9,61.79
24/05/14,1921.42,61.77
25/05/14,1921.42,61.77
26/05/14,1920.94,61.76
27/05/14,1881.54,60.49
28/05/14,1879.22,60.42
29/05/14,1880.49,60.46
30/05/14,1857.99,59.74
31/05/14,1854.1,59.61
01/06/14,1854.1,59.61
02/06/14,1850.2,59.48
03/06/14,1856.16,59.68
04/06/14,1852.12,59.55
05/06/14,1877.29,60.36
06/06/14,1873.05,60.22
07/06/14,1876.01,60.32
08/06/14,1876.01,60.32
09/06/14,1878.98,60.41
10/06/14,1894.63,60.91
11/06/14,1892.66,60.85
12/06/14,1921.98,61.79
13/06/14,1941.35,62.42
14/06/14,1942.51,62.45
15/06/14,1942.51,62.45
16/06/14,1943.68,62.49
17/06/14,1945.35,62.54
18/06/14,1958.06,62.95
19/06/14,2042.62,65.67
20/06/14,2051.86,65.97
21/06/14,2055.3,66.08
22/06/14,2055.3,66.08
23/06/14,2058.74,66.19
24/06/14,2063.22,66.33
25/06/14,2076.9,66.77
26/06/14,2084.11,67.01
27/06/14,2068.18,66.49
28/06/14,2072.6,66.64
29/06/14,2072.6,66.64
30/06/14,2077.02,66.78
01/07/14,2076.55,66.76
02/07/14,2087.94,67.13
03/07/14,2083.48,66.98
04/07/14,2087.82,67.12
05/07/14,2084.52,67.02
06/07/14,2084.52,67.02
07/07/14,2081.21,66.91
08/07/14,2078.65,66.83
09/07/14,2085.93,67.06
10/07/14,2112.83,67.93
11/07/14,2114.17,67.97
12/07/14,2090.04,67.2
13/07/14,2090.04,67.2
14/07/14,2065.91,66.42
15/07/14,2047.42,65.83
16/07/14,2052.86,66.0
17/07/14,2089.58,67.18
18/07/14,2062.34,66.31
19/07/14,2064.63,66.38
20/07/14,2064.63,66.38
21/07/14,2066.92,66.45
22/07/14,2071.45,66.6
23/07/14,2064.78,66.38
24/07/14,2014.58,64.77
25/07/14,2046.52,65.8
26/07/14,2039.38,65.57
27/07/14,2039.38,65.57
28/07/14,2032.23,65.34
29/07/14,2032.71,65.35
30/07/14,2036.05,65.46
31/07/14,2013.02,64.72
01/08/14,2009.9,64.62
02/08/14,2000.89,64.33
03/08/14,2000.89,64.33
04/08/14,1991.88,64.04
05/08/14,1955.5,62.87
06/08/14,1980.52,63.67
07/08/14,1975.27,63.51
08/08/14,1965.76,63.2
09/08/14,1972.22,63.41
10/08/14,1972.22,63.41
11/08/14,1978.68,63.62
12/08/14,1970.52,63.35
13/08/14,1965.22,63.18
14/08/14,1974.08,63.47
15/08/14,1953.51,62.81
16/08/14,1958.24,62.96
17/08/14,1958.24,62.96
18/08/14,1962.96,63.11
19/08/14,1951.29,62.73
20/08/14,1964.76,63.17
21/08/14,1958.92,62.98
22/08/14,1962.53,63.1
23/08/14,1962.82,63.11
24/08/14,1962.82,63.11
25/08/14,1963.12,63.12
26/08/14,1967.98,63.27
27/08/14,1972.09,63.4
28/08/14,1979.57,63.65
29/08/14,1982.1,63.73
30/08/14,1983.88,63.78
31/08/14,1983.88,63.78
01/09/14,1985.65,63.84
02/09/14,1953.88,62.82
03/09/14,1952.47,62.77
04/09/14,1973.38,63.45
05/09/14,1961.36,63.06
06/09/14,1952.15,62.76
07/09/14,1952.15,62.76
08/09/14,1942.94,62.47
09/09/14,1939.03,62.34
10/09/14,1941.71,62.43
11/09/14,1912.79,61.5
12/09/14,1904.85,61.24
13/09/14,1913.34,61.52
14/09/14,1913.34,61.52
15/09/14,1921.82,61.79
16/09/14,1919.39,61.71
17/09/14,1923.64,61.85
18/09/14,1898.26,61.03
19/09/14,1829.69,58.83
20/09/14,1825.49,58.69
21/09/14,1825.49,58.69
22/09/14,1821.28,58.55
23/09/14,1831.93,58.9
24/09/14,1825.26,58.68
25/09/14,1794.36,57.69
26/09/14,1820.74,58.54
27/09/14,1808.06,58.13
28/09/14,1808.06,58.13
29/09/14,1795.38,57.72
30/09/14,1737.39,55.86
01/10/14,1759.12,56.56
02/10/14,1754.94,56.42
03/10/14,1725.84,55.49
04/10/14,1744.84,56.1
05/10/14,1744.84,56.1
06/10/14,1763.85,56.71
07/10/14,1751.09,56.3
08/10/14,1770.99,56.94
09/10/14,1790.81,57.58
10/10/14,1793.1,57.65
11/10/14,1791.81,57.61
12/10/14,1791.81,57.61
13/10/14,1790.52,57.57
14/10/14,1787.85,57.48
15/10/14,1769.6,56.89
16/10/14,1779.2,57.2
17/10/14,1777.51,57.15
18/10/14,1783.67,57.35
19/10/14,1783.67,57.35
20/10/14,1789.84,57.55
21/10/14,1807.23,58.1
22/10/14,1766.82,56.8
23/10/14,1772.78,57.0
24/10/14,1773.41,57.02
25/10/14,1770.53,56.92
26/10/14,1767.65,56.83
27/10/14,1759.75,56.58
28/10/14,1769.6,56.89
29/10/14,1775.12,57.07
30/10/14,1693.16,54.44
31/10/14,1668.93,53.66
01/11/14,1670.36,53.7
02/11/14,1670.36,53.7
03/11/14,1671.78,53.75
04/11/14,1641.31,52.77
05/11/14,1574.8,50.63
06/11/14,1598.64,51.4
07/11/14,1615.09,51.93
08/11/14,1603.94,51.57
09/11/14,1603.94,51.57
10/11/14,1592.8,51.21
11/11/14,1590.05,51.12
12/11/14,1599.5,51.42
13/11/14,1590.31,51.13
14/11/14,1657.86,53.3
15/11/14,1653.53,53.16
16/11/14,1653.53,53.16
17/11/14,1649.2,53.02
18/11/14,1647.84,52.98
19/11/14,1637.89,52.66
20/11/14,1653.32,53.16
21/11/14,1670.83,53.72
22/11/14,1671.18,53.73
23/11/14,1671.18,53.73
24/11/14,1671.53,53.74
25/11/14,1695.61,54.52
26/11/14,1674.85,53.85
27/11/14,1654.36,53.19
28/11/14,1572.37,50.55
29/11/14,1623.59,52.2
30/11/14,1623.59,52.2
01/12/14,1674.82,53.85
02/12/14,1680.87,54.04
03/12/14,1671.82,53.75
04/12/14,1671.65,53.74
05/12/14,1652.6,53.13
06/12/14,1656.67,53.26
07/12/14,1656.67,53.26
08/12/14,1660.75,53.39
09/12/14,1726.72,55.52
10/12/14,1708.8,54.94
11/12/14,1725.13,55.46
12/12/14,1714.88,55.13
13/12/14,1669.47,53.67
14/12/14,1669.47,53.67
15/12/14,1624.05,52.21
16/12/14,1579.16,50.77
17/12/14,1599.39,51.42
18/12/14,1594.93,51.28
19/12/14,1606.65,51.66
20/12/14,1591.05,51.15
21/12/14,1591.05,51.15
22/12/14,1575.45,50.65
23/12/14,1591.28,51.16
24/12/14,1584.0,50.93
25/12/14,1580.72,50.82
26/12/14,1619.08,52.05
27/12/14,1608.85,51.73
28/12/14,1608.85,51.73
29/12/14,1598.62,51.4
30/12/14,1637.8,52.66
31/12/14,1584.01,50.93
01/01/15,1585.04,50.96
02/01/15,1591.98,51.18
03/01/15,1612.34,51.84
04/01/15,1612.34,51.84
05/01/15,1632.7,52.49
06/01/15,1673.31,53.8
07/01/15,1668.89,53.66
08/01/15,1648.76,53.01
09/01/15,1660.68,53.39
10/01/15,1663.43,53.48
11/01/15,1663.43,53.48
12/01/15,1666.19,53.57
13/01/15,1717.83,55.23
14/01/15,1695.94,54.53
15/01/15,1704.56,54.8
16/01/15,1777.43,57.15
17/01/15,1779.0,57.2
18/01/15,1779.0,57.2
19/01/15,1780.57,57.25
20/01/15,1810.65,58.21
21/01/15,1821.27,58.55
22/01/15,1849.29,59.46
23/01/15,1847.6,59.4
24/01/15,1828.24,58.78
25/01/15,1828.24,58.78
26/01/15,1808.88,58.16
27/01/15,1822.15,58.58
28/01/15,1817.76,58.44
29/01/15,1709.89,54.97
30/01/15,1746.21,56.14
31/01/15,1745.59,56.12
01/02/15,1745.59,56.12
02/02/15,1744.97,56.1
03/02/15,1748.89,56.23
04/02/15,1759.97,56.58
05/02/15,1745.05,56.1
06/02/15,1692.96,54.43
07/02/15,1706.01,54.85
08/02/15,1706.01,54.85
09/02/15,1719.07,55.27
10/02/15,1709.54,54.96
11/02/15,1701.75,54.71
12/02/15,1710.16,54.98
13/02/15,1760.43,56.6
14/02/15,1763.51,56.7
15/02/15,1763.51,56.7
16/02/15,1766.6,56.8
17/02/15,1676.91,53.91
18/02/15,1673.31,53.8
19/02/15,1665.77,53.56
20/02/15,1651.2,53.09
21/02/15,1655.68,53.23
22/02/15,1655.68,53.23
23/02/15,1660.17,53.38
24/02/15,1659.8,53.36
25/02/15,1684.52,54.16
26/02/15,1690.17,54.34
27/02/15,1690.61,54.35
28/02/15,1682.55,54.09
01/03/15,1682.55,54.09
02/03/15,1674.49,53.84
03/03/15,1662.03,53.44
04/03/15,1654.04,53.18
05/03/15,1652.32,53.12
06/03/15,1622.45,52.16
07/03/15,1609.07,51.73
08/03/15,1595.68,51.3
09/03/15,1602.96,51.54
10/03/15,1593.57,51.23
11/03/15,1576.68,50.69
12/03/15,1587.36,51.03
13/03/15,1593.25,51.22
14/03/15,1593.01,51.22
15/03/15,1593.01,51.22
16/03/15,1592.78,51.21
17/03/15,1582.77,50.89
18/03/15,1621.03,52.12
19/03/15,1647.58,52.97
20/03/15,1709.86,54.97
21/03/15,1721.82,55.36
22/03/15,1721.82,55.36
23/03/15,1733.77,55.74
24/03/15,1728.49,55.57
25/03/15,1731.43,55.67
26/03/15,1743.36,56.05
27/03/15,1727.8,55.55
28/03/15,1727.29,55.53
29/03/15,1726.78,55.52
30/03/15,1705.65,54.84
31/03/15,1696.32,54.54
01/04/15,1729.65,55.61
02/04/15,1706.41,54.86
03/04/15,1745.12,56.11
04/04/15,1760.01,56.59
05/04/15,1760.01,56.59
06/04/15,1774.9,57.06
07/04/15,1718.47,55.25
08/04/15,1681.53,54.06
09/04/15,1667.9,53.62
10/04/15,1677.92,53.95
11/04/15,1669.3,53.67
12/04/15,1669.3,53.67
13/04/15,1660.68,53.39
14/04/15,1643.4,52.84
15/04/15,1664.66,53.52
16/04/15,1662.8,53.46
17/04/15,1653.06,53.15
18/04/15,1640.75,52.75
19/04/15,1640.75,52.75
20/04/15,1628.44,52.36
21/04/15,1629.43,52.39
22/04/15,1610.59,51.78
23/04/15,1617.41,52.0
24/04/15,1599.02,51.41
25/04/15,1635.29,52.58
26/04/15,1635.29,52.58
27/04/15,1671.56,53.74
28/04/15,1694.04,54.47
29/04/15,1691.12,54.37
30/04/15,1646.55,52.94
01/05/15,1643.16,52.83
02/05/15,1656.45,53.26
03/05/15,1656.45,53.26
04/05/15,1669.73,53.68
05/05/15,1687.47,54.25
06/05/15,1683.85,54.14
07/05/15,1667.8,53.62
08/05/15,1675.99,53.88
09/05/15,1669.53,53.68
10/05/15,1669.53,53.68
11/05/15,1663.07,53.47
12/05/15,1682.85,54.1
13/05/15,1745.31,56.11
14/05/15,1782.1,57.3
15/05/15,1782.77,57.32
16/05/15,1793.8,57.67
17/05/15,1793.8,57.67
18/05/15,1804.84,58.03
19/05/15,1741.56,55.99
20/05/15,1748.0,56.2
21/05/15,1747.24,56.17
22/05/15,1742.52,56.02
23/05/15,1745.43,56.12
24/05/15,1745.43,56.12
25/05/15,1748.34,56.21
26/05/15,1708.62,54.93
27/05/15,1703.7,54.77
28/05/15,1702.07,54.72
29/05/15,1707.9,54.91
30/05/15,1706.68,54.87
31/05/15,1706.68,54.87
01/06/15,1705.46,54.83
02/06/15,1709.69,54.97
03/06/15,1682.17,54.08
04/06/15,1646.31,52.93
05/06/15,1642.53,52.81
06/06/15,1634.81,52.56
07/06/15,1634.81,52.56
08/06/15,1627.09,52.31
09/06/15,1628.82,52.37
10/06/15,1634.85,52.56
11/06/15,1635.53,52.58
12/06/15,1626.17,52.28
13/06/15,1632.58,52.49
14/06/15,1632.58,52.49
15/06/15,1638.98,52.69
16/06/15,1632.89,52.5
17/06/15,1644.5,52.87
18/06/15,1649.73,53.04
19/06/15,1640.08,52.73
20/06/15,1644.16,52.86
21/06/15,1644.16,52.86
22/06/15,1648.24,52.99
23/06/15,1613.04,51.86
24/06/15,1620.41,52.1
25/06/15,1616.01,51.96
26/06/15,1607.33,51.68
27/06/15,1606.72,51.66
28/06/15,1606.72,51.66
29/06/15,1606.12,51.64
30/06/15,1605.5,51.62
01/07/15,1584.11,50.93
02/07/15,1600.37,51.45
03/07/15,1597.45,51.36
04/07/15,1600.98,51.47
05/07/15,1600.98,51.47
06/07/15,1604.51,51.59
07/07/15,1537.99,49.45
08/07/15,1538.17,49.45
09/07/15,1569.13,50.45
10/07/15,1586.83,51.02
11/07/15,1583.54,50.91
12/07/15,1583.54,50.91
13/07/15,1580.25,50.81
14/07/15,1566.78,50.37
15/07/15,1540.93,49.54
16/07/15,1529.82,49.19
17/07/15,1513.62,48.66
18/07/15,1506.41,48.43
19/07/15,1506.41,48.43
20/07/15,1499.2,48.2
21/07/15,1514.35,48.69
22/07/15,1511.12,48.58
23/07/15,1495.94,48.1
24/07/15,1495.39,48.08
25/07/15,1489.68,47.89
26/07/15,1489.68,47.89
27/07/15,1483.98,47.71
28/07/15,1496.11,48.1
29/07/15,1510.96,48.58
30/07/15,1501.6,48.28
31/07/15,1506.13,48.42
01/08/15,1492.34,47.98
02/08/15,1492.34,47.98
03/08/15,1478.54,47.54
04/08/15,1485.69,47.77
05/08/15,1487.64,47.83
06/08/15,1478.38,47.53
07/08/15,1508.89,48.51
08/08/15,1529.72,49.18
09/08/15,1529.72,49.18
10/08/15,1550.56,49.85
11/08/15,1563.79,50.28
12/08/15,1584.92,50.96
13/08/15,1571.94,50.54
14/08/15,1554.0,49.96
15/08/15,1559.42,50.14
16/08/15,1559.42,50.14
17/08/15,1564.84,50.31
18/08/15,1522.02,48.93
19/08/15,1549.11,49.8
20/08/15,1579.23,50.77
21/08/15,1564.83,50.31
22/08/15,1540.42,49.53
23/08/15,1540.42,49.53
24/08/15,1516.02,48.74
25/08/15,1529.3,49.17
26/08/15,1483.96,47.71
27/08/15,1512.55,48.63
28/08/15,1519.77,48.86
29/08/15,1521.72,48.92
30/08/15,1521.72,48.92
31/08/15,1523.67,48.99
01/09/15,1514.86,48.7
02/09/15,1545.74,49.7
03/09/15,1548.28,49.78
04/09/15,1521.17,48.91
05/09/15,1515.97,48.74
06/09/15,1515.97,48.74
07/09/15,1510.77,48.57
08/09/15,1523.1,48.97
09/09/15,1523.8,48.99
10/09/15,1537.31,49.43
11/09/15,1528.53,49.14
12/09/15,1518.4,48.82
13/09/15,1518.4,48.82
14/09/15,1508.28,48.49
15/09/15,1522.84,48.96
16/09/15,1557.57,50.08
17/09/15,1592.19,51.19
18/09/15,1584.73,50.95
19/09/15,1585.62,50.98
20/09/15,1585.62,50.98
21/09/15,1586.5,51.01
22/09/15,1543.08,49.61
23/09/15,1545.49,49.69
24/09/15,1585.66,50.98
25/09/15,1576.13,50.67
26/09/15,1550.38,49.85
27/09/15,1550.38,49.85
28/09/15,1524.62,49.02
29/09/15,1529.82,49.19
30/09/15,1518.72,48.83
01/10/15,1514.94,48.71
02/10/15,1594.91,51.28
03/10/15,1614.51,51.91
04/10/15,1614.51,51.91
05/10/15,1634.1,52.54
06/10/15,1662.83,53.46
07/10/15,1682.63,54.1
08/10/15,1639.07,52.7
09/10/15,1654.36,53.19
10/10/15,1655.11,53.21
11/10/15,1655.11,53.21
12/10/15,1655.85,53.24
13/10/15,1664.52,53.52
14/10/15,1685.99,54.21
15/10/15,1684.15,54.15
16/10/15,1682.92,54.11
17/10/15,1669.13,53.66
18/10/15,1669.13,53.66
19/10/15,1655.34,53.22
20/10/15,1661.03,53.4
21/10/15,1642.03,52.79
22/10/15,1656.75,53.27
23/10/15,1653.12,53.15
24/10/15,1654.74,53.2
25/10/15,1654.74,53.2
26/10/15,1656.37,53.25
27/10/15,1669.93,53.69
28/10/15,1678.64,53.97
29/10/15,1641.54,52.78
30/10/15,1641.05,52.76
31/10/15,1633.79,52.53
01/11/15,1633.79,52.53
02/11/15,1626.53,52.29
03/11/15,1611.71,51.82
04/11/15,1587.24,51.03
05/11/15,1578.57,50.75
06/11/15,1558.33,50.1
07/11/15,1549.91,49.83
08/11/15,1549.91,49.83
09/11/15,1541.5,49.56
10/11/15,1521.27,48.91
11/11/15,1504.86,48.38
12/11/15,1506.99,48.45
13/11/15,1503.64,48.34
14/11/15,1502.64,48.31
15/11/15,1502.64,48.31
16/11/15,1501.63,48.28
17/11/15,1498.07,48.16
18/11/15,1496.36,48.11
19/11/15,1501.28,48.27
20/11/15,1474.79,47.42
21/11/15,1482.45,47.66
22/11/15,1482.45,47.66
23/11/15,1490.12,47.91
24/11/15,1497.26,48.14
25/11/15,1492.97,48.0
26/11/15,1506.77,48.44
27/11/15,1486.78,47.8
28/11/15,1486.34,47.79
29/11/15,1486.34,47.79
30/11/15,1485.9,47.77
01/12/15,1491.91,47.97
02/12/15,1476.93,47.48
03/12/15,1437.49,46.22
04/12/15,1533.42,49.3
05/12/15,1511.81,48.61
06/12/15,1511.81,48.61
07/12/15,1490.19,47.91
08/12/15,1465.67,47.12
09/12/15,1469.73,47.25
10/12/15,1467.76,47.19
11/12/15,1451.45,46.66
12/12/15,1440.28,46.31
13/12/15,1440.28,46.31
14/12/15,1429.11,45.95
15/12/15,1443.07,46.4
16/12/15,1486.04,47.78
17/12/15,1439.51,46.28
18/12/15,1476.23,47.46
19/12/15,1482.49,47.66
20/12/15,1482.49,47.66
21/12/15,1488.75,47.87
22/12/15,1496.79,48.12
23/12/15,1502.47,48.31
24/12/15,1507.17,48.46
25/12/15,1505.47,48.4
26/12/15,1486.37,47.79
27/12/15,1486.37,47.79
28/12/15,1467.27,47.17
29/12/15,1469.25,47.24
30/12/15,1456.07,46.81
31/12/15,1453.83,46.74
01/01/16,1447.51,46.54
02/01/16,1450.34,46.63
03/01/16,1450.34,46.63
04/01/16,1453.16,46.72
05/01/16,1465.46,47.12
06/01/16,1469.76,47.25
07/01/16,1496.45,48.11
08/01/16,1462.5,47.02
09/01/16,1461.28,46.98
10/01/16,1461.28,46.98
11/01/16,1460.05,46.94
12/01/16,1447.53,46.54
13/01/16,1478.67,47.54
14/01/16,1461.23,46.98
15/01/16,1460.76,46.96
16/01/16,1461.87,47.0
17/01/16,1461.87,47.0
18/01/16,1462.98,47.04
19/01/16,1464.36,47.08
20/01/16,1485.33,47.75
21/01/16,1480.78,47.61
22/01/16,1473.17,47.36
23/01/16,1494.58,48.05
24/01/16,1494.58,48.05
25/01/16,1515.98,48.74
26/01/16,1521.76,48.93
27/01/16,1517.87,48.8
28/01/16,1490.78,47.93
29/01/16,1497.06,48.13
30/01/16,1502.36,48.3
31/01/16,1502.36,48.3
01/02/16,1507.66,48.47
02/02/16,1500.33,48.24
03/02/16,1541.12,49.55
04/02/16,1554.07,49.96
05/02/16,1562.64,50.24
06/02/16,1580.07,50.8
07/02/16,1580.07,50.8
08/02/16,1597.49,51.36
09/02/16,1595.92,51.31
10/02/16,1597.5,51.36
11/02/16,1646.65,52.94
12/02/16,1646.68,52.94
13/02/16,1627.82,52.34
14/02/16,1627.82,52.34
15/02/16,1608.96,51.73
16/02/16,1594.19,51.26
17/02/16,1601.75,51.5
18/02/16,1613.1,51.86
19/02/16,1604.62,51.59
20/02/16,1598.36,51.39
21/02/16,1598.36,51.39
22/02/16,1592.09,51.19
23/02/16,1602.94,51.54
24/02/16,1584.98,50.96
25/02/16,1586.9,51.02
26/02/16,1536.15,49.39
27/02/16,1548.43,49.78
28/02/16,1548.43,49.78
29/02/16,1560.71,50.18
01/03/16,1555.29,50.0
02/03/16,1565.54,50.33
03/03/16,1597.14,51.35
04/03/16,1624.44,52.23
05/03/16,1626.18,52.28
06/03/16,1626.18,52.28
07/03/16,1627.92,52.34
08/03/16,1607.38,51.68
09/03/16,1599.05,51.41
10/03/16,1604.37,51.58
11/03/16,1622.37,52.16
12/03/16,1617.66,52.01
13/03/16,1612.96,51.86
14/03/16,1610.77,51.79
15/03/16,1599.69,51.43
16/03/16,1613.41,51.87
17/03/16,1669.4,53.67
18/03/16,1654.67,53.2
19/03/16,1656.95,53.27
20/03/16,1656.95,53.27
21/03/16,1659.24,53.35
22/03/16,1664.01,53.5
23/03/16,1597.3,51.35
24/03/16,1590.77,51.15
25/03/16,1588.68,51.08
26/03/16,1593.08,51.22
27/03/16,1593.08,51.22
28/03/16,1597.47,51.36
29/03/16,1608.13,51.7
30/03/16,1593.4,51.23
31/03/16,1619.96,52.08
01/04/16,1576.32,50.68
02/04/16,1568.94,50.44
03/04/16,1568.94,50.44
04/04/16,1561.56,50.2
05/04/16,1584.54,50.94
06/04/16,1578.78,50.76
07/04/16,1596.01,51.31
08/04/16,1607.24,51.67
09/04/16,1638.57,52.68
10/04/16,1638.57,52.68
11/04/16,1669.89,53.69
12/04/16,1699.09,54.63
13/04/16,1698.73,54.62
14/04/16,1694.61,54.48
15/04/16,1699.86,54.65
16/04/16,1700.93,54.69
17/04/16,1700.93,54.69
18/04/16,1702.01,54.72
19/04/16,1775.56,57.09
20/04/16,1780.88,57.26
21/04/16,1780.92,57.26
22/04/16,1776.46,57.12
23/04/16,1778.81,57.19
24/04/16,1778.81,57.19
25/04/16,1781.16,57.27
26/04/16,1799.36,57.85
27/04/16,1804.25,58.01
28/04/16,1841.13,59.19
29/04/16,1870.59,60.14
30/04/16,1850.43,59.49
01/05/16,1850.43,59.49
02/05/16,1830.27,58.84
03/05/16,1839.73,59.15
04/05/16,1817.24,58.43
05/05/16,1816.02,58.39
06/05/16,1829.03,58.8
07/05/16,1806.19,58.07
08/05/16,1806.19,58.07
09/05/16,1783.35,57.34
10/05/16,1792.2,57.62
11/05/16,1823.02,58.61
12/05/16,1776.96,57.13
13/05/16,1790.65,57.57
14/05/16,1792.77,57.64
15/05/16,1792.77,57.64
16/05/16,1794.88,57.71
17/05/16,1806.25,58.07
18/05/16,1768.41,56.86
19/05/16,1727.21,55.53
20/05/16,1732.57,55.7
21/05/16,1724.6,55.45
22/05/16,1724.6,55.45
23/05/16,1716.63,55.19
24/05/16,1699.55,54.64
25/05/16,1707.92,54.91
26/05/16,1710.03,54.98
27/05/16,1700.83,54.68
28/05/16,1689.09,54.31
29/05/16,1689.09,54.31
30/05/16,1677.35,53.93
31/05/16,1676.14,53.89
01/06/16,1671.97,53.76
02/06/16,1673.99,53.82
03/06/16,1716.67,55.19
04/06/16,1720.38,55.31
05/06/16,1720.38,55.31
06/06/16,1724.08,55.43
07/06/16,1714.74,55.13
08/06/16,1780.81,57.26
09/06/16,1805.12,58.04
10/06/16,1805.1,58.03
11/06/16,1812.95,58.29
12/06/16,1812.95,58.29
13/06/16,1820.8,58.54
14/06/16,1820.67,58.54
15/06/16,1832.4,58.91
16/06/16,1788.77,57.51
17/06/16,1830.74,58.86
18/06/16,1831.84,58.89
19/06/16,1831.84,58.89
20/06/16,1832.94,58.93
21/06/16,1808.96,58.16
22/06/16,1806.53,58.08
23/06/16,1811.29,58.23
24/06/16,1858.03,59.74
25/06/16,1858.55,59.75
26/06/16,1858.55,59.75
27/06/16,1859.08,59.77
28/06/16,1860.0,59.8
29/06/16,1915.85,61.6
30/06/16,1959.13,62.99
01/07/16,2069.53,66.54
02/07/16,2099.65,67.51
03/07/16,2099.65,67.51
04/07/16,2129.76,68.47
05/07/16,2087.97,67.13
06/07/16,2093.14,67.3
07/07/16,2061.93,66.29
08/07/16,2123.04,68.26
09/07/16,2124.97,68.32
10/07/16,2124.97,68.32
11/07/16,2126.9,68.38
12/07/16,2113.13,67.94
13/07/16,2134.15,68.61
14/07/16,2127.51,68.4
15/07/16,2120.78,68.19
16/07/16,2110.7,67.86
17/07/16,2110.7,67.86
18/07/16,2100.63,67.54
19/07/16,2087.13,67.1
20/07/16,2034.59,65.41
21/07/16,2081.74,66.93
22/07/16,2057.06,66.14
23/07/16,2053.49,66.02
24/07/16,2053.49,66.02
25/07/16,2049.93,65.91
26/07/16,2058.76,66.19
27/07/16,2134.62,68.63
28/07/16,2114.2,67.97
29/07/16,2132.33,68.56
30/07/16,2137.93,68.74
31/07/16,2137.93,68.74
01/08/16,2143.54,68.92
02/08/16,2161.72,69.5
03/08/16,2135.46,68.66
04/08/16,2127.99,68.42
05/08/16,2061.36,66.27
06/08/16,2063.46,66.34
07/08/16,2063.46,66.34
08/08/16,2065.56,66.41
09/08/16,2075.69,66.73
10/08/16,2101.48,67.56
11/08/16,2087.36,67.11
12/08/16,2062.73,66.32
13/08/16,2068.39,66.5
14/08/16,2068.39,66.5
15/08/16,2074.06,66.68
16/08/16,2072.5,66.63
17/08/16,2062.58,66.31
18/08/16,2066.29,66.43
19/08/16,2021.4,64.99
20/08/16,2001.3,64.34
21/08/16,2001.3,64.34
22/08/16,1981.2,63.7
23/08/16,1972.56,63.42
24/08/16,1943.39,62.48
25/08/16,1942.18,62.44
26/08/16,1953.87,62.82
27/08/16,1966.12,63.21
28/08/16,1966.12,63.21
29/08/16,1978.37,63.61
30/08/16,1950.31,62.7
31/08/16,1953.76,62.81
01/09/16,1976.43,63.54
02/09/16,2029.74,65.26
03/09/16,2033.42,65.38
04/09/16,2033.42,65.38
05/09/16,2037.1,65.49
06/09/16,2096.69,67.41
07/09/16,2066.86,66.45
08/09/16,2047.02,65.81
09/09/16,1988.79,63.94
10/09/16,1990.47,64.0
11/09/16,1990.47,64.0
12/09/16,1992.16,64.05
13/09/16,1968.18,63.28
14/09/16,1978.91,63.62
15/09/16,1985.65,63.84
16/09/16,1964.57,63.16
17/09/16,1983.46,63.77
18/09/16,1983.46,63.77
19/09/16,2002.35,64.38
20/09/16,2018.05,64.88
21/09/16,2079.34,66.85
22/09/16,2083.1,66.97
23/09/16,2062.65,66.32
24/09/16,2049.88,65.91
25/09/16,2049.88,65.91
26/09/16,2037.11,65.5
27/09/16,2005.66,64.48
28/09/16,2008.42,64.57
29/09/16,2001.09,64.34
30/09/16,2001.6,64.35
01/10/16,1984.76,63.81
02/10/16,1984.76,63.81
03/10/16,1967.92,63.27
04/10/16,1860.72,59.82
05/10/16,1853.37,59.59
06/10/16,1809.29,58.17
07/10/16,1836.94,59.06
08/10/16,1841.13,59.19
09/10/16,1841.13,59.19
10/10/16,1845.33,59.33
11/10/16,1827.39,58.75
12/10/16,1828.86,58.8
13/10/16,1832.25,58.91
14/10/16,1822.78,58.6
15/10/16,1826.28,58.72
16/10/16,1826.28,58.72
17/10/16,1829.79,58.83
18/10/16,1845.49,59.33
19/10/16,1850.59,59.5
20/10/16,1838.17,59.1
21/10/16,1835.96,59.03
22/10/16,1839.96,59.16
23/10/16,1839.96,59.16
24/10/16,1843.96,59.28
25/10/16,1867.48,60.04
26/10/16,1845.57,59.34
27/10/16,1847.11,59.39
28/10/16,1861.25,59.84
29/10/16,1869.24,60.1
30/10/16,1869.24,60.1
31/10/16,1877.22,60.35
01/11/16,1923.01,61.83
02/11/16,1937.4,62.29
03/11/16,1923.3,61.84
04/11/16,1926.88,61.95
05/11/16,1915.97,61.6
06/11/16,1915.97,61.6
07/11/16,1905.07,61.25
08/11/16,1922.42,61.81
09/11/16,1933.94,62.18
10/11/16,1946.74,62.59
11/11/16,1815.41,58.37
12/11/16,1795.18,57.72
13/11/16,1795.18,57.72
14/11/16,1774.95,57.07
15/11/16,1790.14,57.55
16/11/16,1778.85,57.19
17/11/16,1748.11,56.2
18/11/16,1738.63,55.9
19/11/16,1738.22,55.89
20/11/16,1738.22,55.89
21/11/16,1737.81,55.87
22/11/16,1745.38,56.12
23/11/16,1717.25,55.21
24/11/16,1708.6,54.93
25/11/16,1736.61,55.83
26/11/16,1739.79,55.94
27/11/16,1739.79,55.94
28/11/16,1742.97,56.04
29/11/16,1743.15,56.04
30/11/16,1730.58,55.64
01/12/16,1732.02,55.69
02/12/16,1755.62,56.44
03/12/16,1755.59,56.44
04/12/16,1755.59,56.44
05/12/16,1755.56,56.44
06/12/16,1750.76,56.29
07/12/16,1794.45,57.69
08/12/16,1779.88,57.23
09/12/16,1766.34,56.79
10/12/16,1766.7,56.8
11/12/16,1767.07,56.81
12/12/16,1790.11,57.55
13/12/16,1772.34,56.98
14/12/16,1764.93,56.74
15/12/16,1675.02,53.85
16/12/16,1687.93,54.27
17/12/16,1680.95,54.04
18/12/16,1680.95,54.04
19/12/16,1673.97,53.82
20/12/16,1687.95,54.27
21/12/16,1668.69,53.65
22/12/16,1655.6,53.23
23/12/16,1654.61,53.2
24/12/16,1652.55,53.13
25/12/16,1652.55,53.13
26/12/16,1650.5,53.06
27/12/16,1673.98,53.82
28/12/16,1685.42,54.19
29/12/16,1694.08,54.47
30/12/16,1663.66,53.49
31/12/16,1666.57,53.58
01/01/17,1666.57,53.58
02/01/17,1669.48,53.67
03/01/17,1705.93,54.85
04/01/17,1718.27,55.24
05/01/17,1722.06,55.37
06/01/17,1728.67,55.58
07/01/17,1728.52,55.57
08/01/17,1728.52,55.57
09/01/17,1728.37,55.57
10/01/17,1757.62,56.51
11/01/17,1747.06,56.17
12/01/17,1766.06,56.78
13/01/17,1762.0,56.65
14/01/17,1761.8,56.64
15/01/17,1761.8,56.64
16/01/17,1761.6,56.64
17/01/17,1797.69,57.8
18/01/17,1787.52,57.47
19/01/17,1781.77,57.28
20/01/17,1781.45,57.27
21/01/17,1788.73,57.51
22/01/17,1788.73,57.51
23/01/17,1796.01,57.74
24/01/17,1791.4,57.59
25/01/17,1781.19,57.27
26/01/17,1767.85,56.84
27/01/17,1797.37,57.79
28/01/17,1794.51,57.69
29/01/17,1794.51,57.69
30/01/17,1791.64,57.6
31/01/17,1832.49,58.92
01/02/17,1840.18,59.16
02/02/17,1828.41,58.78
03/02/17,1833.14,58.94
04/02/17,1844.79,59.31
05/02/17,1844.79,59.31
06/02/17,1856.43,59.69
07/02/17,1852.73,59.57
08/02/17,1852.7,59.57
09/02/17,1853.55,59.59
10/02/17,1880.95,60.47
11/02/17,1880.5,60.46
12/02/17,1880.5,60.46
13/02/17,1880.05,60.45
14/02/17,1890.04,60.77
15/02/17,1877.24,60.35
16/02/17,1887.54,60.69
17/02/17,1885.85,60.63
18/02/17,1889.99,60.76
19/02/17,1889.99,60.76
20/02/17,1894.14,60.9
21/02/17,1884.94,60.6
22/02/17,1879.39,60.42
23/02/17,1906.26,61.29
24/02/17,1942.92,62.47
25/02/17,1930.47,62.07
26/02/17,1930.47,62.07
27/02/17,1918.03,61.67
28/02/17,1918.26,61.67
01/03/17,1925.38,61.9
02/03/17,1871.08,60.16
03/03/17,1882.73,60.53
04/03/17,1872.42,60.2
05/03/17,1872.42,60.2
06/03/17,1862.12,59.87
07/03/17,1836.11,59.03
08/03/17,1807.4,58.11
09/03/17,1771.77,56.96
10/03/17,1773.65,57.02
11/03/17,1774.4,57.05
12/03/17,1774.4,57.05
13/03/17,1775.15,57.07
14/03/17,1773.9,57.03
15/03/17,1798.15,57.81
16/03/17,1807.64,58.12
17/03/17,1824.04,58.64
18/03/17,1827.65,58.76
19/03/17,1827.65,58.76
20/03/17,1831.26,58.88
21/03/17,1837.67,59.08
22/03/17,1835.46,59.01
23/03/17,1843.06,59.26
24/03/17,1863.56,59.91
25/03/17,1877.97,60.38
26/03/17,1877.97,60.38
27/03/17,1892.39,60.84
28/03/17,1902.5,61.17
29/03/17,1909.3,61.38
30/03/17,1909.58,61.39
31/03/17,1914.09,61.54
01/04/17,1915.07,61.57
02/04/17,1915.07,61.57
03/04/17,1916.04,61.6
04/04/17,1916.39,61.61
05/04/17,1921.96,61.79
06/04/17,1915.6,61.59
07/04/17,1887.06,60.67
08/04/17,1885.58,60.62
09/04/17,1885.58,60.62
10/04/17,1884.1,60.58
11/04/17,1924.34,61.87
12/04/17,1940.91,62.4
13/04/17,1942.17,62.44
14/04/17,1948.19,62.64
15/04/17,1936.96,62.28
16/04/17,1936.96,62.28
17/04/17,1925.73,61.91
18/04/17,1907.55,61.33
19/04/17,1910.84,61.44
20/04/17,1894.95,60.92
21/04/17,1875.69,60.3
22/04/17,1879.31,60.42
23/04/17,1879.31,60.42
24/04/17,1882.93,60.54
25/04/17,1839.7,59.15
26/04/17,1825.14,58.68
27/04/17,1817.14,58.42
28/04/17,1810.43,58.21
29/04/17,1793.91,57.68
30/04/17,1793.91,57.68
01/05/17,1777.39,57.14
02/05/17,1766.89,56.81
03/05/17,1730.79,55.65
04/05/17,1708.34,54.92
05/05/17,1712.13,55.05
06/05/17,1711.97,55.04
07/05/17,1711.97,55.04
08/05/17,1711.82,55.04
09/05/17,1702.26,54.73
10/05/17,1696.42,54.54
11/05/17,1712.52,55.06
12/05/17,1716.86,55.2
13/05/17,1731.73,55.68
14/05/17,1731.73,55.68
15/05/17,1746.61,56.16
16/05/17,1768.92,56.87
17/05/17,1765.38,56.76
18/05/17,1752.77,56.35
19/05/17,1760.76,56.61
20/05/17,1781.03,57.26
21/05/17,1781.03,57.26
22/05/17,1801.31,57.91
23/05/17,1798.92,57.84
24/05/17,1797.79,57.8
25/05/17,1798.98,57.84
26/05/17,1821.05,58.55
27/05/17,1823.74,58.63
28/05/17,1823.74,58.63
29/05/17,1826.43,58.72
30/05/17,1819.84,58.51
31/05/17,1814.56,58.34
01/06/17,1807.59,58.12
02/06/17,1828.9,58.8
03/06/17,1831.93,58.9
04/06/17,1831.93,58.9
05/06/17,1834.96,58.99
06/06/17,1851.9,59.54
07/06/17,1831.88,58.9
08/06/17,1834.83,58.99
09/06/17,1801.86,57.93
10/06/17,1789.12,57.52
11/06/17,1789.12,57.52
12/06/17,1776.38,57.11
13/06/17,1766.98,56.81
14/06/17,1778.61,57.18
15/06/17,1757.12,56.49
16/06/17,1749.01,56.23
17/06/17,1743.7,56.06
18/06/17,1743.7,56.06
19/06/17,1738.39,55.89
20/06/17,1735.24,55.79
21/06/17,1730.56,55.64
22/06/17,1742.92,56.04
23/06/17,1748.18,56.2
24/06/17,1743.1,56.04
25/06/17,1743.1,56.04
26/06/17,1738.01,55.88
27/06/17,1739.43,55.92
28/06/17,1760.18,56.59
29/06/17,1740.08,55.95
30/06/17,1739.19,55.92
01/07/17,1718.81,55.26
02/07/17,1718.81,55.26
03/07/17,1698.42,54.6
04/07/17,1694.86,54.49
05/07/17,1685.25,54.18
06/07/17,1680.44,54.03
07/07/17,1652.31,53.12
08/07/17,1651.37,53.09
09/07/17,1651.37,53.09
10/07/17,1650.42,53.06
11/07/17,1669.89,53.69
12/07/17,1679.71,54.0
13/07/17,1650.17,53.05
14/07/17,1677.58,53.94
15/07/17,1685.24,54.18
16/07/17,1685.24,54.18
17/07/17,1692.91,54.43
18/07/17,1715.26,55.15
19/07/17,1715.54,55.16
20/07/17,1699.38,54.64
21/07/17,1736.79,55.84
22/07/17,1735.62,55.8
23/07/17,1735.62,55.8
24/07/17,1734.44,55.76
25/07/17,1730.46,55.64
26/07/17,1737.16,55.85
27/07/17,1751.85,56.32
28/07/17,1758.71,56.54
29/07/17,1756.87,56.48
30/07/17,1756.87,56.48
31/07/17,1755.02,56.42
01/08/17,1757.97,56.52
02/08/17,1742.65,56.03
03/08/17,1752.35,56.34
04/08/17,1713.94,55.1
05/08/17,1714.28,55.11
06/08/17,1714.28,55.11
07/08/17,1714.61,55.13
08/08/17,1745.61,56.12
09/08/17,1779.05,57.2
10/08/17,1796.99,57.77
11/08/17,1790.66,57.57
12/08/17,1790.51,57.57
13/08/17,1790.51,57.57
14/08/17,1790.37,57.56
15/08/17,1759.2,56.56
16/08/17,1791.01,57.58
17/08/17,1792.44,57.63
18/08/17,1790.05,57.55
19/08/17,1788.22,57.49
20/08/17,1788.22,57.49
21/08/17,1786.38,57.43
22/08/17,1785.19,57.4
23/08/17,1791.08,57.59
24/08/17,1785.6,57.41
25/08/17,1781.5,57.28
26/08/17,1809.34,58.17
27/08/17,1809.34,58.17
28/08/17,1837.17,59.07
29/08/17,1838.2,59.1
30/08/17,1838.56,59.11
31/08/17,1839.11,59.13
01/09/17,1873.98,60.25
02/09/17,1875.0,60.28
03/09/17,1875.0,60.28
04/09/17,1876.02,60.31
05/09/17,1889.29,60.74
06/09/17,1878.91,60.41
07/09/17,1904.19,61.22
08/09/17,1899.25,61.06
09/09/17,1890.99,60.8
10/09/17,1890.99,60.8
11/09/17,1882.73,60.53
12/09/17,1878.19,60.38
13/09/17,1886.59,60.66
14/09/17,1878.8,60.41
15/09/17,1853.55,59.59
16/09/17,1833.97,58.96
17/09/17,1833.97,58.96
18/09/17,1814.39,58.33
19/09/17,1823.67,58.63
20/09/17,1804.56,58.02
21/09/17,1785.76,57.41
22/09/17,1793.29,57.66
23/09/17,1799.0,57.84
24/09/17,1799.0,57.84
25/09/17,1804.71,58.02
26/09/17,1771.94,56.97
27/09/17,1768.67,56.86
28/09/17,1776.73,57.12
29/09/17,1764.55,56.73
30/09/17,1757.72,56.51
01/10/17,1757.72,56.51
02/10/17,1750.88,56.29
03/10/17,1756.98,56.49
04/10/17,1750.88,56.29
05/10/17,1756.22,56.46
06/10/17,1766.44,56.79
07/10/17,1776.5,57.12
08/10/17,1776.5,57.12
09/10/17,1786.56,57.44
10/10/17,1801.62,57.92
11/10/17,1803.15,57.97
12/10/17,1816.08,58.39
13/10/17,1834.68,58.99
14/10/17,1824.68,58.66
15/10/17,1824.68,58.66
16/10/17,1814.68,58.34
17/10/17,1796.24,57.75
18/10/17,1782.95,57.32
19/10/17,1814.53,58.34
20/10/17,1795.69,57.73
21/10/17,1798.64,57.83
22/10/17,1798.64,57.83
23/10/17,1801.6,57.92
24/10/17,1781.31,57.27
25/10/17,1783.07,57.33
26/10/17,1768.22,56.85
27/10/17,1778.29,57.17
28/10/17,1777.12,57.14
29/10/17,1777.12,57.14
30/10/17,1775.95,57.1
31/10/17,1757.48,56.5
01/11/17,1806.82,58.09
02/11/17,1803.56,57.99
03/11/17,1780.22,57.24
04/11/17,1794.26,57.69
05/11/17,1794.26,57.69
06/11/17,1808.29,58.14
07/11/17,1787.17,57.46
08/11/17,1793.65,57.67
09/11/17,1788.52,57.5
10/11/17,1773.55,57.02
11/11/17,1783.83,57.35
12/11/17,1783.83,57.35
13/11/17,1794.11,57.68
14/11/17,1782.04,57.29
15/11/17,1791.86,57.61
16/11/17,1799.25,57.85
17/11/17,1823.51,58.63
18/11/17,1808.01,58.13
19/11/17,1808.01,58.13
20/11/17,1792.51,57.63
21/11/17,1787.05,57.45
22/11/17,1791.12,57.59
23/11/17,1800.57,57.89
24/11/17,1793.17,57.65
25/11/17,1799.08,57.84
26/11/17,1799.08,57.84
27/11/17,1804.99,58.03
28/11/17,1785.05,57.39
29/11/17,1746.53,56.15
30/11/17,1732.49,55.7
01/12/17,1734.02,55.75
02/12/17,1728.47,55.57
03/12/17,1728.47,55.57
04/12/17,1722.92,55.39
05/12/17,1705.44,54.83
06/12/17,1686.92,54.24
07/12/17,1659.33,53.35
08/12/17,1678.09,53.95
09/12/17,1685.85,54.2
10/12/17,1685.85,54.2
11/12/17,1693.61,54.45
12/12/17,1713.68,55.1
13/12/17,1743.19,56.05
14/12/17,1754.31,56.4
15/12/17,1770.62,56.93
16/12/17,1772.32,56.98
17/12/17,1772.32,56.98
18/12/17,1774.02,57.04
19/12/17,1780.72,57.25
20/12/17,1790.49,57.57
21/12/17,1786.71,57.44
22/12/17,1811.79,58.25
23/12/17,1807.92,58.13
24/12/17,1807.92,58.13
25/12/17,1804.06,58.0
26/12/17,1830.6,58.85
27/12/17,1846.03,59.35
28/12/17,1864.02,59.93
29/12/17,1872.05,60.19
30/12/17,1875.44,60.3
31/12/17,1875.44,60.3
01/01/18,1878.83,60.41
02/01/18,1904.91,61.24
03/01/18,1894.4,60.91
04/01/18,1901.22,61.13
05/01/18,1910.62,61.43
06/01/18,1903.29,61.19
07/01/18,1903.29,61.19
08/01/18,1895.96,60.96
09/01/18,1873.9,60.25
10/01/18,1880.6,60.46
11/01/18,1883.99,60.57
12/01/18,1905.72,61.27
13/01/18,1913.84,61.53
14/01/18,1913.84,61.53
15/01/18,1921.96,61.79
16/01/18,1899.86,61.08
17/01/18,1889.4,60.75
18/01/18,1879.78,60.44
19/01/18,1882.22,60.52
20/01/18,1883.39,60.55
21/01/18,1883.39,60.55
22/01/18,1884.57,60.59
23/01/18,1889.31,60.74
24/01/18,1936.8,62.27
25/01/18,1916.31,61.61
26/01/18,1924.95,61.89
27/01/18,1912.12,61.48
28/01/18,1912.12,61.48
29/01/18,1899.3,61.06
30/01/18,1897.15,60.99
31/01/18,1919.92,61.73
01/02/18,1903.52,61.2
02/02/18,1835.68,59.02
03/02/18,1845.47,59.33
04/02/18,1845.47,59.33
05/02/18,1855.25,59.65
06/02/18,1846.06,59.35
07/02/18,1818.22,58.46
08/02/18,1819.26,58.49
09/02/18,1810.98,58.22
10/02/18,1822.22,58.59
11/02/18,1822.22,58.59
12/02/18,1833.46,58.95
13/02/18,1837.08,59.06
14/02/18,1871.32,60.16
15/02/18,1866.35,60.01
16/02/18,1840.98,59.19
17/02/18,1842.38,59.23
18/02/18,1842.38,59.23
19/02/18,1843.79,59.28
20/02/18,1821.91,58.58
21/02/18,1829.81,58.83
22/02/18,1836.88,59.06
23/02/18,1828.47,58.79
24/02/18,1834.07,58.97
25/02/18,1834.07,58.97
26/02/18,1839.66,59.15
27/02/18,1818.28,58.46
28/02/18,1816.15,58.39
01/03/18,1823.08,58.61
02/03/18,1825.55,58.69
03/03/18,1822.32,58.59
04/03/18,1822.32,58.59
05/03/18,1819.08,58.48
06/03/18,1857.82,59.73
07/03/18,1825.92,58.7
08/03/18,1825.24,58.68
09/03/18,1838.2,59.1
10/03/18,1835.61,59.02
11/03/18,1835.61,59.02
12/03/18,1833.02,58.93
13/03/18,1832.75,58.92
14/03/18,1833.03,58.93
15/03/18,1814.96,58.35
16/03/18,1805.95,58.06
17/03/18,1805.7,58.05
18/03/18,1805.7,58.05
19/03/18,1805.45,58.05
20/03/18,1790.61,57.57
21/03/18,1905.69,61.27
22/03/18,1904.02,61.22
23/03/18,1913.49,61.52
24/03/18,1921.9,61.79
25/03/18,1921.9,61.79
26/03/18,1930.32,62.06
27/03/18,1912.54,61.49
28/03/18,1886.65,60.66
29/03/18,1890.95,60.8
30/03/18,1893.53,60.88
31/03/18,1906.88,61.31
01/04/18,1906.88,61.31
02/04/18,1920.22,61.74
03/04/18,1900.09,61.09
04/04/18,1887.89,60.7
05/04/18,1901.17,61.12
06/04/18,1891.64,60.82
07/04/18,1897.38,61.0
08/04/18,1897.38,61.0
09/04/18,1903.11,61.19
10/04/18,1917.21,61.64
11/04/18,1927.75,61.98
12/04/18,1906.95,61.31
13/04/18,1925.41,61.9
14/04/18,1929.49,62.03
15/04/18,1929.49,62.03
16/04/18,1933.58,62.17
17/04/18,1937.19,62.28
18/04/18,1989.95,63.98
19/04/18,1994.47,64.12
20/04/18,1978.78,63.62
21/04/18,1952.74,62.78
22/04/18,1952.74,62.78
23/04/18,1926.7,61.95
24/04/18,1937.5,62.29
25/04/18,1918.63,61.69
26/04/18,1915.24,61.58
27/04/18,1910.62,61.43
28/04/18,1900.36,61.1
29/04/18,1900.36,61.1
30/04/18,1890.09,60.77
01/05/18,1876.29,60.32
02/05/18,1896.01,60.96
03/05/18,1902.41,61.16
04/05/18,1912.93,61.5
05/05/18,1911.16,61.45
06/05/18,1911.16,61.45
07/05/18,1909.38,61.39
08/05/18,1909.56,61.39
09/05/18,1907.4,61.32
10/05/18,1934.34,62.19
11/05/18,1925.39,61.9
12/05/18,1918.89,61.69
13/05/18,1918.89,61.69
14/05/18,1912.38,61.48
15/05/18,1884.68,60.59
16/05/18,1895.04,60.93
17/05/18,1902.42,61.16
18/05/18,1904.45,61.23
19/05/18,1906.95,61.31
20/05/18,1906.95,61.31
21/05/18,1909.44,61.39
22/05/18,1925.31,61.9
23/05/18,1904.51,61.23
24/05/18,1927.22,61.96
25/05/18,1907.04,61.31
26/05/18,1908.12,61.35
27/05/18,1908.12,61.35
28/05/18,1909.2,61.38
29/05/18,1899.67,61.08
30/05/18,1909.91,61.41
31/05/18,1902.31,61.16
01/06/18,1896.17,60.96
02/06/18,1898.93,61.05
03/06/18,1898.93,61.05
04/06/18,1901.7,61.14
05/06/18,1907.57,61.33
06/06/18,1930.6,62.07
07/06/18,1936.33,62.25
08/06/18,1941.54,62.42
09/06/18,1949.38,62.67
10/06/18,1949.38,62.67
11/06/18,1957.22,62.93
12/06/18,1947.92,62.63
13/06/18,2009.76,64.61
14/06/18,2012.15,64.69
15/06/18,1984.87,63.81
16/06/18,1982.93,63.75
17/06/18,1982.93,63.75
18/06/18,1981.0,63.69
19/06/18,1978.86,63.62
20/06/18,1983.25,63.76
21/06/18,1986.48,63.87
22/06/18,2000.67,64.32
23/06/18,1992.65,64.06
24/06/18,1992.65,64.06
25/06/18,1984.63,63.81
26/06/18,1981.09,63.69
27/06/18,1956.95,62.92
28/06/18,1949.97,62.69
29/06/18,1959.32,62.99
30/06/18,1944.68,62.52
01/07/18,1944.68,62.52
02/07/18,1930.04,62.05
03/07/18,1951.95,62.76
04/07/18,1958.67,62.97
05/07/18,1952.35,62.77
06/07/18,1949.84,62.69
07/07/18,1954.4,62.84
08/07/18,1954.4,62.84
09/07/18,1958.96,62.98
10/07/18,1948.75,62.65
11/07/18,1922.31,61.8
12/07/18,1938.1,62.31
13/07/18,1921.93,61.79
14/07/18,1920.86,61.76
15/07/18,1920.86,61.76
16/07/18,1919.79,61.72
17/07/18,1983.95,63.79
18/07/18,1986.82,63.88
19/07/18,1975.2,63.5
20/07/18,1993.53,64.09
21/07/18,1990.63,64.0
22/07/18,1990.63,64.0
23/07/18,1987.73,63.91
24/07/18,2000.48,64.32
25/07/18,2017.15,64.85
26/07/18,1988.64,63.94
27/07/18,1999.61,64.29
28/07/18,1942.32,62.45
29/07/18,1942.32,62.45
30/07/18,1885.03,60.6
31/07/18,1916.7,61.62
01/08/18,1902.7,61.17
02/08/18,1886.83,60.66
03/08/18,1913.66,61.53
04/08/18,1907.68,61.33
05/08/18,1907.68,61.33
06/08/18,1901.7,61.14
07/08/18,1901.63,61.14
08/08/18,1904.83,61.24
09/08/18,1904.73,61.24
10/08/18,1898.15,61.03
11/08/18,1877.26,60.36
12/08/18,1877.26,60.36
13/08/18,1856.37,59.68
14/08/18,1865.64,59.98
15/08/18,1823.84,58.64
16/08/18,1812.47,58.27
17/08/18,1830.49,58.85
18/08/18,1824.57,58.66
19/08/18,1824.57,58.66
20/08/18,1818.65,58.47
21/08/18,1815.18,58.36
22/08/18,1808.38,58.14
23/08/18,1785.95,57.42
24/08/18,1808.9,58.16
25/08/18,1821.1,58.55
26/08/18,1821.1,58.55
27/08/18,1833.29,58.94
28/08/18,1816.1,58.39
29/08/18,1817.73,58.44
30/08/18,1791.24,57.59
31/08/18,1787.9,57.48
01/09/18,1785.97,57.42
02/09/18,1785.97,57.42
03/09/18,1784.03,57.36
04/09/18,1745.59,56.12
05/09/18,1749.13,56.24
06/09/18,1745.81,56.13
07/09/18,1746.27,56.14
08/09/18,1746.77,56.16
09/09/18,1746.77,56.16
10/09/18,1747.27,56.18
11/09/18,1740.18,55.95
12/09/18,1754.41,56.41
13/09/18,1752.75,56.35
14/09/18,1742.03,56.01
15/09/18,1742.09,56.01
16/09/18,1742.09,56.01
17/09/18,1742.15,56.01
18/09/18,1747.86,56.2
19/09/18,1758.04,56.52
20/09/18,1769.2,56.88
21/09/18,1769.44,56.89
22/09/18,1764.56,56.73
23/09/18,1764.56,56.73
24/09/18,1759.68,56.58
25/09/18,1790.91,57.58
26/09/18,1775.36,57.08
27/09/18,1793.17,57.65
28/09/18,1810.99,58.23
29/09/18,1798.63,57.83
30/09/18,1798.63,57.83
01/10/18,1786.27,57.43
02/10/18,1818.91,58.48
03/10/18,1807.59,58.12
04/10/18,1802.06,57.94
05/10/18,1808.42,58.14
06/10/18,1791.28,57.59
07/10/18,1791.28,57.59
08/10/18,1774.13,57.04
09/10/18,1770.72,56.93
10/10/18,1834.39,58.98
11/10/18,1922.51,61.81
12/10/18,1945.78,62.56
13/10/18,1943.01,62.47
14/10/18,1943.01,62.47
15/10/18,1940.25,62.38
16/10/18,1936.17,62.25
17/10/18,1940.7,62.4
18/10/18,1938.08,62.31
19/10/18,1951.57,62.74
20/10/18,1943.9,62.5
21/10/18,1943.9,62.5
22/10/18,1936.24,62.25
23/10/18,1972.35,63.41
24/10/18,1962.31,63.09
25/10/18,1933.18,62.15
26/10/18,1963.93,63.14
27/10/18,1944.7,62.52
28/10/18,1944.7,62.52
29/10/18,1925.46,61.91
30/10/18,1917.46,61.65
31/10/18,1907.1,61.31
01/11/18,1965.86,63.2
02/11/18,1965.78,63.2
03/11/18,1961.59,63.07
04/11/18,1961.59,63.07
05/11/18,1957.4,62.93
06/11/18,1943.73,62.49
07/11/18,1947.4,62.61
08/11/18,1922.91,61.82
09/11/18,1896.7,60.98
10/11/18,1889.49,60.75
11/11/18,1889.49,60.75
12/11/18,1882.27,60.52
13/11/18,1865.32,59.97
14/11/18,1898.63,61.04
15/11/18,1915.27,61.58
16/11/18,1930.6,62.07
17/11/18,1932.81,62.14
18/11/18,1932.81,62.14
19/11/18,1935.02,62.21
20/11/18,1925.13,61.89
21/11/18,1946.8,62.59
22/11/18,1950.46,62.71
23/11/18,1920.94,61.76
24/11/18,1918.43,61.68
25/11/18,1918.43,61.68
26/11/18,1915.93,61.6
27/11/18,1906.02,61.28
28/11/18,1926.18,61.93
29/11/18,1921.35,61.77
30/11/18,1902.48,61.17
01/12/18,1951.34,62.74
02/12/18,1951.34,62.74
03/12/18,2000.2,64.31
04/12/18,2000.22,64.31
05/12/18,2008.56,64.58
06/12/18,2006.04,64.5
07/12/18,2029.5,65.25
08/12/18,2024.68,65.09
09/12/18,2024.68,65.09
10/12/18,2019.87,64.94
11/12/18,2032.33,65.34
12/12/18,2050.08,65.91
13/12/18,2057.18,66.14
14/12/18,2025.64,65.13
15/12/18,2036.32,65.47
16/12/18,2036.32,65.47
17/12/18,2046.99,65.81
18/12/18,2045.28,65.76
19/12/18,2041.53,65.64
20/12/18,2053.72,66.03
21/12/18,2035.0,65.43
22/12/18,2049.14,65.88
23/12/18,2049.14,65.88
24/12/18,2063.29,66.34
25/12/18,2056.82,66.13
26/12/18,2102.81,67.61
27/12/18,2121.86,68.22
28/12/18,2139.95,68.8
29/12/18,2153.26,69.23
30/12/18,2153.26,69.23
31/12/18,2166.58,69.66
01/01/19,2164.22,69.58
02/01/19,2161.85,69.5
03/01/19,2189.48,70.39
04/01/19,2181.88,70.15
05/01/19,2179.72,70.08
06/01/19,2179.72,70.08
07/01/19,2177.55,70.01
08/01/19,2184.67,70.24
09/01/19,2203.64,70.85
10/01/19,2178.38,70.04
11/01/19,2181.07,70.12
12/01/19,2186.82,70.31
13/01/19,2186.82,70.31
14/01/19,2192.57,70.49
15/01/19,2167.08,69.67
16/01/19,2178.12,70.03
17/01/19,2169.42,69.75
18/01/19,2134.83,68.64
19/01/19,2135.6,68.66
20/01/19,2135.6,68.66
21/01/19,2136.36,68.69
22/01/19,2145.23,68.97
23/01/19,2145.21,68.97
24/01/19,2139.01,68.77
25/01/19,2191.01,70.44
26/01/19,2191.73,70.47
27/01/19,2191.73,70.47
28/01/19,2192.44,70.49
29/01/19,2210.55,71.07
30/01/19,2239.46,72.0
31/01/19,2243.99,72.15
01/02/19,2201.84,70.79
02/02/19,2206.27,70.93
03/02/19,2206.27,70.93
04/02/19,2210.69,71.08
05/02/19,2201.05,70.77
06/02/19,2181.1,70.12
07/02/19,2192.82,70.5
08/02/19,2197.13,70.64
09/02/19,2194.24,70.55
10/02/19,2194.24,70.55
11/02/19,2191.35,70.45
12/02/19,2192.07,70.48
13/02/19,2180.44,70.1
14/02/19,2180.45,70.1
15/02/19,2196.41,70.62
16/02/19,2201.72,70.79
17/02/19,2201.72,70.79
18/02/19,2207.02,70.96
19/02/19,2222.59,71.46
20/02/19,2236.98,71.92
21/02/19,2211.77,71.11
22/02/19,2224.43,71.52
23/02/19,2220.41,71.39
24/02/19,2220.41,71.39
25/02/19,2216.39,71.26
26/02/19,2221.05,71.41
27/02/19,2194.98,70.57
28/02/19,2180.57,70.11
01/03/19,2108.56,67.79
02/03/19,2107.69,67.76
03/03/19,2107.69,67.76
04/03/19,2106.82,67.74
05/03/19,2107.3,67.75
06/03/19,2098.26,67.46
07/03/19,2101.39,67.56
08/03/19,2143.83,68.93
09/03/19,2139.93,68.8
10/03/19,2139.93,68.8
11/03/19,2136.04,68.67
12/03/19,2158.77,69.41
13/03/19,2152.39,69.2
14/03/19,2124.05,68.29
15/03/19,2129.62,68.47
16/03/19,2141.39,68.85
17/03/19,2141.39,68.85
18/03/19,2153.17,69.23
19/03/19,2149.9,69.12
20/03/19,2173.03,69.86
21/03/19,2162.87,69.54
22/03/19,2155.92,69.31
23/03/19,2166.96,69.67
24/03/19,2166.96,69.67
25/03/19,2178.0,70.02
26/03/19,2170.15,69.77
27/03/19,2148.03,69.06
28/03/19,2114.12,67.97
29/03/19,2131.88,68.54
30/03/19,2129.29,68.46
31/03/19,2129.29,68.46
01/04/19,2126.7,68.38
02/04/19,2121.27,68.2
03/04/19,2145.73,68.99
04/04/19,2143.54,68.92
05/04/19,2136.38,68.69
06/04/19,2147.96,69.06
07/04/19,2147.96,69.06
08/04/19,2159.54,69.43
09/04/19,2155.09,69.29
10/04/19,2157.7,69.37
11/04/19,2125.6,68.34
12/04/19,2117.35,68.07
13/04/19,2123.34,68.27
14/04/19,2123.34,68.27
15/04/19,2129.32,68.46
16/04/19,2126.1,68.36
17/04/19,2123.33,68.27
18/04/19,2124.04,68.29
19/04/19,2124.7,68.31
20/04/19,2126.01,68.35
21/04/19,2126.01,68.35
22/04/19,2127.32,68.39
23/04/19,2100.0,67.52
24/04/19,2114.23,67.97
25/04/19,2118.31,68.11
26/04/19,2134.13,68.61
27/04/19,2123.66,68.28
28/04/19,2123.66,68.28
29/04/19,2113.19,67.94
30/04/19,2117.14,68.07
01/05/19,2080.89,66.9
02/05/19,2069.28,66.53
03/05/19,2112.55,67.92
04/05/19,2112.39,67.91
05/05/19,2112.39,67.91
06/05/19,2112.23,67.91
07/05/19,2109.73,67.83
08/05/19,2102.07,67.58
09/05/19,2090.34,67.21
10/05/19,2092.93,67.29
11/05/19,2093.72,67.31
12/05/19,2093.72,67.31
13/05/19,2094.52,67.34
14/05/19,2097.25,67.43
15/05/19,2097.6,67.44
16/05/19,2058.63,66.19
17/05/19,2074.54,66.7
18/05/19,2107.51,67.76
19/05/19,2107.51,67.76
20/05/19,2140.48,68.82
21/05/19,2180.91,70.12
22/05/19,2201.14,70.77
23/05/19,2219.42,71.36
24/05/19,2214.41,71.19
25/05/19,2208.13,70.99
26/05/19,2208.13,70.99
27/05/19,2201.85,70.79
28/05/19,2167.53,69.69
29/05/19,2162.54,69.53
30/05/19,2194.94,70.57
31/05/19,2141.22,68.84
01/06/19,2155.76,69.31
02/06/19,2155.76,69.31
03/06/19,2170.29,69.78
04/06/19,2185.7,70.27
05/06/19,2181.32,70.13
06/06/19,2194.37,70.55
07/06/19,2245.19,72.19
08/06/19,2231.35,71.74
09/06/19,2231.35,71.74
10/06/19,2217.5,71.29
11/06/19,2234.16,71.83
12/06/19,2239.46,72.0
13/06/19,2269.77,72.97
14/06/19,2282.24,73.38
15/06/19,2304.95,74.11
16/06/19,2304.95,74.11
17/06/19,2327.66,74.84
18/06/19,2357.28,75.79
19/06/19,2376.33,76.4
20/06/19,2428.8,78.09
21/06/19,2408.16,77.42
22/06/19,2420.77,77.83
23/06/19,2420.77,77.83
24/06/19,2433.38,78.23
25/06/19,2408.89,77.45
26/06/19,2400.71,77.19
27/06/19,2457.9,79.02
28/06/19,2496.75,80.27
29/06/19,2492.65,80.14
30/06/19,2488.55,80.01
01/07/19,2458.74,79.05
02/07/19,2408.3,77.43
03/07/19,2428.18,78.07
04/07/19,2421.64,77.86
05/07/19,2354.05,75.68
06/07/19,2352.12,75.62
07/07/19,2350.2,75.56
08/07/19,2376.43,76.4
09/07/19,2391.43,76.89
10/07/19,2418.07,77.74
11/07/19,2397.23,77.07
12/07/19,2405.39,77.33
13/07/19,2412.98,77.58
14/07/19,2420.58,77.82
15/07/19,2456.16,78.97
16/07/19,2483.59,79.85
17/07/19,2542.49,81.74
18/07/19,2603.72,83.71
19/07/19,2592.23,83.34
20/07/19,2592.41,83.35
21/07/19,2592.6,83.35
22/07/19,2615.31,84.08
23/07/19,2624.81,84.39
24/07/19,2670.55,85.86
25/07/19,2645.96,85.07
26/07/19,2633.89,84.68
27/07/19,2636.26,84.76
28/07/19,2638.64,84.83
29/07/19,2650.43,85.21
30/07/19,2666.7,85.74
31/07/19,2614.27,84.05
01/08/19,2620.0,84.23
02/08/19,2585.27,83.12
03/08/19,2588.18,83.21
04/08/19,2591.08,83.31
05/08/19,2637.34,84.79
06/08/19,2624.69,84.39
07/08/19,2733.07,87.87
08/08/19,2715.48,87.31
09/08/19,2680.05,86.17
10/08/19,2682.91,86.26
11/08/19,2685.78,86.35
12/08/19,2737.61,88.02
13/08/19,2721.3,87.49
14/08/19,2763.43,88.85
15/08/19,2766.36,88.94
16/08/19,2733.18,87.87
17/08/19,2739.32,88.07
18/08/19,2745.47,88.27
19/08/19,2673.02,85.94
20/08/19,2745.04,88.25
21/08/19,2742.28,88.17
22/08/19,2731.27,87.81
23/08/19,2790.29,89.71
24/08/19,2783.78,89.5
25/08/19,2777.26,89.29
26/08/19,2807.28,90.26
27/08/19,2894.32,93.06
28/08/19,2908.82,93.52
29/08/19,2893.26,93.02
30/08/19,2894.93,93.07
31/08/19,2895.81,93.1
01/09/19,2896.7,93.13
02/09/19,2883.73,92.71
03/09/19,3034.23,97.55
04/09/19,3067.69,98.63
05/09/19,2930.3,94.21
06/09/19,2837.82,91.24
07/09/19,2833.7,91.11
08/09/19,2829.57,90.97
09/09/19,2810.0,90.34
10/09/19,2824.24,90.8
11/09/19,2831.63,91.04
12/09/19,2830.77,91.01
13/09/19,2732.75,87.86
14/09/19,2754.73,88.57
15/09/19,2754.73,88.57
16/09/19,2776.71,89.27
17/09/19,2819.07,90.64
18/09/19,2773.46,89.17
19/09/19,2790.9,89.73
20/09/19,2818.39,90.61
21/09/19,2815.88,90.53
22/09/19,2813.36,90.45
23/09/19,2918.59,93.83
24/09/19,2917.91,93.81
25/09/19,2817.72,90.59
26/09/19,2811.43,90.39
27/09/19,2750.29,88.42
28/09/19,2749.0,88.38
29/09/19,2747.71,88.34
30/09/19,2678.56,86.12
01/10/19,2708.37,87.08
02/10/19,2749.07,88.39
03/10/19,2761.28,88.78
04/10/19,2744.77,88.25
05/10/19,2750.64,88.44
06/10/19,2756.52,88.62
07/10/19,2726.13,87.65
08/10/19,2787.72,89.63
09/10/19,2803.79,90.14
10/10/19,2742.68,88.18
11/10/19,2746.11,88.29
12/10/19,2743.96,88.22
13/10/19,2741.81,88.15
14/10/19,2767.54,88.98
15/10/19,2725.03,87.61
16/10/19,2716.16,87.33
17/10/19,2739.29,88.07
18/10/19,2736.14,87.97
19/10/19,2738.06,88.03
20/10/19,2738.06,88.03
21/10/19,2739.98,88.09
22/10/19,2743.93,88.22
23/10/19,2739.85,88.09
24/10/19,2777.13,89.29
25/10/19,2811.25,90.38
26/10/19,2794.09,89.83
27/10/19,2794.09,89.83
28/10/19,2776.93,89.28
29/10/19,2769.48,89.04
30/10/19,2777.66,89.3
31/10/19,2813.18,90.45
01/11/19,2807.36,90.26
02/11/19,2808.03,90.28
03/11/19,2808.69,90.3
04/11/19,2804.71,90.17
05/11/19,2746.5,88.3
06/11/19,2751.39,88.46
07/11/19,2671.51,85.89
08/11/19,2622.13,84.3
09/11/19,2625.47,84.41
10/11/19,2628.81,84.52
11/11/19,2625.26,84.4
12/11/19,2622.67,84.32
13/11/19,2642.95,84.97
14/11/19,2650.02,85.2
15/11/19,2638.05,84.81
16/11/19,2637.18,84.79
17/11/19,2636.31,84.76
18/11/19,2657.03,85.42
19/11/19,2675.53,86.02
20/11/19,2677.82,86.09
21/11/19,2657.81,85.45
22/11/19,2643.5,84.99
23/11/19,2636.6,84.77
24/11/19,2629.69,84.55
25/11/19,2626.17,84.43
26/11/19,2653.46,85.31
27/11/19,2638.91,84.84
28/11/19,2631.79,84.61
29/11/19,2643.55,84.99
30/11/19,2637.9,84.81
01/12/19,2632.25,84.63
02/12/19,2626.66,84.45
03/12/19,2664.1,85.65
04/12/19,2617.47,84.15
05/12/19,2630.18,84.56
06/12/19,2566.41,82.51
07/12/19,2568.19,82.57
08/12/19,2569.98,82.63
09/12/19,2574.44,82.77
10/12/19,2582.37,83.03
11/12/19,2615.34,84.08
12/12/19,2617.28,84.15
13/12/19,2624.07,84.37
14/12/19,2624.02,84.36
15/12/19,2623.97,84.36
16/12/19,2640.73,84.9
17/12/19,2635.91,84.75
18/12/19,2637.29,84.79
19/12/19,2636.25,84.76
20/12/19,2663.07,85.62
21/12/19,2660.31,85.53
22/12/19,2657.54,85.44
23/12/19,2702.0,86.87
24/12/19,2751.86,88.47
25/12/19,2748.56,88.37
26/12/19,2773.0,89.15
27/12/19,2750.6,88.43
28/12/19,2755.1,88.58
29/12/19,2759.6,88.72
30/12/19,2775.59,89.24
31/12/19,2765.75,88.92
01/01/20,2785.46,89.56
02/01/20,2791.83,89.76
03/01/20,2796.71,89.92
04/01/20,2806.39,90.23
05/01/20,2816.06,90.54
06/01/20,2809.98,90.34
07/01/20,2881.27,92.64
08/01/20,2808.34,90.29
09/01/20,2771.31,89.1
10/01/20,2803.47,90.13
11/01/20,2797.31,89.94
12/01/20,2791.15,89.74
13/01/20,2776.58,89.27
14/01/20,2762.19,88.81
15/01/20,2787.97,89.64
16/01/20,2776.69,89.27
17/01/20,2788.2,89.64
18/01/20,2788.59,89.66
19/01/20,2788.97,89.67
20/01/20,2795.82,89.89
21/01/20,2745.24,88.26
22/01/20,2763.23,88.84
23/01/20,2749.17,88.39
24/01/20,2801.03,90.06
25/01/20,2807.84,90.27
26/01/20,2814.64,90.49
27/01/20,2795.13,89.87
28/01/20,2700.89,86.84
29/01/20,2714.01,87.26
30/01/20,2756.65,88.63
31/01/20,2785.5,89.56
01/02/20,2789.1,89.67
02/02/20,2792.69,89.79
03/02/20,2734.21,87.91
04/02/20,2720.29,87.46
05/02/20,2721.58,87.5
06/02/20,2752.04,88.48
07/02/20,2734.98,87.93
08/02/20,2738.78,88.05
09/02/20,2742.58,88.18
10/02/20,2746.93,88.32
11/02/20,2724.71,87.6
12/02/20,2706.91,87.03
13/02/20,2727.05,87.68
14/02/20,2738.86,88.06
15/02/20,2738.64,88.05
16/02/20,2738.43,88.04
17/02/20,2749.94,88.41
18/02/20,2804.48,90.17
19/02/20,2837.83,91.24
20/02/20,2842.6,91.39
21/02/20,2854.09,91.76
22/02/20,2868.67,92.23
23/02/20,2883.25,92.7
24/02/20,2871.21,92.31
25/02/20,2786.79,89.6
26/02/20,2764.61,88.88
27/02/20,2744.89,88.25
28/02/20,2572.95,82.72
29/02/20,2573.68,82.75
01/03/20,2574.41,82.77
02/03/20,2595.87,83.46
03/03/20,2661.87,85.58
04/03/20,2650.68,85.22
05/03/20,2696.99,86.71
06/03/20,2676.33,86.05
07/03/20,2689.38,86.47
08/03/20,2702.43,86.89
09/03/20,2657.42,85.44
10/03/20,2665.89,85.71
11/03/20,2678.02,86.1
12/03/20,2498.84,80.34
13/03/20,2313.68,74.39
14/03/20,2321.01,74.62
15/03/20,2328.33,74.86
16/03/20,2066.11,66.43
17/03/20,2031.95,65.33
18/03/20,1950.41,62.71
19/03/20,1925.63,61.91
20/03/20,1999.06,64.27
21/03/20,1986.05,63.85
22/03/20,1973.05,63.44
23/03/20,2175.76,69.95
24/03/20,2328.65,74.87
25/03/20,2302.75,74.03
26/03/20,2347.47,75.47
27/03/20,2337.98,75.17
28/03/20,2347.03,75.46
29/03/20,2356.07,75.75
30/03/20,2324.81,74.74
31/03/20,2322.4,74.67
01/04/20,2328.48,74.86
02/04/20,2409.56,77.47
03/04/20,2398.53,77.11
04/04/20,2402.47,77.24
05/04/20,2406.41,77.37
06/04/20,2538.58,81.62
07/04/20,2508.56,80.65
08/04/20,2511.78,80.75
09/04/20,2576.6,82.84
10/04/20,2549.09,81.95
11/04/20,2553.31,82.09
12/04/20,2557.52,82.23
13/04/20,2569.26,82.6
14/04/20,2613.49,84.03
15/04/20,2572.02,82.69
16/04/20,2591.68,83.32
17/04/20,2532.41,81.42
18/04/20,2513.41,80.81
19/04/20,2513.41,80.81
20/04/20,2494.41,80.2
21/04/20,2402.06,77.23
22/04/20,2416.64,77.7
23/04/20,2438.74,78.41
24/04/20,2455.24,78.94
25/04/20,2454.56,78.92
26/04/20,2453.88,78.89
27/04/20,2437.99,78.38
28/04/20,2439.89,78.44
29/04/20,2467.96,79.35
30/04/20,2401.39,77.21
01/05/20,2400.8,77.19
02/05/20,2389.95,76.84
03/05/20,2379.09,76.49
04/05/20,2352.77,75.64
05/05/20,2385.83,76.71
06/05/20,2372.6,76.28
07/05/20,2445.51,78.62
08/05/20,2472.97,79.51
09/05/20,2472.28,79.49
10/05/20,2472.28,79.49
11/05/20,2471.59,79.46
12/05/20,2476.82,79.63
13/05/20,2506.67,80.59
14/05/20,2546.61,81.88
15/05/20,2659.91,85.52
16/05/20,2683.03,86.26
17/05/20,2706.15,87.0
18/05/20,2744.31,88.23
19/05/20,2791.41,89.75
20/05/20,2806.66,90.24
21/05/20,2739.81,88.09
22/05/20,2763.92,88.86
23/05/20,2760.03,88.74
24/05/20,2756.13,88.61
25/05/20,2757.45,88.65
26/05/20,2764.78,88.89
27/05/20,2776.28,89.26
28/05/20,2807.81,90.27
29/05/20,2874.56,92.42
30/05/20,2908.32,93.5
31/05/20,2942.07,94.59
01/06/20,2986.97,96.03
02/06/20,2989.17,96.1
03/06/20,2915.13,93.72
04/06/20,2891.56,92.97
05/06/20,2847.73,91.56
06/06/20,2847.38,91.55
07/06/20,2847.02,91.53
08/06/20,2893.7,93.03
09/06/20,2881.01,92.63
10/06/20,2956.48,95.05
11/06/20,2899.91,93.23
12/06/20,2875.45,92.45
13/06/20,2881.34,92.64
14/06/20,2887.24,92.83
15/06/20,2865.37,92.12
16/06/20,2887.1,92.82
17/06/20,2896.71,93.13
18/06/20,2897.33,93.15
19/06/20,2936.56,94.41
20/06/20,2953.24,94.95
21/06/20,2969.92,95.48
22/06/20,2968.24,95.43
23/06/20,3006.14,96.65
24/06/20,2939.61,94.51
25/06/20,2985.56,95.99
26/06/20,2979.11,95.78
27/06/20,2982.64,95.89
28/06/20,2986.18,96.01
29/06/20,3003.74,96.57
30/06/20,3055.3,98.23
01/07/20,3024.82,97.25
02/07/20,3014.52,96.92
03/07/20,3025.15,97.26
04/07/20,3020.29,97.1
05/07/20,3015.43,96.95
06/07/20,3045.43,97.91
07/07/20,3053.35,98.17
08/07/20,3124.38,100.45
09/07/20,3119.98,100.31
10/07/20,3115.11,100.15
11/07/20,3119.06,100.28
12/07/20,3123.01,100.41
13/07/20,3193.76,102.68
14/07/20,3222.03,103.59
15/07/20,3246.55,104.38
16/07/20,3200.56,102.9
17/07/20,3238.62,104.12
18/07/20,3288.64,105.73
19/07/20,3288.64,105.73
20/07/20,3338.67,107.34
21/07/20,3762.67,120.97
22/07/20,3831.47,123.18
23/07/20,3791.86,121.91
24/07/20,3812.0,122.56
25/07/20,3841.61,123.51
26/07/20,3871.22,124.46
27/07/20,4097.67,131.74
28/07/20,4037.74,129.82
29/07/20,4045.74,130.07
30/07/20,3925.51,126.21
31/07/20,4088.91,131.46
01/08/20,4100.09,131.82
02/08/20,4111.26,132.18
03/08/20,4050.99,130.24
04/08/20,4399.57,141.45
05/08/20,4519.36,145.3
06/08/20,4875.93,156.76
07/08/20,4750.73,152.74
08/08/20,4748.97,152.69
09/08/20,4747.2,152.63
10/08/20,4894.48,157.36
11/08/20,4200.62,135.05
12/08/20,4319.4,138.87
13/08/20,4619.93,148.53
14/08/20,4464.35,143.53
15/08/20,4445.82,142.94
16/08/20,4427.28,142.34
17/08/20,4592.25,147.64
18/08/20,4696.02,150.98
19/08/20,4495.55,144.54
20/08/20,4629.75,148.85
21/08/20,4513.78,145.12
22/08/20,4496.68,144.57
23/08/20,4479.58,144.02
24/08/20,4489.84,144.35
25/08/20,4466.39,143.6
26/08/20,4623.75,148.66
27/08/20,4511.73,145.06
28/08/20,4602.09,147.96
29/08/20,4641.5,149.23
30/08/20,4680.91,150.49
31/08/20,4656.23,149.7
01/09/20,4679.35,150.44
02/09/20,4558.68,146.56
03/09/20,4402.05,141.53
04/09/20,4466.54,143.6
05/09/20,4458.29,143.33
06/09/20,4450.04,143.07
07/09/20,4451.47,143.12
08/09/20,4427.89,142.36
09/09/20,4487.37,144.27
10/09/20,4465.48,143.57
11/09/20,4439.75,142.74
12/09/20,4444.88,142.91
13/09/20,4450.0,143.07
14/09/20,4514.32,145.14
15/09/20,4510.6,145.02
16/09/20,4516.09,145.2
17/09/20,4498.17,144.62
18/09/20,4456.37,143.28
19/09/20,4448.87,143.03
20/09/20,4441.37,142.79
21/09/20,4158.42,133.7
22/09/20,4063.82,130.66
23/09/20,3784.77,121.68
24/09/20,3852.64,123.87
25/09/20,3792.55,121.93
26/09/20,3801.23,122.21
27/09/20,3809.9,122.49
28/09/20,3946.05,126.87
29/09/20,4026.88,129.47
30/09/20,3869.88,124.42
01/10/20,3931.47,126.4
02/10/20,3910.14,125.71
03/10/20,3960.1,127.32
04/10/20,3960.1,127.32
05/10/20,4010.05,128.93
06/10/20,3827.09,123.04
07/10/20,3896.89,125.29
08/10/20,3916.18,125.91
09/10/20,4118.75,132.42
10/10/20,4121.55,132.51
11/10/20,4121.55,132.51
12/10/20,4124.34,132.6
13/10/20,3961.83,127.38
14/10/20,3961.17,127.35
15/10/20,3953.02,127.09
16/10/20,3931.22,126.39
17/10/20,3949.76,126.98
18/10/20,3949.76,126.98
19/10/20,3968.29,127.58
20/10/20,4019.84,129.24
21/10/20,4051.78,130.27
22/10/20,3995.86,128.47
23/10/20,3978.85,127.92
24/10/20,3946.1,126.87
25/10/20,3946.1,126.87
26/10/20,3913.35,125.82
27/10/20,3909.97,125.71
28/10/20,3765.11,121.05
29/10/20,3741.29,120.29
30/10/20,3793.84,121.97
31/10/20,3824.48,122.95
01/11/20,3824.48,122.95
02/11/20,3855.11,123.94
03/11/20,3902.18,125.46
04/11/20,3825.26,122.98
05/11/20,4009.64,128.91
06/11/20,4075.03,131.02
07/11/20,3963.95,127.45
08/11/20,3963.95,127.45
09/11/20,3852.87,123.87
10/11/20,3843.09,123.56
11/11/20,3842.6,123.54
12/11/20,3842.25,123.53
13/11/20,3906.97,125.61
14/11/20,3911.74,125.77
15/11/20,3911.74,125.77
16/11/20,3916.51,125.92
17/11/20,3873.33,124.53
18/11/20,3864.58,124.25
19/11/20,3807.16,122.4
20/11/20,3882.91,124.84
21/11/20,3838.46,123.41
22/11/20,3838.46,123.41
23/11/20,3794.01,121.98
24/11/20,3726.73,119.82
25/11/20,3722.11,119.67
26/11/20,3694.99,118.8
27/11/20,3616.44,116.27
28/11/20,3615.11,116.23
29/11/20,3615.11,116.23
30/11/20,3613.79,116.19
01/12/20,3803.69,122.29
02/12/20,3852.95,123.88
03/12/20,3854.38,123.92
04/12/20,3872.41,124.5
05/12/20,3902.2,125.46
06/12/20,3902.2,125.46
07/12/20,3932.0,126.42
08/12/20,3937.34,126.59
09/12/20,3832.34,123.21
10/12/20,3850.23,123.79
11/12/20,3835.59,123.32
12/12/20,3830.1,123.14
13/12/20,3830.1,123.14
14/12/20,3824.61,122.96
15/12/20,3930.76,126.38
16/12/20,4067.63,130.78
17/12/20,4152.74,133.51
18/12/20,4131.14,132.82
19/12/20,4172.05,134.13
20/12/20,4172.05,134.13
21/12/20,4212.96,135.45
22/12/20,4081.44,131.22
23/12/20,4105.92,132.01
24/12/20,4138.2,133.05
25/12/20,4138.46,133.05
26/12/20,4188.37,134.66
27/12/20,4188.37,134.66
28/12/20,4238.28,136.26
29/12/20,4204.2,135.17
30/12/20,4278.01,137.54
31/12/20,4225.99,135.87
01/01/21,4247.78,136.57
02/01/21,4299.36,138.23
03/01/21,4299.36,138.23
04/01/21,4350.95,139.89
05/01/21,4431.68,142.48
06/01/21,4380.72,140.84
07/01/21,4360.11,140.18
08/01/21,4074.35,130.99
09/01/21,4047.42,130.12
10/01/21,4047.42,130.12
11/01/21,4020.49,129.26
12/01/21,4105.71,132.0
13/01/21,4065.38,130.71
14/01/21,4100.46,131.83
15/01/21,3970.19,127.64
16/01/21,3992.73,128.37
17/01/21,3992.73,128.37
18/01/21,4015.27,129.09
19/01/21,4054.97,130.37
20/01/21,4149.5,133.41
21/01/21,4165.01,133.91
22/01/21,4094.4,131.64
23/01/21,4084.29,131.31
24/01/21,4084.29,131.31
25/01/21,4074.18,130.99
26/01/21,4090.19,131.5
27/01/21,4043.13,129.99
28/01/21,4245.67,136.5
29/01/21,4325.94,139.08
30/01/21,4446.39,142.96
31/01/21,4446.39,142.96
01/02/21,4566.83,146.83
02/02/21,4299.05,138.22
03/02/21,4307.22,138.48
04/02/21,4220.75,135.7
05/02/21,4305.34,138.42
06/02/21,4333.26,139.32
07/02/21,4333.26,139.32
08/02/21,4361.19,140.22
09/02/21,4351.35,139.9
10/02/21,4318.33,138.84
11/02/21,4304.51,138.39
12/02/21,4346.61,139.75
13/02/21,4372.71,140.59
14/02/21,4372.71,140.59
15/02/21,4398.81,141.43
16/02/21,4328.88,139.18
17/02/21,4379.79,140.81
18/02/21,4275.2,137.45
19/02/21,4337.37,139.45
20/02/21,4412.78,141.88
21/02/21,4412.78,141.88
22/02/21,4488.2,144.3
23/02/21,4395.43,141.32
24/02/21,4438.37,142.7
25/02/21,4357.38,140.09
26/02/21,4225.75,135.86
27/02/21,4207.29,135.26
28/02/21,4207.29,135.26
01/03/21,4188.83,134.67
02/03/21,4217.4,135.59
03/03/21,4087.02,131.4
04/03/21,3984.24,128.1
05/03/21,3963.15,127.42
06/03/21,3959.93,127.31
07/03/21,3959.93,127.31
08/03/21,3956.71,127.21
09/03/21,4073.51,130.97
10/03/21,4111.89,132.2
11/03/21,4099.38,131.8
12/03/21,4069.16,130.83
13/03/21,4093.62,131.62
14/03/21,4093.62,131.62
15/03/21,4118.09,132.4
16/03/21,4063.23,130.64
17/03/21,4115.43,132.31
18/03/21,4051.31,130.25
19/03/21,4093.44,131.61
20/03/21,4055.44,130.38
21/03/21,4055.44,130.38
22/03/21,4017.45,129.16
23/03/21,3911.24,125.75
24/03/21,3897.22,125.3
25/03/21,3886.97,124.97
26/03/21,3884.86,124.9
27/03/21,3841.19,123.5
28/03/21,3841.19,123.5
29/03/21,3797.52,122.09
30/03/21,3675.81,118.18
31/03/21,3729.39,119.9
01/04/21,3815.58,122.67
02/04/21,3833.37,123.25
03/04/21,3810.05,122.5
04/04/21,3810.05,122.5
05/04/21,3786.74,121.75
06/04/21,3855.23,123.95
07/04/21,3852.92,123.87
08/04/21,3882.34,124.82
09/04/21,3856.83,124.0
10/04/21,3821.01,122.85
11/04/21,3821.01,122.85
12/04/21,3785.18,121.7
13/04/21,3877.82,124.67
14/04/21,3885.63,124.93
15/04/21,3946.48,126.88
16/04/21,3966.68,127.53
17/04/21,3963.18,127.42
18/04/21,3963.18,127.42
19/04/21,3959.69,127.31
20/04/21,3941.58,126.72
21/04/21,4064.9,130.69
22/04/21,4011.62,128.98
23/04/21,3989.69,128.27
24/04/21,4012.96,129.02
25/04/21,4012.96,129.02
26/04/21,4036.23,129.77
27/04/21,4048.99,130.18
28/04/21,4044.58,130.04
29/04/21,4007.92,128.86
30/04/21,3985.83,128.15
01/05/21,4052.38,130.29
02/05/21,4052.38,130.29
03/05/21,4118.94,132.43
04/05/21,4061.93,130.59
05/05/21,4043.87,130.01
06/05/21,4184.32,134.53
07/05/21,4190.92,134.74
08/05/21,4175.46,134.25
09/05/21,4175.46,134.25
10/05/21,4160.0,133.75
11/05/21,4203.64,135.15
12/05/21,4124.94,132.62
13/05/21,4117.75,132.39
14/05/21,4175.0,134.23
15/05/21,4243.14,136.42
16/05/21,4243.14,136.42
17/05/21,4311.27,138.61
18/05/21,4305.09,138.41
19/05/21,4229.27,135.97
20/05/21,4250.06,136.64
21/05/21,4229.08,135.97
22/05/21,4243.81,136.44
23/05/21,4243.81,136.44
24/05/21,4258.54,136.92
25/05/21,4318.85,138.85
26/05/21,4292.75,138.02
27/05/21,4330.24,139.22
28/05/21,4316.82,138.79
29/05/21,4323.23,139.0
30/05/21,4323.23,139.0
31/05/21,4329.63,139.2
01/06/21,4300.03,138.25
02/06/21,4363.7,140.3
03/06/21,4246.19,136.52
04/06/21,4295.1,138.09
05/06/21,4310.93,138.6
06/06/21,4310.93,138.6
07/06/21,4326.76,139.11
08/06/21,4297.84,138.18
09/06/21,4333.28,139.32
10/06/21,4355.79,140.04
11/06/21,4375.61,140.68
12/06/21,4358.84,140.14
13/06/21,4358.84,140.14
14/06/21,4342.07,139.6
15/06/21,4311.85,138.63
16/06/21,4249.49,136.62
17/06/21,4087.81,131.43
18/06/21,4047.04,130.12
19/06/21,4067.49,130.78
20/06/21,4067.49,130.78
21/06/21,4087.95,131.43
22/06/21,4067.05,130.76
23/06/21,4093.68,131.61
24/06/21,4094.1,131.63
25/06/21,4114.93,132.3
26/06/21,4118.39,132.41
27/06/21,4118.39,132.41
28/06/21,4121.85,132.52
29/06/21,4073.78,130.98
30/06/21,4113.55,132.25
01/07/21,4110.19,132.15
02/07/21,4181.34,134.43
03/07/21,4179.5,134.37
04/07/21,4179.5,134.37
05/07/21,4177.66,134.31
06/07/21,4147.53,133.35
07/07/21,4154.2,133.56
08/07/21,4128.23,132.73
09/07/21,4160.33,133.76
10/07/21,4175.5,134.25
11/07/21,4175.5,134.25
12/07/21,4190.67,134.73
13/07/21,4146.0,133.3
14/07/21,4180.89,134.42
15/07/21,4197.68,134.96
16/07/21,4094.99,131.66
17/07/21,4067.88,130.78
18/07/21,4067.88,130.78
19/07/21,4040.77,129.91
20/07/21,4017.23,129.16
21/07/21,4065.01,130.69
22/07/21,4089.45,131.48
23/07/21,4047.82,130.14
24/07/21,4062.68,130.62
25/07/21,4062.68,130.62
26/07/21,4077.53,131.1
27/07/21,4001.81,128.66
28/07/21,4057.91,130.46
29/07/21,4142.74,133.19
30/07/21,4145.7,133.29
31/07/21,4148.25,133.37
01/08/21,4148.25,133.37
02/08/21,4150.8,133.45
03/08/21,4203.12,135.13
04/08/21,4140.84,133.13
05/08/21,4121.19,132.5
06/08/21,3995.06,128.44
07/08/21,3925.56,126.21
08/08/21,3925.56,126.21
09/08/21,3856.06,123.98
10/08/21,3832.95,123.23
11/08/21,3849.8,123.77
12/08/21,3815.38,122.67
13/08/21,3903.37,125.5
14/08/21,3917.91,125.97
15/08/21,3917.91,125.97
16/08/21,3932.46,126.43
17/08/21,3893.48,125.18
18/08/21,3861.46,124.15
19/08/21,3814.23,122.63
20/08/21,3788.93,121.82
21/08/21,3834.45,123.28
22/08/21,3834.45,123.28
23/08/21,3879.97,124.74
24/08/21,3937.2,126.58
25/08/21,3959.76,127.31
26/08/21,3927.95,126.29
27/08/21,4001.31,128.65
28/08/21,4002.32,128.68
29/08/21,4002.32,128.68
30/08/21,4003.33,128.71
31/08/21,3987.96,128.22
01/09/21,4037.31,129.8
02/09/21,3997.66,128.53
03/09/21,4131.89,132.84
04/09/21,4128.44,132.73
05/09/21,4128.44,132.73
06/09/21,4125.0,132.62
07/09/21,4087.19,131.41
08/09/21,4023.6,129.36
09/09/21,4041.54,129.94
10/09/21,3992.81,128.37
11/09/21,3993.44,128.39
12/09/21,3993.44,128.39
13/09/21,3994.07,128.41
14/09/21,4018.7,129.2
15/09/21,4053.57,130.33
16/09/21,3858.6,124.06
17/09/21,3765.44,121.06
18/09/21,3763.56,121.0
19/09/21,3763.56,121.0
20/09/21,3761.67,120.94
21/09/21,3802.49,122.25
22/09/21,3823.18,122.92
23/09/21,3812.68,122.58
24/09/21,3792.91,121.94
25/09/21,3816.44,122.7
26/09/21,3816.44,122.7
27/09/21,3839.98,123.46
28/09/21,3828.21,123.08
29/09/21,3676.63,118.21
30/09/21,3776.28,121.41
01/10/21,3847.42,123.7
02/10/21,3855.77,123.97
03/10/21,3855.77,123.97
04/10/21,3864.11,124.23
05/10/21,3867.19,124.33
06/10/21,3871.91,124.48
07/10/21,3864.15,124.24
08/10/21,3864.04,124.23
09/10/21,3862.71,124.19
10/10/21,3862.71,124.19
11/10/21,3861.38,124.15
12/10/21,3857.65,124.03
13/10/21,3944.06,126.8
14/10/21,4008.79,128.89
15/10/21,3991.7,128.34
16/10/21,3989.97,128.28
17/10/21,3989.97,128.28
18/10/21,3988.24,128.22
19/10/21,4079.81,131.17
20/10/21,4211.85,135.41
21/10/21,4185.8,134.58
22/10/21,4215.17,135.52
23/10/21,4249.28,136.62
24/10/21,4249.28,136.62
25/10/21,4283.4,137.71
26/10/21,4228.88,135.96
27/10/21,4185.28,134.56
28/10/21,4142.98,133.2
29/10/21,4109.21,132.11
30/10/21,4116.89,132.36
31/10/21,4116.89,132.36
01/11/21,4124.56,132.61
02/11/21,4011.18,128.96
03/11/21,4014.58,129.07
04/11/21,4043.67,130.01
05/11/21,4110.82,132.17
06/11/21,4137.63,133.03
07/11/21,4137.63,133.03
08/11/21,4164.44,133.89
09/11/21,4165.6,133.93
10/11/21,4223.69,135.79
11/11/21,4325.64,139.07
12/11/21,4371.21,140.54
13/11/21,4377.32,140.74
14/11/21,4377.32,140.74
15/11/21,4383.43,140.93
16/11/21,4334.77,139.37
17/11/21,4387.58,141.06
18/11/21,4324.35,139.03
19/11/21,4307.43,138.49
20/11/21,4276.64,137.5
21/11/21,4276.64,137.5
22/11/21,4245.85,136.51
23/11/21,4137.79,133.03
24/11/21,4127.65,132.71
25/11/21,4132.31,132.86
26/11/21,4044.28,130.03
27/11/21,4044.95,130.05
28/11/21,4044.95,130.05
29/11/21,4045.63,130.07
30/11/21,4020.0,129.25
01/12/21,3923.22,126.13
02/12/21,3943.93,126.8
03/12/21,3956.89,127.22
04/12/21,3953.01,127.09
05/12/21,3953.01,127.09
06/12/21,3949.14,126.97
07/12/21,3981.21,128.0
08/12/21,3982.04,128.03
09/12/21,3910.14,125.71
10/12/21,3921.69,126.09
11/12/21,3946.6,126.89
12/12/21,3946.6,126.89
13/12/21,3971.51,127.69
14/12/21,3914.58,125.86
15/12/21,3934.46,126.5
16/12/21,3999.09,128.57
17/12/21,3982.54,128.04
18/12/21,3974.17,127.77
19/12/21,3974.17,127.77
20/12/21,3965.8,127.5
21/12/21,4006.07,128.8
22/12/21,4063.38,130.64
23/12/21,4080.78,131.2
24/12/21,4072.25,130.93
25/12/21,4056.93,130.44
26/12/21,4056.93,130.44
27/12/21,4041.61,129.94
28/12/21,4106.04,132.01
29/12/21,4073.05,130.95
30/12/21,4117.9,132.39
31/12/21,4155.99,133.62
01/01/22,4100.81,131.84
02/01/22,4100.81,131.84
03/01/22,4045.62,130.07
04/01/22,4074.3,130.99
05/01/22,4024.08,129.38
06/01/22,3923.27,126.14
07/01/22,3959.48,127.3
08/01/22,3967.78,127.56
09/01/22,3967.78,127.56
10/01/22,3976.08,127.83
11/01/22,4019.62,129.23
12/01/22,4074.15,130.99
13/01/22,4067.79,130.78
14/01/22,4044.4,130.03
15/01/22,4047.93,130.14
16/01/22,4047.93,130.14
17/01/22,4051.45,130.26
18/01/22,4131.85,132.84
19/01/22,4245.96,136.51
20/01/22,4304.16,138.38
21/01/22,4285.35,137.78
22/01/22,4255.8,136.83
23/01/22,4255.8,136.83
24/01/22,4226.24,135.88
25/01/22,4214.16,135.49
26/01/22,4173.3,134.17
27/01/22,4024.72,129.4
28/01/22,3976.06,127.83
29/01/22,3974.61,127.78
30/01/22,3974.61,127.78
31/01/22,3973.17,127.74
01/02/22,3992.95,128.38
02/02/22,3987.53,128.2
03/02/22,3945.65,126.86
04/02/22,3948.18,126.94
05/02/22,3985.3,128.13
06/02/22,3985.3,128.13
07/02/22,4022.41,129.32
08/02/22,4044.17,130.02
09/02/22,4071.74,130.91
10/02/22,4052.56,130.29
11/02/22,4121.21,132.5
12/02/22,4155.83,133.62
13/02/22,4155.83,133.62
14/02/22,4190.45,134.73
15/02/22,4109.21,132.11
16/02/22,4153.89,133.55
17/02/22,4191.42,134.76
18/02/22,4197.87,134.96
19/02/22,4215.82,135.54
20/02/22,4215.82,135.54
21/02/22,4233.77,136.12
22/02/22,4250.1,136.64
23/02/22,4332.72,139.3
24/02/22,4268.68,137.24
25/02/22,4250.07,136.64
26/02/22,4291.78,137.99
27/02/22,4291.78,137.99
28/02/22,4333.5,139.33
01/03/22,4505.96,144.87
02/03/22,4485.99,144.23
03/03/22,4486.24,144.24
04/03/22,4603.18,148.0
05/03/22,4587.99,147.51
06/03/22,4587.99,147.51
07/03/22,4572.79,147.02
08/03/22,4707.93,151.36
09/03/22,4591.62,147.62
10/03/22,4634.66,149.01
11/03/22,4614.03,148.34
12/03/22,4552.97,146.38
13/03/22,4552.97,146.38
14/03/22,4491.91,144.42
15/03/22,4471.43,143.76
16/03/22,4518.65,145.28
17/03/22,4564.01,146.74
18/03/22,4466.37,143.6
19/03/22,4522.98,145.42
20/03/22,4522.98,145.42
21/03/22,4579.59,147.24
22/03/22,4489.24,144.33
23/03/22,4577.19,147.16
24/03/22,4656.26,149.7
25/03/22,4632.72,148.95
26/03/22,4590.08,147.57
27/03/22,4590.08,147.57
28/03/22,4547.44,146.2
29/03/22,4513.57,145.11
30/03/22,4545.96,146.16
31/03/22,4522.64,145.41
01/04/22,4526.38,145.53
02/04/22,4520.1,145.32
03/04/22,4520.1,145.32
04/04/22,4513.82,145.12
05/04/22,4480.12,144.04
06/04/22,4542.75,146.05
07/04/22,4583.9,147.38
08/04/22,4615.8,148.4
09/04/22,4604.12,148.03
10/04/22,4604.12,148.03
11/04/22,4592.44,147.65
12/04/22,4623.62,148.65
13/04/22,4660.66,149.84
14/04/22,4651.59,149.55
15/04/22,4667.18,150.05
16/04/22,4693.69,150.91
17/04/22,4693.69,150.91
18/04/22,4720.21,151.76
19/04/22,4620.56,148.55
20/04/22,4673.72,150.26
21/04/22,4627.47,148.78
22/04/22,4528.18,145.58
23/04/22,4472.24,143.79
24/04/22,4472.24,143.79
25/04/22,4416.29,141.99
26/04/22,4382.68,140.91
27/04/22,4366.66,140.39
28/04/22,4364.69,140.33
29/04/22,4363.02,140.27
30/04/22,4283.96,137.73
01/05/22,4283.96,137.73
02/05/22,4204.9,135.19
03/05/22,4195.86,134.9
04/05/22,4271.8,137.34
05/05/22,4176.78,134.29
06/05/22,4151.69,133.48
07/05/22,4128.12,132.72
08/05/22,4128.12,132.72
09/05/22,4104.56,131.96
10/05/22,4014.38,129.07
11/05/22,4097.91,131.75
12/05/22,3992.86,128.37
13/05/22,4047.83,130.14
14/05/22,4117.26,132.38
15/05/22,4117.26,132.38
16/05/22,4186.7,134.61
17/05/22,4239.88,136.32
18/05/22,4245.1,136.48
19/05/22,4400.84,141.49
20/05/22,4359.78,140.17
21/05/22,4370.67,140.52
22/05/22,4370.67,140.52
23/05/22,4381.57,140.87
24/05/22,4446.59,142.96
25/05/22,4456.86,143.29
26/05/22,4458.22,143.33
27/05/22,4425.31,142.28
28/05/22,4396.1,141.34
29/05/22,4396.1,141.34
30/05/22,4366.9,140.4
31/05/22,4285.43,137.78
01/06/22,4313.73,138.69
02/06/22,4411.2,141.82
03/06/22,4333.36,139.32
04/06/22,4373.98,140.62
05/06/22,4373.98,140.62
06/06/22,4414.61,141.93
07/06/22,4485.2,144.2
08/06/22,4415.25,141.95
09/06/22,4362.31,140.25
10/06/22,4421.77,142.16
11/06/22,4363.68,140.3
12/06/22,4363.68,140.3
13/06/22,4305.59,138.43
14/06/22,4342.81,139.62
15/06/22,4472.54,143.8
16/06/22,4561.04,146.64
17/06/22,4535.55,145.82
18/06/22,4539.8,145.95
19/06/22,4539.8,145.95
20/06/22,4544.05,146.09
21/06/22,4596.67,147.79
22/06/22,4525.01,145.48
23/06/22,4404.03,141.59
24/06/22,4407.65,141.71
25/06/22,4397.53,141.38
26/06/22,4397.53,141.38
27/06/22,4387.42,141.06
28/06/22,4290.61,137.95
29/06/22,4255.58,136.82
30/06/22,4137.23,133.02
01/07/22,4064.82,130.69
02/07/22,4076.28,131.06
03/07/22,4076.28,131.06
04/07/22,4087.75,131.42
05/07/22,3963.68,127.44
06/07/22,3999.96,128.6
07/07/22,3990.8,128.31
08/07/22,3990.15,128.29
09/07/22,3985.51,128.14
10/07/22,3985.51,128.14
11/07/22,3980.86,127.99
12/07/22,3924.16,126.16
13/07/22,4052.89,130.3
14/07/22,3868.61,124.38
15/07/22,3943.07,126.77
16/07/22,3987.43,128.19
17/07/22,3987.43,128.19
18/07/22,4031.78,129.62
19/07/22,4149.22,133.4
20/07/22,4203.25,135.14
21/07/22,4274.67,137.43
22/07/22,4250.92,136.67
23/07/22,4241.97,136.38
24/07/22,4241.97,136.38
25/07/22,4233.01,136.09
26/07/22,4335.74,139.4
27/07/22,4520.01,145.32
28/07/22,4782.7,153.77
29/07/22,4865.82,156.44
30/07/22,4864.31,156.39
31/07/22,4864.31,156.39
01/08/22,4862.8,156.34
02/08/22,4756.08,152.91
03/08/22,4614.13,148.35
04/08/22,4552.99,146.38
05/08/22,4463.31,143.5
06/08/22,4549.06,146.25
07/08/22,4549.06,146.25
08/08/22,4634.8,149.01
09/08/22,4603.43,148.0
10/08/22,4553.0,146.38
11/08/22,4460.07,143.39
12/08/22,4548.18,146.23
13/08/22,4438.27,142.69
14/08/22,4438.27,142.69
15/08/22,4328.35,139.16
16/08/22,4304.5,138.39
17/08/22,4268.09,137.22
18/08/22,4200.84,135.06
19/08/22,4094.79,131.65
20/08/22,4097.55,131.74
21/08/22,4097.55,131.74
22/08/22,4100.31,131.83
23/08/22,4164.83,133.9
24/08/22,4185.69,134.57
25/08/22,4231.98,136.06
26/08/22,4175.66,134.25
27/08/22,4368.97,140.47
28/08/22,4368.97,140.47
29/08/22,4562.27,146.68
30/08/22,4069.86,130.85
31/08/22,3925.25,126.2
01/09/22,3890.6,125.09
02/09/22,3960.56,127.33
03/09/22,3973.24,127.74
04/09/22,3973.24,127.74
05/09/22,3985.93,128.15
06/09/22,3997.37,128.52
07/09/22,4137.79,133.03
08/09/22,4154.37,133.57
09/09/22,4238.07,136.26
10/09/22,4402.57,141.55
11/09/22,4402.57,141.55
12/09/22,4567.06,146.83
13/09/22,4482.57,144.12
14/09/22,4617.28,148.45
15/09/22,4545.15,146.13
16/09/22,4646.58,149.39
17/09/22,4653.48,149.61
18/09/22,4653.48,149.61
19/09/22,4660.38,149.83
20/09/22,4614.5,148.36
21/09/22,4704.92,151.27
22/09/22,4706.19,151.31
23/09/22,4526.94,145.54
24/09/22,4439.28,142.72
25/09/22,4439.28,142.72
26/09/22,4351.62,139.91
27/09/22,4328.22,139.16
28/09/22,4406.53,141.67
29/09/22,4334.95,139.37
30/09/22,4341.08,139.57
01/10/22,4493.74,144.47
02/10/22,4493.74,144.47
03/10/22,4646.39,149.38
04/10/22,4588.06,147.51
05/10/22,4644.12,149.31
06/10/22,4585.82,147.44
07/10/22,4488.98,144.32
08/10/22,4394.23,141.27
09/10/22,4394.23,141.27
10/10/22,4299.48,138.23
11/10/22,4170.7,134.09
12/10/22,4154.3,133.56
13/10/22,4125.12,132.63
14/10/22,3988.74,128.24
15/10/22,4040.34,129.9
16/10/22,4040.34,129.9
17/10/22,4091.95,131.56
18/10/22,4117.55,132.38
19/10/22,4082.33,131.25
20/10/22,4119.86,132.46
21/10/22,4286.55,137.82
22/10/22,4256.33,136.84
23/10/22,4256.33,136.84
24/10/22,4226.1,135.87
25/10/22,4255.12,136.81
26/10/22,4277.4,137.52
27/10/22,4340.3,139.54
28/10/22,4263.67,137.08
29/10/22,4245.51,136.5
30/10/22,4245.51,136.5
31/10/22,4227.36,135.91
01/11/22,4339.52,139.52
02/11/22,4272.07,137.35
03/11/22,4315.43,138.74
04/11/22,4562.89,146.7
05/11/22,4587.31,147.49
06/11/22,4587.31,147.49
07/11/22,4611.73,148.27
08/11/22,4730.77,152.1
09/11/22,4669.45,150.13
10/11/22,4805.19,154.49
11/11/22,4809.96,154.64
12/11/22,4840.76,155.63
13/11/22,4840.76,155.63
14/11/22,4871.57,156.62
15/11/22,4787.47,153.92
16/11/22,4777.72,153.61
17/11/22,4668.42,150.09
18/11/22,4658.88,149.79
19/11/22,4667.38,150.06
20/11/22,4667.38,150.06
21/11/22,4675.88,150.33
22/11/22,4727.78,152.0
23/11/22,4826.25,155.17
24/11/22,4829.63,155.28
25/11/22,4827.59,155.21
26/11/22,4764.99,153.2
27/11/22,4764.99,153.2
28/11/22,4702.38,151.19
29/11/22,4770.36,153.37
30/11/22,4979.83,160.11
01/12/22,5098.03,163.91
02/12/22,5179.44,166.52
03/12/22,5088.81,163.61
04/12/22,5088.81,163.61
05/12/22,4998.17,160.69
06/12/22,4981.16,160.15
07/12/22,5104.72,164.12
08/12/22,5182.26,166.61
09/12/22,5274.78,169.59
10/12/22,5264.59,169.26
11/12/22,5264.59,169.26
12/12/22,5254.41,168.93
13/12/22,5341.89,171.75
14/12/22,5392.59,173.38
15/12/22,5197.58,167.11
16/12/22,5227.57,168.07
17/12/22,5201.76,167.24
18/12/22,5201.76,167.24
19/12/22,5175.96,166.41
20/12/22,5446.97,175.12
21/12/22,5420.01,174.26
22/12/22,5334.59,171.51
23/12/22,5354.16,172.14
24/12/22,5361.42,172.38
25/12/22,5361.42,172.38
26/12/22,5368.69,172.61
27/12/22,5451.29,175.26
28/12/22,5338.65,171.64
29/12/22,5424.7,174.41
30/12/22,5426.87,174.48
31/12/22,5437.5,174.82
01/01/23,5437.5,174.82
02/01/23,5448.13,175.16
03/01/23,5441.93,174.96
04/01/23,5395.11,173.46
05/01/23,5279.18,169.73
06/01/23,5417.87,174.19
07/01/23,5404.69,173.76
08/01/23,5404.69,173.76
09/01/23,5391.51,173.34
10/01/23,5396.36,173.5
11/01/23,5353.35,172.11
12/01/23,5430.99,174.61
13/01/23,5557.48,178.68
14/01/23,5557.67,178.69
15/01/23,5557.67,178.69
16/01/23,5557.86,178.69
17/01/23,5486.15,176.38
18/01/23,5367.76,172.58
19/01/23,5475.79,176.05
20/01/23,5501.16,176.87
21/01/23,5460.62,175.56
22/01/23,5460.62,175.56
23/01/23,5420.08,174.26
24/01/23,5479.86,176.18
25/01/23,5525.55,177.65
26/01/23,5799.02,186.44
27/01/23,5913.42,190.12
28/01/23,6090.57,195.81
29/01/23,6090.57,195.81
30/01/23,6267.72,201.51
31/01/23,6359.39,204.46
01/02/23,6426.66,206.62
02/02/23,6342.35,203.91
03/02/23,6040.89,194.22
04/02/23,6085.27,195.64
05/02/23,6085.27,195.64
06/02/23,6129.65,197.07
07/02/23,6104.89,196.28
08/02/23,6125.88,196.95
09/02/23,5936.08,190.85
10/02/23,5976.12,192.14
11/02/23,5924.99,190.5
12/02/23,5924.99,190.5
13/02/23,5873.86,188.85
14/02/23,5843.87,187.88
15/02/23,5752.46,184.95
16/02/23,5701.77,183.32
17/02/23,5727.95,184.16
18/02/23,5719.15,183.88
19/02/23,5719.15,183.88
20/02/23,5710.35,183.59
21/02/23,5734.79,184.38
22/02/23,5632.03,181.07
23/02/23,5562.66,178.84
24/02/23,5402.14,173.68
25/02/23,5368.68,172.61
26/02/23,5368.68,172.61
27/02/23,5335.23,171.53
28/02/23,5467.43,175.78
01/03/23,5502.38,176.91
02/03/23,5822.11,187.19
03/03/23,5928.58,190.61
04/03/23,5854.39,188.23
05/03/23,5854.39,188.23
06/03/23,5780.19,185.84
07/03/23,5561.69,178.81
08/03/23,5578.69,179.36
09/03/23,5544.66,178.27
10/03/23,5733.08,184.32
11/03/23,5939.84,190.97
12/03/23,5939.84,190.97
13/03/23,6146.59,197.62
14/03/23,6113.56,196.56
15/03/23,6157.89,197.98
16/03/23,6124.81,196.92
17/03/23,6367.2,204.71
18/03/23,6360.8,204.5
19/03/23,6360.8,204.5
20/03/23,6354.39,204.3
21/03/23,6307.77,202.8
22/03/23,6503.22,209.08
23/03/23,6526.99,209.85
24/03/23,6577.64,211.48
25/03/23,6558.82,210.88
26/03/23,6558.82,210.88
27/03/23,6540.0,210.27
28/03/23,6607.55,212.44
29/03/23,6613.18,212.62
30/03/23,6783.23,218.09
31/03/23,6840.86,219.94
01/04/23,6839.38,219.89
02/04/23,6839.38,219.89
03/04/23,6837.89,219.84
04/04/23,7185.73,231.03
05/04/23,7195.41,231.34
06/04/23,7187.61,231.09
07/04/23,7093.18,228.05
08/04/23,7082.41,227.71
09/04/23,7082.41,227.71
10/04/23,7071.64,227.36
11/04/23,7228.81,232.41
12/04/23,7354.67,236.46
13/04/23,7302.65,234.79
14/04/23,7223.46,232.24
15/04/23,7145.78,229.74
16/04/23,7145.78,229.74
17/04/23,7068.11,227.24
18/04/23,7152.58,229.96
19/04/23,7094.94,228.11
20/04/23,7167.37,230.44
21/04/23,7110.46,228.61
22/04/23,7078.77,227.59
23/04/23,7078.77,227.59
24/04/23,7047.08,226.57
25/04/23,7092.41,228.03
26/04/23,7004.81,225.21
27/04/23,7074.61,227.45
28/04/23,7106.68,228.49
29/04/23,7093.9,228.07
30/04/23,7093.9,228.07
01/05/23,7081.11,227.66
02/05/23,7196.34,231.37
03/05/23,7256.55,233.3
04/05/23,7391.28,237.64
05/05/23,7284.3,234.2
06/05/23,7266.59,233.63
07/05/23,7266.59,233.63
08/05/23,7248.88,233.06
09/05/23,7295.78,234.56
10/05/23,7223.74,232.25
11/05/23,7150.29,229.89
12/05/23,7088.21,227.89
13/05/23,6975.71,224.27
14/05/23,6975.71,224.27
15/05/23,6863.21,220.66
16/05/23,6777.25,217.89
17/05/23,6771.73,217.72
18/05/23,6710.3,215.74
19/05/23,6813.99,219.07
20/05/23,6793.49,218.41
21/05/23,6793.49,218.41
22/05/23,6773.0,217.76
23/05/23,6728.98,216.34
24/05/23,6612.33,212.59
25/05/23,6492.99,208.75
26/05/23,6656.38,214.01
27/05/23,6631.97,213.22
28/05/23,6631.97,213.22
29/05/23,6607.56,212.44
30/05/23,6631.0,213.19
31/05/23,6712.1,215.8
01/06/23,6810.51,218.96
02/06/23,6748.17,216.96
03/06/23,6739.85,216.69
04/06/23,6739.85,216.69
05/06/23,6731.53,216.42
06/06/23,6759.52,217.32
07/06/23,6721.02,216.09
08/06/23,6968.7,224.05
09/06/23,6967.14,224.0
10/06/23,6944.52,223.27
11/06/23,6944.52,223.27
12/06/23,6921.89,222.54
13/06/23,6804.69,218.78
14/06/23,6816.18,219.15
15/06/23,6864.76,220.71
16/06/23,6955.4,223.62
17/06/23,6919.77,222.48
18/06/23,6919.77,222.48
19/06/23,6884.14,221.33
20/06/23,6649.35,213.78
21/06/23,6497.55,208.9
22/06/23,6380.83,205.15
23/06/23,6424.19,206.54
24/06/23,6476.31,208.21
25/06/23,6476.31,208.21
26/06/23,6528.44,209.89
27/06/23,6526.52,209.83
28/06/23,6504.54,209.13
29/06/23,6467.23,207.93
30/06/23,6523.89,209.75
01/07/23,6540.94,210.3
02/07/23,6540.94,210.3
03/07/23,6557.99,210.84
04/07/23,6571.73,211.29
05/07/23,6406.24,205.97
06/07/23,6293.89,202.35
07/07/23,6416.59,206.3
08/07/23,6419.53,206.4
09/07/23,6419.53,206.4
10/07/23,6422.47,206.49
11/07/23,6400.34,205.78
12/07/23,6700.95,215.44
13/07/23,6807.53,218.87
14/07/23,6923.35,222.59
15/07/23,6888.65,221.48
16/07/23,6888.65,221.48
17/07/23,6853.94,220.36
18/07/23,7070.44,227.32
19/07/23,7139.33,229.53
20/07/23,7049.43,226.64
21/07/23,7039.83,226.34
22/07/23,7021.76,225.75
23/07/23,7021.76,225.75
24/07/23,7003.69,225.17
25/07/23,7069.97,227.3
26/07/23,7157.0,230.1
27/07/23,6921.53,222.53
28/07/23,6971.84,224.15
29/07/23,7034.55,226.17
30/07/23,7034.55,226.17
31/07/23,7097.26,228.18
01/08/23,6984.31,224.55
02/08/23,6768.67,217.62
03/08/23,6741.97,216.76
04/08/23,6700.88,215.44
05/08/23,6629.03,213.13
06/08/23,6629.03,213.13
07/08/23,6557.18,210.82
08/08/23,6558.2,210.85
09/08/23,6516.2,209.5
10/08/23,6528.98,209.91
11/08/23,6542.19,210.34
12/08/23,6504.38,209.12
13/08/23,6504.38,209.12
14/08/23,6466.57,207.9
15/08/23,6554.22,210.72
16/08/23,6585.39,211.73
17/08/23,6711.29,215.77
18/08/23,6710.81,215.76
19/08/23,6731.36,216.42
20/08/23,6731.36,216.42
21/08/23,6751.91,217.08
22/08/23,6964.03,223.9
23/08/23,7266.72,233.63
24/08/23,7236.39,232.66
25/08/23,7315.57,235.2
26/08/23,7336.03,235.86
27/08/23,7336.03,235.86
28/08/23,7356.49,236.52
29/08/23,7515.21,241.62
30/08/23,7498.75,241.09
31/08/23,7411.89,238.3
01/09/23,7406.14,238.11
02/09/23,7380.54,237.29
03/09/23,7380.54,237.29
04/09/23,7354.94,236.47
05/09/23,7253.25,233.2
06/09/23,7124.37,229.05
07/09/23,7024.48,225.84
08/09/23,6994.11,224.87
09/09/23,6948.03,223.38
10/09/23,6948.03,223.38
11/09/23,6901.95,221.9
12/09/23,6913.32,222.27
13/09/23,6743.46,216.81
14/09/23,6745.51,216.87
15/09/23,6842.56,219.99
16/09/23,6837.44,219.82
17/09/23,6837.44,219.82
18/09/23,6832.31,219.66
19/09/23,6838.68,219.87
20/09/23,6776.75,217.88
21/09/23,6808.41,218.9
22/09/23,6900.14,221.84
23/09/23,6809.72,218.94
24/09/23,6809.72,218.94
25/09/23,6719.29,216.03
26/09/23,6579.76,211.54
27/09/23,6523.8,209.75
28/09/23,6504.99,209.14
29/09/23,6382.58,205.2
30/09/23,6209.9,199.65
01/10/23,6209.9,199.65
02/10/23,6037.22,194.1
03/10/23,6047.23,194.42
04/10/23,5974.46,192.08
05/10/23,5951.66,191.35
06/10/23,6124.89,196.92
07/10/23,6141.6,197.45
08/10/23,6141.6,197.45
09/10/23,6158.32,197.99
10/10/23,6124.64,196.91
11/10/23,6155.07,197.89
12/10/23,6077.2,195.39
13/10/23,6301.75,202.61
14/10/23,6279.56,201.9
15/10/23,6279.56,201.9
16/10/23,6257.37,201.18
17/10/23,6299.97,202.55
18/10/23,6313.79,202.99
19/10/23,6385.58,205.3
20/10/23,6506.65,209.19
21/10/23,6455.28,207.54
22/10/23,6455.28,207.54
23/10/23,6403.92,205.89
24/10/23,6406.83,205.98
25/10/23,6355.05,204.32
26/10/23,6388.2,205.39
27/10/23,6420.0,206.41
28/10/23,6467.67,207.94
29/10/23,6467.67,207.94
30/10/23,6515.34,209.47
31/10/23,6424.08,206.54
01/11/23,6430.09,206.73
02/11/23,6432.09,206.8
03/11/23,6550.18,210.59
04/11/23,6560.07,210.91
05/11/23,6560.07,210.91
06/11/23,6569.95,211.23
07/11/23,6420.69,206.43
08/11/23,6476.47,208.22
09/11/23,6465.39,207.87
10/11/23,6310.43,202.88
11/11/23,6322.83,203.28
12/11/23,6322.83,203.28
13/11/23,6335.23,203.68
14/11/23,6643.87,213.61
15/11/23,6758.42,217.29
16/11/23,6832.99,219.69
17/11/23,6841.39,219.96
18/11/23,6772.86,217.75
19/11/23,6772.86,217.75
20/11/23,6704.33,215.55
21/11/23,6780.6,218.0
22/11/23,6733.2,216.48
23/11/23,6677.12,214.67
24/11/23,6952.6,223.53
25/11/23,6976.17,224.29
26/11/23,6976.17,224.29
27/11/23,6999.74,225.05
28/11/23,7148.55,229.83
29/11/23,7149.98,229.88
30/11/23,7204.23,231.62
01/12/23,7265.25,233.58
02/12/23,7076.57,227.51
03/12/23,7076.57,227.51
04/12/23,6887.9,221.45
05/12/23,6874.86,221.03
06/12/23,6805.81,218.81
07/12/23,6764.84,217.49
08/12/23,6537.42,210.18
09/12/23,6510.85,209.32
10/12/23,6510.85,209.32
11/12/23,6484.28,208.47
12/12/23,6458.18,207.64
13/12/23,6752.45,217.1
14/12/23,6852.34,220.31
15/12/23,6766.29,217.54
16/12/23,6712.39,215.81
17/12/23,6712.39,215.81
18/12/23,6658.48,214.08
19/12/23,6752.52,217.1
20/12/23,6829.71,219.58
21/12/23,6904.23,221.98
22/12/23,6757.3,217.25
23/12/23,6760.24,217.34
24/12/23,6760.24,217.34
25/12/23,6763.18,217.44
26/12/23,6844.27,220.05
27/12/23,6842.32,219.99
28/12/23,6761.51,217.39
29/12/23,6619.77,212.83
30/12/23,6628.85,213.12
31/12/23,6628.85,213.12
01/01/24,6637.93,213.41
02/01/24,6668.54,214.4
03/01/24,6480.11,208.34
04/01/24,6480.65,208.36
05/01/24,6528.69,209.9
06/01/24,6512.86,209.39
07/01/24,6512.86,209.39
08/01/24,6497.03,208.88
09/01/24,6460.68,207.72
10/01/24,6439.71,207.04
11/01/24,6396.49,205.65
12/01/24,6506.69,209.19
13/01/24,6502.42,209.06
14/01/24,6502.42,209.06
15/01/24,6498.15,208.92
16/01/24,6426.06,206.6
17/01/24,6313.38,202.98
18/01/24,6315.96,203.06
19/01/24,6334.04,203.64
20/01/24,6255.74,201.12
21/01/24,6255.74,201.12
22/01/24,6177.43,198.61
23/01/24,6275.77,201.77
24/01/24,6345.91,204.03
25/01/24,6417.36,206.32
26/01/24,6379.14,205.09
27/01/24,6408.03,206.02
28/01/24,6408.03,206.02
29/01/24,6436.92,206.95
30/01/24,6473.45,208.13
31/01/24,6404.62,205.91
01/02/24,6479.73,208.33
02/02/24,6344.0,203.96
03/02/24,6276.4,201.79
04/02/24,6276.4,201.79
05/02/24,6208.79,199.62
06/02/24,6271.35,201.63
07/02/24,6205.11,199.5
08/02/24,6310.47,202.89
09/02/24,6316.54,203.08
10/02/24,6329.29,203.49
11/02/24,6329.29,203.49
12/02/24,6342.04,203.9
13/02/24,6177.98,198.63
14/02/24,6249.31,200.92
15/02/24,6404.97,205.92
16/02/24,6544.91,210.42
17/02/24,6453.36,207.48
18/02/24,6453.36,207.48
19/02/24,6361.82,204.54
20/02/24,6432.97,206.82
21/02/24,6395.21,205.61
22/02/24,6361.51,204.53
23/02/24,6419.83,206.4
24/02/24,6353.49,204.27
25/02/24,6353.49,204.27
26/02/24,6287.16,202.14
27/02/24,6276.13,201.78
28/02/24,6258.49,201.22
29/02/24,6297.15,202.46
01/03/24,6466.09,207.89
02/03/24,6571.47,211.28
03/03/24,6571.47,211.28
04/03/24,6676.84,214.67
05/03/24,6614.03,212.65
06/03/24,6752.87,217.11
07/03/24,6770.6,217.68
08/03/24,6798.84,218.59
09/03/24,6815.03,219.11
10/03/24,6815.03,219.11
11/03/24,6831.22,219.63
12/03/24,6736.88,216.6
13/03/24,6977.88,224.34
14/03/24,6920.45,222.5
15/03/24,7022.35,225.77
16/03/24,7000.06,225.06
17/03/24,7000.06,225.06
18/03/24,6977.76,224.34
19/03/24,6943.13,223.23
20/03/24,7124.25,229.05
21/03/24,6885.08,221.36
22/03/24,6867.9,220.81
23/03/24,6865.29,220.72
24/03/24,6865.29,220.72
25/03/24,6862.68,220.64
26/03/24,6797.38,218.54
27/03/24,6852.83,220.32
28/03/24,6938.94,223.09
29/03/24,6937.84,223.06
30/03/24,6953.86,223.57
31/03/24,6953.86,223.57
01/04/24,6969.88,224.09
02/04/24,7261.49,233.46
03/04/24,7533.82,242.22
04/04/24,7480.63,240.51
05/04/24,7640.27,245.64
06/04/24,7687.91,247.17
07/04/24,7687.91,247.17
08/04/24,7735.55,248.7
09/04/24,7826.71,251.63
10/04/24,7762.63,249.57
11/04/24,7910.09,254.32
12/04/24,7766.75,249.71
13/04/24,7896.99,253.89
14/04/24,7896.99,253.89
15/04/24,8027.23,258.08
16/04/24,7824.19,251.55
17/04/24,7845.32,252.23
18/04/24,7859.79,252.7
19/04/24,7989.12,256.86
20/04/24,7779.93,250.13
21/04/24,7779.93,250.13
22/04/24,7570.74,243.41
23/04/24,7604.02,244.48
24/04/24,7564.89,243.22
25/04/24,7641.05,245.67
26/04/24,7563.25,243.16
27/04/24,7559.98,243.06
28/04/24,7559.98,243.06
29/04/24,7556.71,242.95
30/04/24,7317.98,235.28
01/05/24,7416.5,238.45
02/05/24,7426.88,238.78
03/05/24,7396.97,237.82
04/05/24,7517.02,241.68
05/05/24,7517.02,241.68
06/05/24,7637.08,245.54
07/05/24,7577.62,243.63
08/05/24,7605.21,244.51
09/05/24,7891.45,253.72
10/05/24,7835.07,251.9
11/05/24,7841.57,252.11
12/05/24,7841.57,252.11
13/05/24,7848.06,252.32
14/05/24,7958.53,255.87
15/05/24,8256.19,265.44
16/05/24,8239.21,264.9
17/05/24,8752.97,281.41
18/05/24,8801.97,282.99
19/05/24,8801.97,282.99
20/05/24,8850.97,284.57
21/05/24,8902.81,286.23
22/05/24,8574.35,275.67
23/05/24,8388.01,269.68
24/05/24,8440.03,271.35
25/05/24,8627.89,277.39
26/05/24,8627.89,277.39
27/05/24,8815.74,283.43
28/05/24,8946.13,287.62
29/05/24,8906.61,286.35
30/05/24,8673.65,278.86
31/05/24,8466.49,272.2
01/06/24,8512.58,273.69
02/06/24,8512.58,273.69
03/06/24,8558.68,275.17
04/06/24,8209.78,263.95
05/06/24,8356.04,268.65
06/06/24,8718.67,280.31
07/06/24,8127.86,261.32
08/06/24,8195.53,263.5
09/06/24,8195.53,263.5
10/06/24,8263.2,265.67
11/06/24,8161.27,262.39
12/06/24,8276.37,266.09
13/06/24,8069.25,259.43
14/06/24,8237.61,264.85
15/06/24,8221.87,264.34
16/06/24,8221.87,264.34
17/06/24,8206.12,263.83
18/06/24,8228.06,264.54
19/06/24,8292.85,266.62
20/06/24,8559.91,275.21
21/06/24,8227.59,264.52
22/06/24,8233.24,264.7
23/06/24,8233.24,264.7
24/06/24,8238.9,264.89
25/06/24,8055.08,258.98
26/06/24,8012.73,257.62
27/06/24,8071.57,259.51
28/06/24,8116.06,260.94
29/06/24,8158.6,262.31
30/06/24,8158.6,262.31
01/07/24,8201.14,263.67
02/07/24,8218.85,264.24
03/07/24,8489.86,272.96
04/07/24,8468.36,272.26
05/07/24,8678.38,279.02
06/07/24,8622.38,277.22
07/07/24,8622.38,277.22
08/07/24,8566.39,275.42
09/07/24,8578.27,275.8
10/07/24,8582.42,275.93
11/07/24,8757.56,281.56
12/07/24,8558.48,275.16
13/07/24,8543.1,274.67
14/07/24,8543.1,274.67
15/07/24,8527.72,274.17
16/07/24,8708.26,279.98
17/07/24,8444.57,271.5
18/07/24,8298.23,266.79
19/07/24,8133.04,261.48
20/07/24,8119.18,261.03
21/07/24,8119.18,261.03
22/07/24,8105.31,260.59
23/07/24,8135.62,261.57
24/07/24,8050.16,258.82
25/07/24,7753.61,249.28
26/07/24,7765.49,249.67
27/07/24,7764.44,249.63
28/07/24,7764.44,249.63
29/07/24,7763.39,249.6
30/07/24,7915.35,254.48
31/07/24,8085.82,259.97
01/08/24,7947.2,255.51
02/08/24,7967.4,256.16
03/08/24,7777.92,250.06
04/08/24,7777.92,250.06
05/08/24,7588.45,243.97
06/08/24,7521.29,241.82
07/08/24,7412.87,238.33
08/08/24,7670.14,246.6
09/08/24,7655.77,246.14
10/08/24,7724.22,248.34
11/08/24,7724.22,248.34
12/08/24,7792.66,250.54
13/08/24,7759.98,249.49
14/08/24,7679.77,246.91
15/08/24,7904.19,254.13
16/08/24,8081.51,259.83
17/08/24,8140.84,261.74
18/08/24,8140.84,261.74
19/08/24,8200.16,263.64
20/08/24,8184.56,263.14
21/08/24,8248.38,265.19
22/08/24,8080.06,259.78
23/08/24,8311.66,267.23
24/08/24,8320.83,267.52
25/08/24,8320.83,267.52
26/08/24,8329.99,267.82
27/08/24,8345.95,268.33
28/08/24,8117.01,260.97
29/08/24,8208.53,263.91
30/08/24,8037.62,258.42
31/08/24,7994.32,257.02
01/09/24,7994.32,257.02
02/09/24,7951.03,255.63
03/09/24,7815.11,251.26
04/09/24,7838.25,252.01
05/09/24,8028.04,258.11
06/09/24,7781.71,250.19
07/09/24,7841.38,252.11
08/09/24,7841.38,252.11
09/09/24,7901.05,254.02
10/09/24,7916.28,254.51
11/09/24,7985.84,256.75
12/09/24,8319.85,267.49
13/09/24,8558.52,275.16
14/09/24,8554.83,275.05
15/09/24,8554.83,275.05
16/09/24,8551.13,274.93
17/09/24,8556.54,275.1
18/09/24,8367.79,269.03
19/09/24,8571.33,275.57
20/09/24,8663.95,278.55
21/09/24,8597.24,276.4
22/09/24,8597.24,276.4
23/09/24,8530.53,274.26
24/09/24,8922.13,286.85
25/09/24,8837.13,284.12
26/09/24,8891.54,285.87
27/09/24,8784.48,282.43
28/09/24,8719.96,280.36
29/09/24,8719.96,280.36
30/09/24,8655.44,278.28
01/10/24,8722.63,280.44
02/10/24,8836.89,284.11
03/10/24,8894.8,285.97
04/10/24,8936.28,287.31
05/10/24,8864.45,285.0
06/10/24,8864.45,285.0
07/10/24,8792.62,282.69
08/10/24,8514.33,273.74
09/10/24,8468.0,272.25
10/10/24,8652.07,278.17
11/10/24,8755.98,281.51
12/10/24,8710.48,280.05
13/10/24,8710.48,280.05
14/10/24,8664.98,278.59
15/10/24,8751.66,281.37
16/10/24,8795.08,282.77
17/10/24,8801.62,282.98
18/10/24,9360.73,300.95
19/10/24,9370.25,301.26
20/10/24,9370.25,301.26
21/10/24,9379.77,301.57
22/10/24,9677.67,311.14
23/10/24,9357.87,300.86
24/10/24,9356.08,300.81
25/10/24,9371.07,301.29
26/10/24,9369.92,301.25
27/10/24,9369.92,301.25
28/10/24,9368.77,301.21
29/10/24,9571.52,307.73
30/10/24,9386.93,301.8
31/10/24,9073.28,291.71
01/11/24,9015.53,289.86
02/11/24,9017.62,289.93
03/11/24,9017.62,289.93
04/11/24,9019.71,289.99
05/11/24,9076.01,291.8
06/11/24,8663.93,278.55
07/11/24,8903.79,286.26
08/11/24,8704.21,279.85
09/11/24,8616.63,277.04
10/11/24,8616.63,277.04
11/11/24,8529.06,274.22
12/11/24,8541.47,274.61
13/11/24,8429.51,271.01
14/11/24,8468.53,272.27
15/11/24,8400.59,270.09
16/11/24,8529.42,274.23
17/11/24,8529.42,274.23
18/11/24,8658.24,278.37
19/11/24,8676.39,278.95
20/11/24,8580.09,275.86
21/11/24,8560.32,275.22
22/11/24,8706.94,279.93
23/11/24,8565.42,275.38
24/11/24,8565.42,275.38
25/11/24,8423.9,270.83
26/11/24,8440.51,271.37
27/11/24,8365.69,268.96
28/11/24,8401.98,270.13
29/11/24,8514.31,273.74
30/11/24,8495.42,273.13
01/12/24,8495.42,273.13
02/12/24,8476.54,272.53
03/12/24,8624.26,277.28
04/12/24,8700.62,279.73
05/12/24,8709.1,280.0
06/12/24,8612.67,276.9
07/12/24,8733.57,280.79
08/12/24,8733.57,280.79
09/12/24,8854.47,284.68
10/12/24,8874.61,285.33
11/12/24,8862.97,284.95
12/12/24,8621.93,277.2
13/12/24,8492.69,273.05
14/12/24,8489.72,272.95
15/12/24,8489.72,272.95
16/12/24,8486.74,272.85
17/12/24,8494.91,273.12
18/12/24,8165.98,262.54
19/12/24,8083.55,259.89
20/12/24,8207.31,263.87
21/12/24,8239.57,264.91
22/12/24,8239.57,264.91
23/12/24,8271.83,265.95
24/12/24,8241.8,264.98
25/12/24,8233.84,264.72
26/12/24,8274.18,266.02
27/12/24,8174.26,262.81
28/12/24,8115.03,260.9
29/12/24,8115.03,260.9
30/12/24,8055.81,259.0
31/12/24,8035.24,258.34
01/01/25,8035.24,258.34
02/01/25,8236.42,264.81
03/01/25,8248.78,265.2
04/01/25,8298.04,266.78
05/01/25,8298.04,266.78
06/01/25,8347.3,268.37
07/01/25,8370.6,269.12
08/01/25,8393.32,269.85
09/01/25,8392.62,269.83
10/01/25,8468.15,272.26
11/01/25,8362.22,268.86
12/01/25,8362.22,268.86
13/01/25,8256.28,265.45
14/01/25,8339.39,268.12
15/01/25,8541.55,274.62
16/01/25,8595.07,276.34
17/01/25,8457.87,271.93
18/01/25,8488.6,272.91
19/01/25,8488.6,272.91
20/01/25,8519.34,273.9
21/01/25,8595.93,276.37
22/01/25,8591.21,276.21
23/01/25,8489.33,272.94
24/01/25,8522.37,274.0
25/01/25,8472.46,272.39
26/01/25,8472.46,272.39
27/01/25,8422.54,270.79
28/01/25,8486.3,272.84
29/01/25,8598.85,276.46
30/01/25,8815.05,283.41
31/01/25,8729.98,280.68
01/02/25,8768.85,281.93
02/02/25,8768.85,281.93
03/02/25,8807.72,283.17
04/02/25,8967.07,288.3
05/02/25,9012.07,289.74
06/02/25,8992.89,289.13
07/02/25,8880.96,285.53
08/02/25,8911.5,286.51
09/02/25,8911.5,286.51
10/02/25,8942.04,287.49
11/02/25,8878.53,285.45
12/02/25,8996.18,289.23
13/02/25,9039.44,290.62
14/02/25,8976.77,288.61
15/02/25,9012.61,289.76
16/02/25,9012.61,289.76
17/02/25,9048.46,290.91
18/02/25,9196.9,295.69
19/02/25,9147.31,294.09
20/02/25,9210.81,296.13
21/02/25,9083.46,292.04
22/02/25,9068.35,291.56
23/02/25,9068.35,291.56
24/02/25,9053.25,291.07
25/02/25,8877.7,285.42
26/02/25,8918.6,286.74
27/02/25,8742.34,281.07
28/02/25,8714.77,280.19
01/03/25,8786.5,282.5
02/03/25,8786.5,282.5
03/03/25,8858.23,284.8
04/03/25,8937.15,287.34
05/03/25,9134.51,293.68
06/03/25,9133.17,293.64
07/03/25,9111.16,292.93
08/03/25,9262.4,297.8
09/03/25,9262.4,297.8
10/03/25,9413.63,302.66
11/03/25,9223.43,296.54
12/03/25,9312.27,299.4
13/03/25,9486.6,305.0
14/03/25,9451.52,303.87
15/03/25,9469.63,304.46
16/03/25,9469.63,304.46
17/03/25,9487.74,305.04
18/03/25,9534.64,306.55
19/03/25,9471.47,304.51
20/03/25,9408.75,302.5
21/03/25,9257.45,297.63
22/03/25,9258.51,297.66
23/03/25,9258.51,297.66
24/03/25,9259.56,297.7
25/03/25,9455.08,303.99
26/03/25,9429.08,303.15
27/03/25,9636.05,309.81
28/03/25,9554.2,307.17
29/03/25,9554.35,307.18
30/03/25,9554.35,307.18
31/03/25,9554.51,307.18
01/04/25,9450.31,303.83
02/04/25,9522.95,306.17
03/04/25,8930.99,287.14
04/04/25,8300.13,266.86
05/04/25,8369.88,269.1
06/04/25,8369.88,269.1
07/04/25,8439.62,271.34
08/04/25,8365.25,268.95
09/04/25,8697.37,279.63
10/04/25,8739.09,280.97
11/04/25,9047.49,290.88
12/04/25,9062.03,291.35
13/04/25,9062.03,291.35
14/04/25,9076.57,291.82
15/04/25,9081.04,291.96
16/04/25,9183.66,295.26
17/04/25,9116.73,293.11
18/04/25,9116.73,293.11
19/04/25,9141.88,293.92
20/04/25,9141.88,293.92
21/04/25,9167.03,294.73
22/04/25,9120.03,293.22
23/04/25,9428.57,303.14
24/04/25,9432.36,303.26
25/04/25,9299.3,298.98
26/04/25,9310.81,299.35
27/04/25,9310.81,299.35
28/04/25,9322.33,299.72
29/04/25,9261.13,297.75
30/04/25,9167.81,294.75
01/05/25,9136.78,293.75
02/05/25,9035.14,290.49
03/05/25,9092.91,292.35
04/05/25,9092.91,292.35
05/05/25,9150.68,294.2
06/05/25,9367.74,301.18
07/05/25,9148.75,294.14
08/05/25,9144.42,294.0
09/05/25,9228.54,296.7
10/05/25,9193.96,295.59
11/05/25,9193.96,295.59
12/05/25,9159.38,294.48
13/05/25,9251.44,297.44
14/05/25,9053.89,291.09
15/05/25,9195.62,295.65
16/05/25,9085.96,292.12
17/05/25,9115.18,293.06
18/05/25,9115.18,293.06
19/05/25,9144.41,294.0
20/05/25,9353.97,300.74
21/05/25,9413.35,302.65
22/05/25,9309.71,299.31
23/05/25,9443.83,303.63
24/05/25,9443.69,303.62
25/05/25,9443.69,303.62
26/05/25,9443.56,303.62
27/05/25,9414.29,302.68
28/05/25,9328.11,299.91
29/05/25,9400.2,302.22
30/05/25,9292.73,298.77
31/05/25,9541.91,306.78
01/06/25,9541.91,306.78
02/06/25,9791.09,314.79
03/06/25,9773.66,314.23
04/06/25,9731.93,312.89
05/06/25,10060.0,323.45
06/06/25,10153.0,326.41
07/06/25,10262.0,329.92
08/06/25,10262.0,329.92
09/06/25,10371.0,333.43
10/06/25,10307.0,331.39
11/06/25,10236.0,329.08
12/06/25,10255.0,329.7
13/06/25,10276.0,330.39
14/06/25,10279.0,330.49
15/06/25,10279.0,330.49
16/06/25,10282.0,330.59
17/06/25,10519.0,338.19
18/06/25,10413.0,334.79
19/06/25,10316.0,331.66
20/06/25,10227.0,328.79
21/06/25,10233.0,328.99
22/06/25,10233.0,328.99
23/06/25,10239.0,329.19
24/06/25,10229.0,328.87
25/06/25,10312.0,331.54
26/06/25,10389.0,334.02
27/06/25,10211.0,328.29
28/06/25,10228.5,328.85
29/06/25,10228.5,328.85
30/06/25,10246.0,329.41
01/07/25,10226.0,328.76
02/07/25,10408.0,334.62
03/07/25,10461.0,336.33
04/07/25,10481.0,336.98
05/07/25,10467.0,336.52
06/07/25,10467.0,336.52
07/07/25,10453.0,336.07
08/07/25,10444.0,335.78
09/07/25,10347.0,332.68
10/07/25,10534.0,338.68
11/07/25,10927.0,351.3
12/07/25,10889.5,350.1
13/07/25,10889.5,350.1
14/07/25,10852.0,348.89
15/07/25,10735.0,345.14
16/07/25,10804.0,347.37
17/07/25,10866.0,349.35
18/07/25,10891.0,350.15
19/07/25,10998.5,353.61
20/07/25,10998.5,353.61
21/07/25,11106.0,357.07
22/07/25,11198.0,360.04
23/07/25,11201.0,360.13
24/07/25,11123.0,357.63
25/07/25,10829.0,348.17
26/07/25,10819.5,347.86
27/07/25,10819.5,347.86
28/07/25,10810.0,347.55
29/07/25,10817.0,347.77
30/07/25,10530.0,338.54
31/07/25,10411.0,334.73
01/08/25,10488.0,337.18
02/08/25,10541.0,338.9
03/08/25,10541.0,338.9
04/08/25,10594.0,340.62
05/08/25,10712.0,344.39
06/08/25,10722.0,344.72
07/08/25,10860.0,349.16
08/08/25,10869.0,349.46
09/08/25,10777.0,346.5
10/08/25,10777.0,346.5
11/08/25,10685.0,343.53
12/08/25,10763.0,346.05
13/08/25,10935.0,351.56
14/08/25,10766.0,346.13
15/08/25,10719.0,344.62
16/08/25,10725.0,344.81
17/08/25,10725.0,344.81
18/08/25,10731.0,345.01
19/08/25,10583.0,340.24
20/08/25,10740.0,345.28
21/08/25,10794.0,347.04
22/08/25,11029.0,354.6
23/08/25,10969.5,352.69
24/08/25,10969.5,352.69
25/08/25,10910.0,350.77
26/08/25,10919.0,351.06
27/08/25,10918.0,351.02
28/08/25,11081.0,356.27
29/08/25,11197.0,359.99
30/08/25,11367.5,365.47
31/08/25,11367.5,365.47
01/09/25,11538.0,370.95
02/09/25,11570.0,371.99
03/09/25,11656.0,374.76
04/09/25,11544.0,371.15
05/09/25,11642.0,374.29
06/09/25,11668.5,375.15
07/09/25,11668.5,375.15
08/09/25,11695.0,376.01
09/09/25,11542.0,371.07
10/09/25,11644.0,374.37
11/09/25,11757.0,378.0
12/09/25,11877.0,381.86
13/09/25,11957.5,384.45
14/09/25,11957.5,384.45
15/09/25,12038.0,387.04
16/09/25,11985.0,385.31
17/09/25,11788.0,379.0
18/09/25,11833.0,380.44
19/09/25,12231.0,393.24
20/09/25,12367.0,397.61
21/09/25,12367.0,397.61
22/09/25,12503.0,401.98
23/09/25,12451.0,400.31
24/09/25,12419.0,399.29
25/09/25,12776.0,410.77
26/09/25,12960.0,416.67
27/09/25,13112.5,421.58
28/09/25,13112.5,421.58
29/09/25,13265.0,426.48
30/09/25,13184.0,423.87
01/10/25,13355.0,429.37
02/10/25,13275.0,426.8
03/10/25,13505.0,434.2
04/10/25,13605.0,437.42
05/10/25,13605.0,437.42
06/10/25,13705.0,440.64
07/10/25,13516.0,434.54
08/10/25,13810.0,443.99
09/10/25,13905.0,447.05
10/10/25,14137.0,454.5
11/10/25,14485.5,465.72
12/10/25,14485.5,465.72
13/10/25,14834.0,476.93
14/10/25,14608.0,469.67
15/10/25,14914.0,479.49
16/10/25,15188.0,488.31
17/10/25,14735.0,473.74
18/10/25,14791.0,475.54
19/10/25,14791.0,475.54
20/10/25,14847.0,477.34
21/10/25,13737.0,441.64
22/10/25,13690.0,440.14
23/10/25,13790.0,443.37
24/10/25,13657.0,439.1
25/10/25,13450.0,432.44
26/10/25,13450.0,432.44
27/10/25,13243.0,425.77
28/10/25,13291.0,427.3
29/10/25,13430.0,431.78
30/10/25,13803.0,443.79
31/10/25,13673.0,439.58
01/11/25,13630.0,438.21
02/11/25,13630.0,438.21
03/11/25,13587.0,436.84
04/11/25,13334.0,428.68
05/11/25,13571.0,436.31
06/11/25,13576.0,436.48
07/11/25,13653.0,438.94
08/11/25,13971.5,449.18
09/11/25,13971.5,449.18
10/11/25,14290.0,459.42
11/11/25,14478.0,465.48
12/11/25,15060.0,484.18
13/11/25,14733.0,473.69
14/11/25,14301.0,459.8
15/11/25,14226.0,457.38
16/11/25,14226.0,457.38
17/11/25,14151.0,454.96
18/11/25,14286.0,459.32
19/11/25,14478.0,465.47
20/11/25,14316.0,460.26
21/11/25,14034.0,451.19
22/11/25,14244.5,457.97
23/11/25,14244.5,457.97
24/11/25,14455.0,464.75
25/11/25,14483.0,465.65
26/11/25,15031.0,483.27
27/11/25,15085.0,484.99
28/11/25,15910.0,511.52
29/11/25,16127.5,518.5
30/11/25,16127.5,518.5
01/12/25,16345.0,525.49
02/12/25,16469.0,529.5
03/12/25,16483.0,529.95
04/12/25,16100.0,517.61
05/12/25,16374.0,526.43
06/12/25,16406.5,527.47
07/12/25,16406.5,527.47
08/12/25,16439.0,528.51
09/12/25,17016.0,547.07
10/12/25,17389.0,559.07
11/12/25,17850.0,573.88
12/12/25,17363.0,558.24
13/12/25,17662.0,567.85
14/12/25,17662.0,567.85
15/12/25,17961.0,577.45
16/12/25,17864.0,574.34
17/12/25,18547.0,596.29
18/12/25,18358.0,590.24
19/12/25,18820.0,605.08
20/12/25,19079.5,613.41
21/12/25,19079.5,613.41
22/12/25,19339.0,621.75
23/12/25,20021.0,643.69
24/12/25,20147.0,647.75
25/12/25,20145.0,647.67
26/12/25,22212.0,714.14
27/12/25,21213.5,682.03
28/12/25,21213.5,682.03
29/12/25,20215.0,649.92
30/12/25,21359.0,686.69
31/12/25,20027.0,643.88
01/01/26,20027.0,643.88
02/01/26,20394.0,655.69
03/01/26,20927.0,672.83
04/01/26,20927.0,672.83
05/01/26,21460.0,689.97
06/01/26,22745.0,731.28
07/01/26,21899.0,704.06
08/01/26,21683.0,697.14
09/01/26,22373.0,719.32
10/01/26,23114.5,743.14
11/01/26,23114.5,743.14
12/01/26,23856.0,766.97
13/01/26,24340.0,782.54
14/01/26,26103.0,839.24
15/01/26,25854.0,831.21
16/01/26,25230.0,811.17
17/01/26,25808.5,829.76
18/01/26,25808.5,829.76
19/01/26,26387.0,848.36
20/01/26,26446.0,850.27
21/01/26,26047.0,837.42
22/01/26,26906.0,865.05
23/01/26,28893.0,928.94
24/01/26,28949.5,930.75
25/01/26,28949.5,930.75
26/01/26,29006.0,932.56
27/01/26,31356.0,1008.13
28/01/26,32605.0,1048.28
29/01/26,32485.0,1044.42
30/01/26,23702.0,762.03
31/01/26,22947.0,737.75
01/02/26,22947.0,737.75
02/02/26,22192.0,713.47
03/02/26,23808.0,765.45
04/02/26,24586.0,790.46
05/02/26,20018.0,643.6
06/02/26,21912.0,704.49
07/02/26,22603.0,726.7
08/02/26,22603.0,726.7
09/02/26,23294.0,748.92
10/02/26,22596.0,726.49
11/02/26,23620.0,759.41
12/02/26,20992.0,674.91
13/02/26,21643.0,695.85
14/02/26,21534.0,692.34
15/02/26,21534.0,692.34
16/02/26,21425.0,688.83
17/02/26,20556.0,660.9
18/02/26,21575.0,693.65
19/02/26,21965.0,706.19
20/02/26,23685.0,761.48
21/02/26,24130.0,775.79
22/02/26,24130.0,775.79
23/02/26,24575.0,790.09
24/02/26,24373.0,783.62
25/02/26,24868.0,799.52
26/02/26,24670.0,793.17
27/02/26,26198.0,842.28
28/02/26,25591.0,822.76
01/03/26,25591.0,822.76
02/03/26,24984.0,803.25
03/03/26,22916.0,736.76
04/03/26,23338.0,750.34
05/03/26,22981.0,738.85
06/03/26,23643.0,760.13
